Company,Date,Time,Vehicle 1 Year,Vehicle Make,Vehicle Model,Address,City,County,Zip Code,Vehicle 1 Status,Vehicle 2 Status,Vehicles Involved,Describe Veh Damage,Mode,Weather,Lighting,Roadway Surface,Roadway Condition,Mov Proceed Col Veh 1,Mov Proceed Col Veh 2,Collision Type,Vehicle type,Location,Fault,Number of injuries,Injuries,Description,Damaged Area,Latitude,Longitude,Census Tract Code,Census Block Code,Census Block Group,Median Age,Population,White,Black,Asian,Hispanic,Other,Median Income
Delphi,10/14/14,7:27 PM,2014,Audi ,SQ5,San Antonio Road (600 Block),Palo Alto,Santa Clara,94303,Stopped in Traffic,Moving,2,Moderate,Conventional,Unknown,Unknown,Unknown,Unknown,Unknown,Unknown,Side Swipe,Compact Car,Straight Road,Vehicle 2,0,None,"The Audi, in conventional mode, transitioned from Byron to San Antonio E/B and waited in the merge pocket for traffic to clear. After approximately 20 seconds of waiting stationary for traffic to clear, a Honda was observed to the left coming over the elevated center island. The Honda hit the right front of Audi and continued to go over another center island at 25-30 mph. Honda came to a stop approximately 75-100 yards from impact heading W/B in the E/B lane. Audi vehicle damage includes right fender, front bumper/fascia.

As reported in the attached Traffic Collision Report, 14-5925, the driver of the Honda was determined to have caused the accident by making an unsafe turning movement in violation of CVC 22107 and was served with a notice of priority reexamination of his driver's license. Attachment: Traffic Collision Report 14-5925
","1, 15, 16, 17, 18",37.468827,-122.141075,612002,1005,1,,,,,,,0,
Waymo LLC,2/26/15,12:00 AM,Unknown,Lexus,RX450h,El Camino Real and View St. ,Mountain View,Santa Clara,94040,Moving,Moving,2,Unknown,Conventional,Unknown,Unknown,Unknown,Unknown,Unknown,Unknown,Rear End,Mid-Sized Car,Intersection,Vehicle 2,0,None,"The Lexus AV was traveling northbound on El Camino Real in Autonomous Mode when an Audi sedan traveling wesrbound on View St. failed to come to a stop at the stop-sign at the intersection of El Camino Real and View St. The Audi rolled through the stop-sign and struck the right rear quarter panel and right rear wheel of the Lexus AV. Prior to the collision, the Lexus AV's autonomus tech began applying the brakes in response to its detection of the Audi's speed and trajectory. Just before the collisions, the driver of the Lexus AV disengaged Autonomous Mode and took maual control of the vehicle in response to the application of the brakes by the Lexus AV's autonomous technology. ","9, 10, 11",37.683107,-122.463616,601601,1004,1,,,,,,,0,
Waymo LLC,4/7/15,12:00 AM,2011,Lexus,RX450h,Castro St and El Camino,Mountain View,Santa Clara,94040,Moving,Moving,2,Minor,Autonomous,Unknown,Unknown,Unknown,Unknown,Unknown,Unknown,Side Swipe,Compact Car,Intersection,Vehicle 2,0,None,"The above identified Google Lexus autonomous vehicle (Google AV) was invilved in an accident in Mountain View when traveling northbound on Castro St. and making a right turn onto El Camino eastbound. The Google AV was operating in Autonomous Mode at the time of the accident. The Google AV was traveling northbound in the rightmost lane of Castro St. and came to a complete stop for a red light at the intersections of Castro St. and El Camino Real. The Google AV then proceeded to make a right turn on red by creepijng forward to obtain a better field of view of cross traffic on El Caminon Real and came to a stop in order to yeiled to the approaching vehicle. The Google AV was just starting to move (<1 MPH) when the vehicle following immediately behind it, which was also attempting to make a right turn onto El Camino Real, failed ot brake sufficeiently and struck the Google AV 's bumper at approximately 5 MPH. All occupants of both vehicles involved were uninjured in the collision. The Google AV sustained minimal body damage, and the other vehicle sustained no visible body damage. ","7, 8, 9",37.385699,-122.08397,509802,1000,1,,,,,,,0,
Waymo LLC,4/27/15,4:27 PM,2015,Lexus,RX450h,California St and Shoreline Blvd,Mountain View,Santa Clara,94043,Stopped in Traffic,Moving,2,None,Autonomous,Unknown,Unknown,Unknown,Unknown,Unknown,Unknown,Side Swipe,Mid-Sized Car,Intersection,Vehicle 2,0,None,"Lexus RX450H (the ""AV"") in autonomous mode heading southbound on California st in Mountain View, was stopped for a red light in hte right lane (lane 2) at the intersection of California St. and Shoreline Blvd. A Toyota Camry immediately behind the AV attemoted to pass the AV on its right in the bike lane, in order to make a right turn onto Shoreline Blvd. While passing the AV, the Toyota's driver's side mirror brushed one of the AV's sensors located on the passenger's side of the AV, Neither vehicle was damaged. ",15,37.392989,-122.08496,509600,2026,2,,,,,,,0,
Waymo LLC,5/30/15,12:00 PM,2011,Lexus,RX450h,720 Shoreline blvd,Mountain View,Santa Clara,94041,Stopped in Traffic,Moving,2,Minor,Autonomous,Unknown,Unknown,Unknown,Unknown,Unknown,Unknown,Rear End,Mid-Sized Car,Intersection,Vehicle 2,0,None,"A Google Lexus model autonomous vehicle (""google AV"") was traveling southbound on Shoreline Blvd. in Mountain View in autonomous mode and was stopped behind traffic at a red light at the intersection of Shoreline Blvd. and El Camino Real. A ford Expedition approaching from behind collided with the rear bumper and sensor of the Google AV. The approcimate speed of the Ford Expedition at the time of the impact was 1 mph. There were no injuries reported at the scene by either party. The Google AV sustained minor damage to its rear sensor and bumper. There was no visible damage to the Ford Expedition. ","7, 8, 9",37.389006,-122.087832,509500,3025,3,39.6,1624,871,45,214,365,129,107042
Waymo LLC,6/4/15,8:54 AM,2012,Lexus,RX450h,California Street and Rengstorff Ave,Mountain View,Santa Clara,94040,Stopped in Traffic,Moving,2,None,Autonomous,Unknown,Unknown,Unknown,Unknown,Unknown,Unknown,Rear End,Mid-Sized Car,Intersection,Vehicle 2,0,None,"A Google Lexus model autonomous vehicle (""google AV"") was traveling southbound on Shoreline Blvd. in Mountain View in autonomous mode and was stopped behind traffic at a red light at the intersection of California St. and Rengstorff Ave. A vehicle approaching from behind collided with the rear bumper of the Google AV. The Google AV was stopped for approximately 17 seconds prior to the collision. The approximate speed of the other vehicle at the time of impact was <1mph.  There were no injuries reported at the scene by either party. The google av sustained no damage and there were no visible damage to the other vehicle. ","7, 8, 9",37.39898,-122.09995,509404,3003,3,,,,,,,0,
Waymo LLC,6/18/15,11:15 AM,Unknown,Lexus,RX450h,California and Bryant,Mountain View,Santa Clara,94041,Stopped in Traffic,Moving,2,Minor,Autonomous,Unknown,Unknown,Unknown,Unknown,Unknown,Unknown,Rear End,Compact Car,Intersection,Vehicle 2,0,None,"A Google Lexus model autonomous vehicle (""google AV"") was traveling southbound on California St. in Mountain View ina utonomous mode and was stopped at a red light in the straight only lane at the intersection of California St and Bryant St. The lane to the left of the google av was a left turn only lane. The vehicle waiitng immediately behind the google av in the straigh only lane began to move forward when the green arrow left turn signal appeared (despite the signal for the straight only lane remaining red) and collided with the rear bumper of the google av. the google av had been stopped for about 11 seconds at the time of impact. The other vehicle was traveling about 5 mph at the time of the impact. There were no injuries reported at the scene by either party. The google av sustained minor damage (scrapes) to its rear bumper. The other vehicle sustained minor damage (scrapes) to  its front bumper. ","7, 8, 9",37.391689,-122.08164,509600,2022,2,,,,,,,0,
Waymo LLC,7/1/15,6:16 PM,2012,Lexus,RX450h,Grant Rd. and Phyllis Ave,Mountain View,Santa Clara,94043,Stopped in Traffic,Moving,2,Minor,Autonomous,Unknown,Unknown,Unknown,Unknown,Unknown,Unknown,Rear End,Mid-Sized Car,Intersection,Vehicle 2,4,"The driver, co-driver and rear passenger of the Google AV reported some whiplash. The driver of other vehicle reported minor neck and back pain","A Google Lexus model autonomous vehicle (""Google AV"") was traveling northbound on Grant Rd. in Mountain View approaching the
intersection of Phyllis Ave. and Martens Ave. in autonomous mode. The two vehicles in front of the Google AV, the Google AV, and the
vehicle behind the Google AV were all traveling at a steady speed of - 15 mph. While approaching a green light intersection with stopped traffic on the other side of the intersection, the first vehicle decelerated and came to a stop, keeping clear of the intersection. The vehicle directly in front of the Google AV and the Google AV also decelerated and came to a stop with adequate and similar stopping distances. About 1 second later, the vehicle approaching from the rear struck the Google AV at ~ 17mph and did not appear to decelerate prior to the collision. At the time of the incident, the driver, co-driver, and rear passenger of the Google AV reported some whiplash. They were driven by other team members to a local hospital, where they were evaluated by medical staff and cleared to return to work. The driver of the other vehicle reported minor neck and back pain. The Google AV sustained minor damage to its rear bumper. The other vehicle sustained
significant damage to its front end.","7, 8, 9",37.376149,-122.07633,509902,1006,1,,,,,,,0,
Waymo LLC,8/20/15,9:36 AM,Unknown,Lexus,RX450h,Shoreline Blvd and High School Way,Mountain View,Santa Clara,94040,Moving,Moving,2,Minor,Conventional,Unknown,Unknown,Unknown,Unknown,Unknown,Unknown,Rear End,Mid-Sized Car,Intersection,Vehicle 2,1,"The Google AV test driver reported minor back pain and was takento a local hospital by Google employees, where he was evaluated and released by medical staff","A Google Lexus autonomous vehicle (""Google AV"") operating in autonomous mode and traveling northbound on Shoreline BIvd. in
Mountain View in lane two (the second of three lanes) was involved in an accident. As the Google AV approached the intersection of
Shoreline Blvd. and High School way, a pedestrian began to cross the northbound lanes of Shoreline Blvd. in the crosswalk traveling
westbound. The Google AV slowed to yield as it approached the crosswalk, and out of an abundance of caution the Google AV test driver
disengaged the autonomous technology and took control of the vehicle. A vehicle in lane three to the immediate right of, and traveling in the
same direction as, the Google AV was already stopped and yielding the right of way to the pedestrian. A vehicle in the process of changing
lanes from lane one into lane two and approaching from the rear struck the Google AV. The Google AV was travelling 5 mph at the time of
impact, and braking to stop for the crosswalk. The other vehicle was travelling approximately 10 mph at the time of impact.
The Google AV test driver reported minor back pain and was taken to a local hospital by Google employees, where he was evaluated and
released by medical staff. The Google AV co-test driver did not report any injuries. The Google AV sustained minor damage to its rear left
bumper. The other vehicle sustained moderate damage to its front end and was towed from the scene. The driver of the other vehicle did
not report any injuries at the scene.","6, 7",37.38821,-122.08647,509600,1002,1,,,,,,,0,
Waymo LLC,11/2/15,2:30 PM,2012,Lexus,RX450h,Clark Ave and El Camino Real,Mountain View,Santa Clara,94040,Stopped in Traffic,Moving,2,Minor,Autonomous,Unknown,Unknown,Unknown,Unknown,Unknown,Unknown,Rear End,Compact Car,Intersection,Vehicle 2,0,None,"A Google Lexus model autonomous vehicle (""Google AV"") in autonomous mode travelling northbound on Clark Ave in Mountain View
was involved in an accident. As the Google AV approached the intersection of Clark St. and El Camino Real it activated its turn signal to
indicate its intention to make a right turn on El Camino Real. The Google A V came to a complete stop at a red light at the intersection and
then b e g a n t o slowly a d v a n c e in order to get a better view o f cross traffic on E l C a m i n o R e a l approaching from the left to determine
whether it was clear to make the right turn on red. A vehicle approaching from behind stopped and then rolled forward and collided with the
rear bumper of the Google A V. The approximate speed of the other vehicle at the time of impact was 4 MPH. The speed of the Google AV
at the timo of impact was below 1 MPH.
There were no injuries reported at the scene by cither party. The Google AV sustained minor damage to the rear bumper. The other vehicle
sustained minor damage to the passenger side headlight, vehicle hood, and front bumper.","7, 8, 9",37.39403,-122.09819,509403,3003,3,,,,,,,0,
Cruise,1/8/16,1:14 PM,2012,Nissan,Leaf,7th and Bryant,San Francisco,San Francisco,94103,Stopped in Traffic,Moving,2,Minor,Conventional,Unknown,Unknown,Unknown,Unknown,Unknown,Unknown,Head-on,Compact Car,Straight Road,Vehicle 1,0,None,"A Cruise Nissan Leaf autonomous vehicle (""Cruise AV"") was in autonomouse mode traveling north at approcimately 20 miles per hour in the right lane of 7th Street. The vehicle began moving within its lane to the left, and then correcting to the right, at which point the drvier decided to take over manual control. After taking over manual control, the operator did not change the path of vehicle and collided with an unoccupied Toyata Prius that was parallel parked on 7th Street approximately 20 feet before the intersection with Bryant Street. The Prius sustained minor visible damage to the front left quarterpanel area. The Cruise AV sustained minor visible damage to the front right quaterpanel area. There were no injuries.",1,37.77428,-122.404748,018000,4009,4,,,,,,,0,
Waymo LLC,2/14/16,12:00 PM,2012,Lexus,RX450h,El Camino Real and Castro St. ,Mountain View,Santa Clara,94043,Moving,Moving,2,Moderate,Autonomous,Unknown,Unknown,Unknown,Unknown,Unknown,Unknown,Side Swipe,Truck/Bus,Intersection,Vehicle 1,0,None,"A Google Lexus model autonomous vehicle (""google AV"") was traveling in autonomous mode eastbound on El Camino Real in Mountain View in the far right-hand lane approaching the Castro St. intersection. As the Google AV approached the intersection, it signaled its intentto make a right turn on red onto Castro St. The Google AV then moved to the right-hand side of the lane to pass traffic in the same lane that was stopped at the intersection and proceeding straight. However, the Google AV had to come to a stop and go around sandbags positioned around a storm drain that were blocking its path. When the light turned green, traffic in the lane continued past the Google AV. After a few cars had passed, the Google AV test driver saw the bus approaching in the left side mirror but believed the bus would stop or slow to allow the Google AV to continue. Approximately three seconds later, as the Google AV was reentering the center of the lane it made contact with the side of the bus. The google AV was operating in autonomous mode and traveling at less than 2 mph, and the bus was traveling at about 15 mph at the time of contact. The Google AV sustained body damage left front fender, the left front wheel and one of its driver's side sensors. There were no injuries reported at the scene. ","1, 18",37.385699,-122.08397,509802,1000,1,,,,,,,0,
Waymo LLC,4/7/16,10:36 AM,2012,Lexus,RX450h,Bryant St at Oregon Expy.,Palo Alto,Santa Clara,94301,Stopped in Traffic,Moving,2,Minor,Autonomous,Unknown,Unknown,Unknown,Unknown,Unknown,Unknown,Side Swipe,Mid-Sized Car,Intersection,Vehicle 2,0,None,"A Google Lexus model autonomous vehicle (""Google AV"") was traveling southbound on Bryant St. in Palo Alto in autonomous mode and was stopped behind traffic at the red light intersection of oregon expy. A vehicle attempting to pass on the right shoulder very slightly contacted the google AV. The other vehicles left side view mirror grazed the passenger side of our vehicle. There were no injuries reported at the scene by either party. The google AV sustained no damage and the other vehicles left side  view mirror was slightly polded in. ",1,37.430939,-122.13787,510900,1013,1,,,,,,,0,
Waymo LLC,4/28/16,5:35 PM,2015,Google,Self Driving Car,Nita Ave and San Antonio Rd,Palo Alto,Santa Clara,94306,Stopped in Traffic,Moving,2,Minor,Autonomous,Unknown,Unknown,Unknown,Unknown,Unknown,Unknown,Rear End,Mid-Sized Car,Intersection,Vehicle 2,0,None,"A Google prototype model autonomous vehicle (""Google AV"") proceeding westbound in autonomous mode on Nita Av in Palo Alto was involved in an accident. The Google AV came to a stop at the intersection of San Antonio Road, then, prior to making a right turn on San Antonio Road, began to grafually advance forward in order to get a better view of traffic approaching from the left on San Antonio Road. When the Google AV stopped in order to yielf to traffic approaching from the left on San Antionio Road, a vehicle approaching at approximately 9 mph from behind the Google AV collided witht the rear bumper of the Google AV.","7, 8, 9",37.41028,-122.104636,509302,2014,2,43.4,2290,897,529,677,133,54,119271
Waymo LLC,5/4/16,9:45 PM,2015,Prototype,Prototype,Latham St and Chiquita Ave,Mountain View,Santa Clara,94041,Moving,None,1,Minor,Conventional,Unknown,Unknown,Unknown,Unknown,Unknown,Unknown,Hit Object,Mid-Sized Car,Intersection,Vehicle 1,0,None,"A Google prototype autonomous vehicle (""Google A V"") in manual mode proceeding westbound on Latham St. in Mountain View struck a median while traveling at 9 mph near the intersection of Chiquita Ave. There were no other vehicles involved and no traffic in the vicinity. There were no injuries. The Google A V sustained minor damage.",8,37.39289,-122.09243,509500,2009,2,,,,,,,0,
Nissan North America Inc,5/10/16,12:00 PM,2010,Nissan,Leaf,Highway 101 Southbound,Sunnyvale,Santa Clara,94089,Moving,Moving,2,Unknown,Conventional,Unknown,Unknown,Unknown,Unknown,Unknown,Unknown,Head-on,Compact Car,Straight Road,Vehicle 1,0,None,"The AV Driver was on Highway 101 S between NASA Ames Research Center and Exit 237 to Sunnyvale at approcimately 2PM on Tuesday May 10, 2016. The AV frunctions of the subject vehicle were not engaged at the time. The subject vehicle had one passenger in the back seat. There was heavy traffic traveling at 20-40 mph. The car traveling driectly ahead of the subject vehicle stopped suddenly. The subject vehicle impacted the stopped vehicle at low speed. Both drivers pulled over to the shoulder of the road. No injuries were reported by either vehicle occupant in this minor crash. No airbags devloyed in the crash. Except for minor scuff marks on the leaving vehicle's rear bumper, no other body damage was observed. After exchange of information, both vehicles were driven away from the scene. The police were not called. No other vehicles were involved. ","7, 8, 9",37.412402,-122.015605,504602,1117,1,,,,,,,0,
Waymo LLC,7/15/16,3:26 PM,2015,Google,Self driving car,Cuesta Dr. & Springer Rd,Los Altos,Santa Clara,94024,Stopped in Traffic,Moving,2,Minor,Autonomous,Unknown,Unknown,Unknown,Unknown,Unknown,Unknown,Rear End,Mid-Sized Car,Intersection,Vehicle 2,0,None,"A Google prototype autonomous vehicle (""Google A V"") operating in autonomous traveling westbound on Cuesta Dr in Los Altos, CA was involved in an accident. The Google AV was stopped at the stop sign at the intersection of Cuestea Dr. and Spinger Rd when a vehicle approaching from behind in the same lane collided with the Google AV. The other vehicle was traveling at approximately 7 mph when it struck the Google AV. The Google AV sustrained minor damage to its rear hatch and rear sensor. Google was unable to determine whether or not the other vehicle sustained any damage. There were no injuries reported at the scene. The driver of the vehicle left the scene without exchanging information. Police were notified of the incident. ","7, 8, 9",37.373717,-122.096838,510200,2000,2,,,,,,,0,
Waymo LLC,8/8/16,12:00 PM,2015,Google,Self driving car,Rengstorff Ave and California St,Mountain View,Santa Clara,94043,Moving,Moving,2,Minor,Conventional,Unknown,Unknown,Unknown,Unknown,Unknown,Unknown,Rear End,Compact Car,Intersection,Vehicle 2,0,None,A Google prototype autonomous vehicle (Google AV) operating in manual mode traveling eastbound on California Rd in Mountain View CA was involved in a minor accident. The Google AV was stopped at the intersection of Rengstorff Av waiting for pedestrains on Rengstorff Av to complete their crossing before it could turn right onto Rengstorff Av. Another vehicle approaching from behind collided with the rear bumper of the Google AV. The other vehicle was traveling at approcimately 4 mph at the time of the collision. The Google AV sustained minor damage to its rear hatch and bumper.,8,37.39898,-122.09995,509404,3003,3,,,,,,,0,
Waymo LLC,8/16/16,12:00 PM,2015,Google,Self driving car,Grant Rd and Phyllis Ave,Mountain View,Santa Clara,94040,Stopped in Traffic,Moving,2,Moderate,Autonomous,Unknown,Unknown,Unknown,Unknown,Unknown,Unknown,Rear End,Compact Car,Intersection,Vehicle 2,0,None,"A Google prototype autonomous vehicle (Google AV) traveling southeastbound on Phyillis Av in Mountain View in autonomous mode was involved in an accident. In preparation for making a right turn onto Grant Rd. the google AV enterned the right turn slip lane and advanced forward at 6 mph to gain a better view of traffic traveling southbound on Grant Rd As the google AV moded forward, it detected a vehicle approaching southbound on Grant D. and came to a stop to yielf to that vehicle. Approximately one second later, a vehicle approaching from behind the Google AV at approximately 5 mph collided with the rear bumper of the google AV. The google AV experienced moderate damage to its rear bumper and hatch. The other vehicle experienced mild damage to its front bumper. ","7, 8, 9",37.376149,-122.07633,509902,1006,1,,,,,,,0,
Waymo LLC,9/2/16,10:41 AM,2015,Google,Self driving car,Grant Rd and Phyllis Ave,Mountain View,Santa Clara,94040,Stopped in Traffic,Moving,2,Moderate,Autonomous,Unknown,Unknown,Unknown,Unknown,Unknown,Unknown,Rear End,Mid-Sized Car,Intersection,Vehicle 2,0,None,"A Google prototype autonomous vehicle (Google AV) traveling southeast on Phyllis Av in Mountain View in autonomous mode was involved in an accident. In preparation for making a right turn onto Grant Rd the google AV entered the right turn slip lane and advanced forward to gain a better view of traffic traveling southbound on grant rd As the google AV moved forward, it detected an oncoming vehicle (traveling southbound on grant rd) and came to a stop in order to yield to the oncoming vehicle. Approximately one second later, a vehicle approaching from behind the google av collided with the rear bumper of the google av at an approcimate speed of 15 mph. ",8,37.376149,-122.07633,509902,1006,1,,,,,,,0,
Waymo LLC,9/7/16,6:47 PM,2015,Google,Self driving car,Nita Ave and San Antonio Rd,Palo Alto,Santa Clara,94306,Moving,Moving,2,Minor,Autonomous,Unknown,Unknown,Unknown,Unknown,Unknown,Unknown,Rear End,Mid-Sized Car,Intersection,Vehicle 2,0,None,A Google prototype autonomous vehicle (Google AV) proceeding westbound in autonomous mode on Nita Av in Palo Alto was involved in an accident. The google AV came to a stop at the intersection of San Antonio rd.  then in preparation for making a right turn on San Antonio Rd began to gradually advance froward in order to gain a better view of cross-traffic. A 12-passenger shuttle van waiting immediately behind the google AV then advanced forward at approximately 7 mph and collided with rear bumper of the google av. The google av was traveling at approcimately 3 mph at the same of the collision. The google av experienced minor damage to its near bumber and hatch. ,"7, 8, 9",37.41028,-122.104636,509302,2014,2,43.4,2290,897,529,677,133,54,119271
Waymo LLC,9/14/16,3:06 PM,2015,Google,Self driving car,El Camino Real and Showers Drive,Los Altos,Santa Clara,94022,Moving,Moving,2,Minor,Conventional,Unknown,Unknown,Unknown,Unknown,Unknown,Unknown,Rear End,Compact Car,Straight Road,Vehicle 2,0,None,"A Google prototype autonomous vehicle (""Google A V "") traveling eastbound in manual mode on El Camino Real in Los Altos was involved in an acc ident . As the Google A V was completing a l ane change in auto nomous mode from the fat right lane tci the middle lane of El Camino Real near the intersection of Showers Drive, a car stopped in traffic in the far left lane of El Camino Real abrup tly changed lanes
into the middle lane, immediately in front of the Google A V: The Google A V test driver took manual control of the Google AV and quickly merged back into the far rightlane to avoid the vehicle, Another vehicle approaching from behind in the .right lane ofEl Camino Real then struck the rear passenger side quarter panel of the Google AVat approximately 23. mph. The Go ogle AV was travelling at approximately 14 mph at the time of the collision . The Google AV sustained minor damage to its rear passenger-side tire, quarter panel, and door. The other vehicle sustained moderate damage to its front bumper and fron t driver-side fender. There were no injuries reported at the scene by either party. ","1, 16, 17, 18",37.39938,-122.10991,509404,4004,4,,,,,,,0,
Waymo LLC,9/23/16,11:58 AM,2012,Lexus,RX450h,Phyllis and El Camino,Mountain View,Santa Clara,94040,Moving,Moving,2,Major,Conventional,Unknown,Unknown,Unknown,Unknown,Unknown,Unknown,Side Swipe,Truck/Bus,Intersection,Vehicle 2,1,The Google AV test driver voluntarily went to a loacl hospital where he was evaluated by medical staff and released.,"A Google Lexus model autonmous vehicle (Google AV) traveling northbound on Phyllis Av in Mountain View in manual mode was involved in an accident. As the Google AV proceeded through a green light at the El Camino Real intersection its autonomous technology detected another vehicle traveling westbound on El Camino Real approaching the intersection at 30 mph and began to apply the google av brakes in anticipation that the other vehicle would run through the red light. The google av test driver then disengaged the autonomous technology and took manual control of the google av. Immediately thereafter, the other vehicle ran through the red light and collided with the right side of the google av at 30 mph. At the time of collision the google av was traveling at 22 mph. ","3, 4",37.382639,-122.077786,509902,1000,1,,,,,,,0,
Waymo LLC,10/26/16,10:27 AM,2015,Google,Self driving car,Shoreline Blvd and El Camino Real,Mountain View,Santa Clara,94043,Moving,Moving,2,Minor,Autonomous,Unknown,Unknown,Unknown,Unknown,Unknown,Unknown,Rear End,Compact Car,Intersection,Vehicle 2,0,None,"A Google prototype autonomous vehicle (""Google A V"") traveling southbound in autonomous mode on Shoreline Boulevard in Mountain View was involved in an accident. The Google AV entered a slip lane in order to tum right onto El Camino Real and came to a stop to yield to westbound traffic on El Camino Real. As the Google A V began to move forward onto El Camino Real, another vehicle immediately behind the Google AV collided with the rear of the Google AV. At the time of the collision, the Google AV was traveling at
approximately 3 mph, and the other vehicle was traveling at approximately 6 mph. The Google A V sustained minor damage to its rear hatch. The other vehicle sustained minor damage to its front bumper. There were no injuries reported by either party at the scene.",8,37.409525,-122.078255,509202,3000,3,31.1,803,285,20,403,95,0,212240
Cruise,2/16/17,8:38 AM,2017,Chevrolet,Bolt,1120 Golden Gate,San Francisco,San Francisco,94115,Moving,Moving,3,Minor,Autonomous,Unknown,Unknown,Unknown,Unknown,Unknown,Unknown,Rear End,Compact Car,Intersection,Vehicle 2,1,The driver of the Subaru intended to seek medical pain evaluation for knee pain,"A Cruise autonomous vehicle (""Cruise AV"") was involved in a accident in San Francisco while traveling eastbound on Golden Gate Avenue between Webster and Buchanan streets. The Cruise AV was operating in autonomous mode at the time of the accident. The intersection at Buchanan does not alow for vehicular cross traffic but is controlled by a crosswalk with yellow lights that flash when activated. As the Cruise AV was approaching the crosswalk at Buchanan, the yellow lights were flashing. The Cruise AV slowed, paused briefly before the crosswalk, and then began to proceed. The vehicle immediately behind the CruiseAV, a Toyota Highlander, also slowed and paused in conert with the Cruise AV. A third wehicle, a subaru, located behind the Toyota, did not slow and collided with the Toyota, causing the Subaru's airbags to deploy. That collision pushed the Toyota into the back of the Cruise AV. None of the occupants of the Cruise AV or Toyota reported injuries at the scene, and the driver of the Subaru intended to seek medical evaluation for knee pain from the collision. The Cruise vehicle sustained minimal damage to its rear bumper. The Toyota sustained minor visible damage to its front and rear bumpers. The Subaru sustained minor visible damage to its front end. ","7, 8,9",37.780109,-122.428784,016102,2002,2,44.9,2152,177,1225,341,325,84,20512
Cruise,3/22/17,1:30 PM,2017,Chevrolet,Bolt,NW Corner of 10th Street and Division Street,San Francisco,San Francisco,94103,Moving,Moving,2,Minor,Autonomous,Unknown,Unknown,Unknown,Unknown,Unknown,Unknown,Rear End,Mid-Sized Car,Intersection,Vehicle 2,0,None,"A Cmise autonomous vehicle (""Cmise A V"") was traveling southbound on Tenth Street in San FrancisCo in autonomous mode. The Cmise
A V was stopped at a red light with a Mercedes behind it, also stopped. The Cruise A V began moving fotward after the light turned green
and was traveling at 2 mph when the Mercedes collided with the rear of the Cmise AV. The approximate speed ofthe Mercedes at the time
of impact was 4 mph. None of the occupants ofthe Cmise AV or Mercedes reported injuries at the scene. The Cmise AV sustained minor damage to its rear bumper. The Mercedes sustained minor visible daaiagc to its front bumper","7, 8,9",37.775678,-122.412131,017803,1000,1,,,,,,,0,
Cruise,3/23/17,10:36 AM,2017,Chevrolet,Bolt,Broadway  ,San Francisco,San Francisco,94115,Stopped in Traffic,Moving,2,Minor,Autonomous,Unknown,Unknown,Unknown,Unknown,Unknown,Unknown,Head-on,Truck/Bus,Straight Road,Vehicle 2,0,None,"A Cruise autonomous vehicle (""Cruise A V"") was traveling westbound on Broadway in San Francisco in autonomous mode and was in the process of passing a mobile crane truck that was double parked, blocking the westbound lane. Dming this maneuver, a Ford F-250 approached and simultaneously went around both the Cruise A V and the crane truck. While the Ford made its pass, the Cruise AV stopped. 
As the Ford completed its pass and turned back into the forward lane of travel, the Ford clipped the front, driver's side sensor of the Cruise A V. At the time of impact, the Cruise A V was stopped and the Ford was traveling at approximately 4 miles per hour. None of the occupants of the Cruise AV or Ford were inj ured. The Cruise AV sustained minor damage to its front, driver's side sensor and mount. The Ford sustained minor visible damage to its rear, passenger's side tire. ","10, 11",37.793806,-122.437192,013200,1005,1,53.2,1112,589,150,261,47,65,201938
Waymo LLC,3/26/17,4:50 PM,2012,Lexus,RX450h,Shoreline Blvd and El Camino Real,Mountain View,Santa Clara,94043,Moving,Moving,2,Minor,Autonomous,Unknown,Unknown,Unknown,Unknown,Unknown,Unknown,Rear End,Mid-Sized Car,Intersection,Vehicle 2,0,None,"A Waymo Lexus-model autonomous Vehicle (""Waymo AV"") was involved in a collision while in autonomous mode in the left tum lane on
SB Shoreline near El Camino in Mountain View, CA. The Waymo AV was rear-ended by a Toyota Camry while slowly creeping forward
with traffic at the red light. The Waymo AV was travelling around 1 MPH at the time of collision, the Camry was travelling around 7 MPH
at moment of collision. The Waymo A V had minor damage to its rear bumper, the Camry had minor damage to its front bumper. ","7, 8, 9",37.409525,-122.078255,509202,3000,3,31.1,803,285,20,403,95,0,212240
Waymo LLC,4/19/17,6:59 PM,2012,Lexus,RX450h,Middlefield Rd. at Oregon EXPWY.,Palo Alto,Santa Clara,94301,Moving,Moving,2,Minor,Conventional,Unknown,Unknown,Unknown,Unknown,Unknown,Unknown,Hit Object,Mid-Sized Car,Straight Road,Vehicle 2,0,None,"A WAYMO LEXUS-MODEL AUTONOMOUS VEHICLE (""WAYMO AV"") MADE CONTACT WITH A CURB WHILE IN MANUAL MODE ON MIDDLEFIELD ROAD AT OREGON EXPRESSWAY IN PALO ALTO, CA. THE WAYMO AV WAS TRAVELING EASTBOUND IN AUTONOMOUS MODE IN THE RIGHTMOST LANE OF MIDDLEFIELD ROAD. AS THE VEHICLE CROSSED OREGON EXPRESSWAY, THE WAYMO AV AUTONOMOUS SYSTEM DETECTED THE VEHICLE IN THE LEFT ADJACENT LANE BEGIN TO DRIFT TO THE RIGHT, TOWARD THE WAYMO AV. THE WAYMO AV NUDGED TO THE RIGHTMOST SIDE OF ITS LANE. AS THE LEFT ADJACENT VEHICLE CONTINUED TO DRIFT TOWARDS THE WAYMO AV, THE WAYMO AV TEST DRIVER TOOK MANUAL CONTROL. THE WAYMO AV'S FRONT PASSENGER-SIDE TIRE THEN MADE CONTACT WITH THE RIGHT CURB, CAUSING IT TO DEFLATE. THE OTHER VEHICLE THEN STRAIGHTENED ITS TRAJECTORY IN ITS LANE AND CONTINUED ON. THERE WERE NO INJURIES REPORTED. ","14, 15",37.435749,-122.13304,510900,1000,1,,,,,,,0,
UATC,5/11/17,10:50 AM,2017,Valvo,XC90,Wisconsin Street and Coral Rd. ,San Francisco,San Francisco,94107,Stopped in Traffic,Moving,2,Minor,Conventional,Clear,Daylight,Dry,No Unusual Conditions,Stopped,Proceeding Straight,Rear End,Mid-Sized Car,Intersection,Vehicle 2,0,None,"An Uber Volvo XC 90 registered under the DMV testing program (""Vehicle l "") approached and came to a complete stop at a stop sign heading south on Wisconsin Street at Coral Street in San Francisco . After Vehicle 1made a complete stop, another vehicle (""Vehi cle 2"") approached from behind Vehicle I and rear-ended the stationary Vehicle 1 before Vehicle 1 was able to proceed through the intersection. ","7, 8, 9",37.753822,-122.398606,061401,1001,1,,,,,,,0,
UATC,5/17/17,12:55 PM,2017,Valvo,XC90,Noe St & 22nd Street,San Francisco,San Francisco,94114,Stopped in Traffic,Moving,2,Minor,Conventional,Clear,Daylight,Dry,No Unusual Conditions,Stopped,Proceeding Straight,Rear End,Compact Car,Intersection,Vehicle 2,0,None,"An Uber Volvo XC 90 registered under the DMV testing program (""Vehicle 1"") approached and came to a complete stop at a stop sign
heading north on Noe Street at 22nd Street in San Francisco. After Vehicle 1 made a complete stop, Vehicle 2 was on approach from behind Vehicle land rear-ended the stationary Vehicle l before Vehicle 1 was able to proceed through the intersection. ","7, 8, 9",37.754628,-122.432177,021100,4003,4,,,,,,,0,
Cruise,5/25/17,5:26 PM,2017,Chevrolet,Bolt,11th St. and Mission St. ,San Francisco,San Francisco,94103,Moving,Moving,3,Minor,Autonomous,Unknown,Unknown,Unknown,Unknown,Unknown,Unknown,Rear End,Two-Wheels,Intersection,Vehicle 1,1,the cyclist scraped his knee,"A Cruise autonomous vehicle (""Cruise A V"") was traveling northbound on 11 th Street in San Francisco in autonomous mode, turning left
onto Mission Street in the outer of two left tum lanes . During the tum, a vehicle in the inner of the two left tum lanes began to cut in front of the Cruise A V. The Cruise A V braked, and a bike that had been closely cross ing behind the rear of the Cruise A V ran into the b ack of the Cmise A V. Police were not present or called to the scene. None of the occupants of the Cruise AV were injured. The Cruise AV occupants observed th at the cyclist scraped hi s knee. At the time, the cyclist stated an intention to seek medical evaluation, but declined to seek emergency assistance. There was a minor scratch on the A V, and the bicycle had no visible damage. ",None,37.774325,-122.417104,017700,2002,2,,,,,,,0,
Cruise,6/7/17,1:00 PM,2017,Chevrolet,Bolt,Van Ness Ave at O'Farrell Street (northbound),San Francisco,San Francisco,94109,Moving,Moving,2,Minor,Autonomous,Unknown,Unknown,Unknown,Unknown,Unknown,Unknown,Rear End,Truck/Bus,Straight Road,Vehicle 2,0,None,"A Cruise automomous vehicle (""Cruise A V"") was involved in a collison on Van Ness Avenue. The Criuse AV was -traveling northbound at
7 mph when a bus merged into the lane in front of the Cruise AV. The Criuse AV braked, and a white minivan that had been closely following ran into the back of the Crulse A V. Police were not p.rese:ntor called to the scene. ",8,37.784752,-122.421193,012202,2007,2,,,,,,,0,
Cruise,6/28/17,11:48 AM,2017,Chevrolet,Bolt,Montgomery St. (southbound) and Post St. ,San Francisco,San Francisco,94104,Moving,Moving,2,Minor,Autonomous,Unknown,Unknown,Unknown,Unknown,Unknown,Unknown,Rear End,Mid-Sized Car,Intersection,Vehicle 2,0,None,"A Cruise automomous vehicle (""Cruise A V"") was involved in a collison on Montgomery Street at Post Street. The cruise AV was the lead car stopped at a red light. When the light turned green the crusie av began moving forward. Shortly thereafter with the cruise av traveling at <1mph, a van closely following behind ran into the back of the cruis av. Police were not present or called at the scene. ",8,37.789103,-122.401997,011700,4011,4,,,,,,,0,
Cruise,7/6/17,10:54 AM,2017,Chevrolet,Bolt,19th St (westbound) & Shotwell St,San Francisco,San Francisco,94110,Moving,Moving,2,Minor,Autonomous,Unknown,Unknown,Unknown,Unknown,Unknown,Unknown,Side Swipe,Truck/Bus,Intersection,Vehicle 2,0,None,"A Cruise autonomous vehicle (""Cruise AV"") was involved in a collision on 19th street at shotwell street. The cruise AV, heading west, was slowing down as it approached the four-way stop at which point the driver of a pick up truck behind the cruise av drove into the oncoming lane and began passing the cruise av. While driving past the cruise av, the truck slipped the cruise av's front driver's side corner and continued through the intersection in the opposite lane of travel. The paties stopped and exchanged information after the intersection. Police were called to the scene but no report was created. ","1, 18",37.760433,-122.415929,022801,1009,1,,,,,,,0,
UATC,8/16/17,2:55 PM,2017,Valvo,XC90,Geary Blvd. & 3rd Ave,San Francisco,San Francisco,94118,Stopped in Traffic,Moving,2,Minor,Conventional,Unknown,Unknown,Unknown,Unknown,Unknown,Unknown,Rear End,Mid-Sized Car,Intersection,Vehicle 2,0,None,"An Uber Volvo XC 90 registered under the DMV testing program (""Uber SOY"") was eastbound on Geary Blvd preparing to make a right turn onto 3rd Ave. The vehicle operator disengaged the combined advanced driver assist systems on the vehicle to wait for pedestrians before making a right tum onto 3rd Ave. While the Uber SDV was stopped, a Toyota Tacoma impacted the rear of the Uber SDV. Tiie collision caused minor damage lo the vehicle's rear hatch and bumper and scuffed the Tacoma's bumper. No injuries were reported onsite. Police were not called. The Uber SDV co-pilot later reported wrist discomfort. ","6, 7, 8, 9",37.781159,-122.461063,045100,1001,1,,,,,,,0,
Waymo LLC,8/26/17,8:39 AM,2017,Chrysler,Pacifica,Alma Street and El Vemno Avenue,Palo Alto,Santa Clara,94306,Moving,Moving,2,Minor,Conventional,Unknown,Unknown,Unknown,Unknown,Unknown,Unknown,Rear End,Compact Car,Straight Road,Vehicle 1,0,None,"A Waymo autonomous vehicle (""Waymo AV"") in manual traveling eastbound in the left lane on Almo Street in Palo Alto was involved in a minor collision. The Waymo AV was in autonomous mode when a vehiccle ahead of it swearved right to avoid an object in the road. The driver of the Waymo AV then disengaged and began to change lanes to the right to avoid the object. The Waymo AV's rear bumper then scraped the front left bumper of a van processing in the adjacent right lane. The waymo av was trsveling at approx 21 mph while the other vehicle was traveling at approx 26 mph at the time of the collision. The waymo av experienced minor damage to its rear bumper. The other vehicle experienced minor damage to its front bumper. There were no injuries reported at the scene by either party. ","7, 8, 9",37.415457,-122.119917,510803,2008,2,41.2,1501,510,49,697,184,61,150500
Cruise,9/9/17,4:47 PM,2016,Chevrolet,Bolt,Folsom Street and 6th Street,San Francisco,San Francisco,94103,Moving,Moving,2,Moderate,Conventional,Unknown,Unknown,Unknown,Unknown,Unknown,Unknown,Rear End,Mid-Sized Car,Intersection,Vehicle 2,0,None,"A Cruise AV operating in coventional mode, was involved in a collision while preparing to turn left from Folsom Street onto 6th Street. The driver of the cruise av decelerated and stopped to let a pedestrian clear the crosswalk. A Ford Explorer behind the Cruise AV then impacted the rear passenger-side corner of the Cruise av. The police were called, but declined to respond citing the lack of any reported injury. ","9, 10",37.778943,-122.406162,017804,2002,2,,,,,,,0,
Cruise,9/12/17,11:10 AM,2016,Chevrolet,Bolt,Folsom Street and 6th Street,San Francisco,San Francisco,94103,Moving,Moving,2,Minor,Conventional,Unknown,Unknown,Unknown,Unknown,Unknown,Unknown,Head-on,Two-Wheels,Straight Road,Vehicle 2,0,None,"A Cruise autonomous vehicle (""Cruise AV""), operating in conventional mode, was involved in an incident while traveling eastbound on Harrison Street between 12th and 11th Streets. The Cruise A V's driver observed a cyclist traveling in the wrong direction toward the Cruise AV. The cyclist was waving his hands and swerving severely; he appeared to be intoxicated. The driver brought the Cruise AV to a complete stop. The cyclist continued weaving toward the Cruise AV, collided with the Cruise A V's front-right bumper, and fell over. After getting to his feet, the cyclist picked up his bike and deliberately hit the bike's front tire into the passenger side of the Cruise AV. He then pulled on a sensor on the Cmise A V's rear, passenger-side, causing minor damage. With the cyclist off to the side of the vehicle, the driver of the Cruise AV slowly pulled away from the interaction. Police were not present or called to the scene,","13, 14, 15",37.778943,-122.406162,017804,2002,2,,,,,,,0,
Cruise,9/15/17,11:20 PM,2017,Chevrolet,Bolt,Potrero St and Division St,South San Francisco,San Francisco,94103,Moving,Moving,2,Minor,Conventional,Unknown,Unknown,Unknown,Unknown,Unknown,Unknown,Side Swipe,Mid-Sized Car,Intersection,Vehicle 2,0,None,"A Cruise autonomous vehicle (Cruise AV) initially operating in autonomous mode, was involved in an incident whiletraveling northbound as Potrero Ave turns into Brannan Stret. The Cruise AV was proceeding straight through the intersection, which bends to the right, when a black dodge charger came up quickly from behind. The charger was in a left-turn only lane in Cruise AV; but instead of turning left, the charger tried to overtake the Cruise AV and to proceed straight as well. At this point, the driver of the Cruise AV took over manual control. As the Charger tried to overtake the Cruise AV and to proceed straight as well. At this point, the driver of the Cruise AV took over manual control. As the Charger cut off the cruise av, it scraped the Cruise AV's front left sensor. At the time of the collision, the Cruise AV was traveling at 4 mph, while the charger was traveling at approx 12 mph. The charger fled the scene without exchanging info. The driver of the Cruise AV called the police to the incident as a hit-and-run but the police were not dispatched and no report was filed. ","15, 16",37.769299,-122.406882,017700,1002,1,,,,,,,0,
Cruise,9/18/17,3:20 PM,2017,Chevrolet,Bolt,Bay Street and Columbus Avenue,San Francisco,San Francisco,94133,Moving,Moving,3,Minor,Autonomous,Unknown,Unknown,Unknown,Unknown,Unknown,Unknown,Rear End,Mid-Sized Car,Intersection,Vehicle 2,0,None,"A Cruise autonomous vehicle (""Cruise A V""), operating in autonomous mode, was rear-ended while traveling on Bay Street at Columbus Avenue, The Cruise AV was stopped at a red Hght in the left of two eastbound lanes, When the light turned green, the Cruise AV began to proceed forward toward the intersection. In the right lane, another vehicle drifted within its lane toward the Cruise AV. The Cruise AV responded by decelerating, and a car following closely behind rear-ended the Cruise AV, The parties exchanged information. The police were not called. ","7, 8, 9",37.80517,-122.417226,010101,1021,1,,,,,,,0,
Cruise,9/19/17,6:20 PM,2017,Chevrolet,Bolt,Division St & 10th St,San Francisco,San Francisco,94103,Stopped in Traffic,Moving,2,Minor,Autonomous,Unknown,Unknown,Unknown,Unknown,Unknown,Unknown,Rear End,Mid-Sized Car,Intersection,Vehicle 2,0,None,"A Cruise autonomous vehicle (""Cruise AV11 ), operating in autonomous mode, was rear-ended by a white Ford Ranger while waiting at a
stop light on I0th Street, southbound between Bryant and Division Streets. The Ranger crept forward slowly into the Cruise AV, which was
completely stationary at the time of the collision. The parties exchanged information and the driver of the Ranger apologized, adding that
he was on his cell phone. The police were called but, citing the lack of any injury, declined to respond to the scene. ",8,37.770348,-122.409736,017700,1010,1,,,,,,,0,
Cruise,9/21/17,9:09 PM,2017,Chevrolet,Bolt,5th St. & Bryant St.,San Francisco,San Francisco,94107,Moving,Moving,2,Minor,Autonomous,Unknown,Unknown,Unknown,Unknown,Unknown,Unknown,Rear End,Compact Car,Intersection,Vehicle 2,0,None,"A Cruise autonomous vehicle (""Cruise AV11 ), operating in autonomous mode, was rear-ended by a white Volvo V40 while turning left from 5th Street onto Bryant Street. The Cruise AV was the lead car in the right of two left-tum lanes; the Volvo was directly behind. Both vehicles were stopped at a green light and were waiting to turn left. The signal changed, giving the vehicles a green left-tum arrow. The Cruise AV began making the tum and was then rear-ended by the Volvo. The parties exchanged information. The police were not called. ",8,37.777799,-122.400298,018000,2007,2,,,,,,,0,
Zoox,9/27/17,4:00 PM,2016,Toyota,Highlander,Green St. & Battery St.,San Francisco,San Francisco,94111,Moving,Moving,2,Minor,Conventional,Unknown,Unknown,Unknown,Unknown,Unknown,Unknown,Side Swipe,Mid-Sized Car,Intersection,Vehicle 2,0,None,"A Nissan Altima made a left turn into a Zoox autonomous vehicle (""Zoox AV"") that was operating in conventional mode when struck. The
collision occurred while the Zoox AV was traveling straight, eastbound, through the intersection at Battery and Green Streets with the
right-of-way. The driver of the Nissan Altima was distracted when it turned into and collided with the driver's side passenger door of the
Zoox AV. The police were called, but citing a lack of injury, did not respond to the scene. ","14, 15",37.800459,-122.401428,010500,1015,1,,,,,,,0,
Cruise,10/7/17,2:35 AM,2017,Chevrolet,Bolt,14th St and Valencia St,San Francisco,San Francisco,94103,Moving,Moving,2,Minor,Autonomous,Unknown,Unknown,Unknown,Unknown,Unknown,Unknown,Rear End,Mid-Sized Car,Intersection,Vehicle 2,0,None,"A Cruise autonomous vehicle (""Cruise A V""), operating in autonomous mode, was rear-ended on 14th Street. The CruiseAV, in the right of two eastbound lanes, was traversing the intersection at Valencia Street. Slightly ahead in the left lane next to the Cruise AV, a vehicle drifted into the Cruise A V's lane. The Cruise AV responded by decelerating, and was rear-ended by a Honda Accord. The parties exchanged information. The driver of the Accord apologized, saying that a leg cramp prevented him from braking sufficiently. The police were not called.","7, 8, 9",37.768139,-122.422199,020202,2000,2,,,,,,,0,
Cruise,10/12/17,7:40 AM,2017,Chevrolet,Bolt,Bush St & Montgomery St,San Francisco,San Francisco,94104,Moving,Moving,2,Minor,Autonomous,Unknown,Unknown,Unknown,Unknown,Unknown,Unknown,Rear End,Compact Car,Intersection,Vehicle 2,1,A Cruise AV test driver later sought medical evaluation for shoulder stiffness,"A Cruise autonomous vehicle (""Cruise A V""), operating in autonomous mode, was rear-ended while going through a green light on Bush
Street at Montgomery Street. As the Cruise AV passed through the intersection, a pedestrian looking at his cell phone approached the
crosswalk in front of the Cruise AV. The Cruise AV responded by decelerating, and was rear-ended by a Toyota Corolla. The parties
exchanged information, though the driver of the Corolla lacked insurance information. The police were not called. No injuries were reported at the scene by either party. A Cruise AV test driver later sought medical evaluation for shoulder stiffness. ",8,37.790969,-122.40238,011700,4002,4,,,,,,,0,
Cruise,10/16/17,1:34 PM,2017,Chevrolet,Bolt,Harrison St and 15th st,San Francisco,San Francisco,94103,Moving,Moving,2,Minor,Autonomous,Unknown,Unknown,Unknown,Unknown,Unknown,Unknown,Side Swipe,Truck/Bus,Straight Road,Vehicle 2,0,None,"A Cruise autonomous vehicle (""Cruise AV""), operating in autonomous mode, was involved in a collision while heading eastbound on 15th
Street toward Harrison Street. The Cruise AV had stopped briefly, initially to simulate the pick-up of a ridesharing customer and then to
allow oncoming traffic to pass on the narrow street. After the oncoming traffic cleared, the Cruise AV began to proceed. At the same time,
from behind the Cruise AV the driver of a Ford F250 pickup truck drove into the oncoming lane and began passing the Cruise AV. While
overtaking the Cruise AV, the F250 clipped a sensor on the front, driver's-side comer of the Cruise AV. The parties exchanged information.
Though the police were not called, an officer passing by stopped to consult the parties and concluded no further action was required. ","1, 18",37.76707,-122.41326,017700,1011,1,,,,,,,0,
Cruise,10/17/17,5:41 PM,2017,Chevrolet,Bolt,Mission Street between Plum Street and South Van Ness Avenue.,San Francisco,San Francisco,94103,Stopped in Traffic,Moving,2,Minor,Autonomous,Unknown,Unknown,Unknown,Unknown,Unknown,Unknown,Rear End,Compact Car,Straight Road,Vehicle 2,0,None,"A Cruise autonomous vehicle (""Cruise AV""), operating in autonomous mode, was involved in a collision while traveling in the right lane on
Mission Street between Plum Street and South Van Ness Avenue. In heavy stop-and-go traffic, the Crnise AV allowed a delivery van to
merge into traffic from a gas station parking lot, then with a green light the Cruise AV proceeded forward. A pedestrian walking against
traffic, off of the sidewalk and in the Cruise AV' s lane, began to cross the street directly in front of the Cruise AV. The Cruise AV slowed
to a complete stop, and a Mazda Protege 5 entering traffic from the same gas station re.:TI-ended the Cruise AV. The parties proceeded out
of the traffic lane and exchanged information, although the driver of the Protege lacked license information. The police were not called. ",8,37.772961,-122.418533,017700,2007,2,,,,,,,0,
Cruise,10/18/17,4:06 PM,2017,Chevrolet,Bolt,17th St & Folsom St,San Francisco,San Francisco,94110,Stopped in Traffic,Moving,3,Minor,Autonomous,Unknown,Unknown,Unknown,Unknown,Unknown,Unknown,Rear End,Compact Car,Intersection,Vehicle 2,0,None,"A Cruise autonomous vehicle (""Cruise AV""), operating in autonomous mode, was involved in a collision while heading west on 17th Street as it traversed the intersection with Folsom Street. As the Cruise AV passed through the intersection, a scooter came up from behind the Cruise AV and used the right-tum only lane to pass the Cruise AV on its passenger side. The scooter entered the Cruise AV' s lane in front of the AV, and in response the Cruise AV stopped. At the same time, an oncoming Subaru Jmpreza attempted to tum left from 17th Street to Folsom $tree! northbound. As the Subaru turned behind the Cruise AV, the Subaru clipped the rear, driver's-side comer of the Cruise AV. The parties proceeded out of the tt·affic lane and exchanged information. The police were not called. ","6, 7",37.763697,-122.415155,017700,1006,1,,,,,,,0,
Cruise,10/20/17,9:16 AM,2017,Chevrolet,Bolt,Noe St & Henry St,San Francisco,San Francisco,94114,Moving,Moving,2,Minor,Autonomous,Unknown,Unknown,Unknown,Unknown,Unknown,Unknown,Side Swipe,Mid-Sized Car,Intersection,Vehicle 2,0,None,"A Cruise autonomous vehicle (""Cruise AV""), operating in autonomous mode, was involved in a collision while heading south on Noe Street. As the Cruise AV crossed the intersection with Henry Street the driver of a Toyota Land Cruiser behind the Cruise AV drove into the oncoming Iai-ie in an effort to overtake the Cruise AV. At this point, the driver of the Cruise AV took over manual control. As the Toyota cut back into the forward lane of travel, the Toyota scraped the sensor on the Cruise A V's front, driver's-side comer. The Toyota continued through the intersection and left the scene without exchanging information. A passenger in the Crnise AV called the police to report the Incident as a hit-and-run. The police responded but no report was available at the time of the filing of this report. ","1, 18",37.766662,-122.433332,016900,3002,3,,,,,,,0,
Cruise,10/26/17,9:09 PM,2017,Chevrolet,Bolt,5th St & Market St,San Francisco,San Francisco,94102,Stopped in Traffic,Moving,2,Minor,Autonomous,Unknown,Unknown,Unknown,Unknown,Unknown,Unknown,Rear End,Mid-Sized Car,Straight Road,Vehicle 2,0,None,"A Cruise autonomous vehicle (""Cruise AV""), operating in autonomous mode, was involved in a collision while traveling north in the right
lane of 5th Street between Mission Street and Market Street. A white Honda Accord, finding a gap in the slow-moving but heavy traffic,
turned left from Stevenson Street onto 5th Street directly behind the Cruise AV. When the Cruise AV decelerated to merge into the left lane, the driver of the Honda Accord-who appears to have been distracted, looking at a person standing on the sidewalk-failed to notice and rear-ended the Cruise AV. The parties proceeded out of the traffic lane and exchanged information. The police were not called. ","7, 8, 9",37.783991,-122.408067,017602,2000,2,,,,,,,0,
Cruise,11/13/17,10:05 PM,2017,Chevrolet,Bolt,11th St & Folsom St,San Francisco,San Francisco,94103,Moving,Moving,2,Minor,Autonomous,Unknown,Unknown,Unknown,Unknown,Unknown,Unknown,Side Swipe,Mid-Sized Car,Intersection,Vehicle 2,0,None," Cruise autonomous vehicle (""Cruise AV""), operating in autonomous mode, was involved in a collision while traveling northeast in the
middle lane on Folsom Street at the intersection with 11thStreet. While passing through the intersection at 11thStreet, the Cruise AV
followed the lane markings, which shift to the left as the road transitions to a one-way street starting east of 11th Street. All lanes on Folsom Street shift left that that intersection and are clearly marked. A Toyota Camry traveling behind and to the left of the Cruise AV, and gaining on the Cruise AV, did not shift left with its lane and instead crossed over its lane boundary and lightly swiped the side of the Cruise AV. The operator of the Cruise AV disengaged from autonomous mode just prior to the impact. There were no injuries and the police were not called.","3, 4",37.771864,-122.414027,017700,2011,2,,,,,,,0,
Cruise,12/7/17,9:34 AM,2017,Chevrolet,Bolt,Oak St & Fillmore St,San Francisco,San Francisco,94117,Moving,Moving,2,Unknown,Autonomous,Unknown,Unknown,Unknown,Unknown,Unknown,Unknown,Side Swipe,Two-Wheels,Straight Road,Vehicle 2,1,The motorcyclist reported shoulder pain and was taken to receive medical care,"A Cruise autonomous vehicle (""Cruise AV""), operating in autonomous mode in heavy traffic, was involved in a collision while traveling east on Oak Street just past the intersection with Fillmore Street. The Cruise AV was traveling in the center of three one-way lanes. Identifying a space between two vehicles (a minivan in front and a sedan behind) in the left lane, the Cruise AV began to merge into that lane. At the same time, the minivan decelerated. Sensing that its gap was closing, the Cruise AV stopped maldng its lane change and returned fully to the center lane. As the Cruise AV was re-centering itself in the lane, a motorcycle that that had just lane-split between two vehicles in the center and right lanes moved into the center lane, glanced the side of the Cruise AV, wobbled, and fell over. At the time of the collision, the Cruise AV was traveling with the flow of traffic at 12mph, while the motorcycle was traveling at approximately 17mph. The motorcyclist got up and walked his vehicle to the side of the road, where the parties exchanged information. 911 was called pursuant to Cruise policy. The motorcyclist reported shoulder pain and was taken to receive medical care, and a police report was taken. ","12, 13",37.773973,-122.430825,016300,3003,3,,,,,,,0,
Waymo LLC,12/11/17,11:36 AM,2012,Lexus,RX450h,Rengstorff Ave and El Camino Real,Mountain View,Santa Clara,94040,Moving,Moving,2,Minor,Autonomous,Unknown,Unknown,Unknown,Unknown,Unknown,Unknown,Side Swipe,Compact Car,Intersection,Vehicle 2,0,None,"A Google Lexus autonomous vehicle (""Google AV"") traveling southwest in autonomous mode on Rengstorff Ave. in !\!fountain View was
involved in an accident. As the Googl.e AV made a left tum onto El Camino Real from the outside left turn lane, another vehicle in the
inside left tum lane also turning left onto El Camino Real crossed into the outside left tum lane and collided with the driver's side of the
Google A V. The Google A V t;st driver immediately disengaged the autonomous technology, took manual control of the vehicle and
brought it to a stop at the side of El Camino Real. The Google AV sustained damage to its driver-side doors. The other vehicle sustained
damage to i t~ front bumper. The Google AV was traveling approximately 20 mph and the other vehicle was traveling approximately 15
mph at the time of the collision. There were no injuries reported at the scene by either party.","2, 3, 4, 5",37.395829,-122.10188,509403,3002,3,,,,,,,0,
Cruise,1/2/18,9:27 PM,2017,Chevrolet,Bolt,Valencia St. & 16th St,San Francisco,San Francisco,94103,Moving,None,1,Minor,Autonomous,Unknown,Unknown,Unknown,Unknown,Unknown,Unknown,Vehicle/Pedestrian,Pedestrain ,Intersection,Vehicle 2,0,None,"A Cruise autonomous vehicle (""Cruise AV""), operating in autonomous mode, was involved in a collision while making a right hand turn from northbound Valencia Street onto 16th Street The Cruise AV was stopped at a green light in between crosswalks of Valencia Street and 16th Street, waiting for pedestrians to cross over 16th Street. A different pedestrian from the southwest corner of Valencia and 16th ran across Valencia Street, against the ""do not walk"" symbol, shouting, and struck the left side of the Cruise AV's rear bumper and hatch with his entire body. There were no injuries but the Cruise AV sustained some damage to its right rear light. The police were not called. 11","6, 7",37.764917,-122.421886,020201,2000,2,,,,,,,0,
Cruise,1/8/18,11:12 AM,2017,Chevrolet,Bolt,Kansas St & Mariposa St,San Francisco,San Francisco,94107,Moving,Moving,2,Minor,Autonomous,Unknown,Unknown,Unknown,Unknown,Unknown,Unknown,Side Swipe,Pedestrain ,Intersection,Vehicle 2,0,None,"A Cruise autonomous vehicle (""Cruise AV""), operating in autonomous mode, was involved in a collision while traveling northbound on
Kansas Street just past the intersection with Mariposa Street. The Cruise AV was driving in its lane when a cargo truck tried to overtake it
on the left side. As it passed the Cruise AV, the truck clipped the Cruise A V's left front articulating radar. There were no injuries. The
parties exchanged information. The police were called but declined to respond citing the lack of any reported injuries. ","1, 18",37.763445,-122.403412,022704,1008,1,,,,,,,0,
Zoox,1/18/18,9:43 AM,2016,Toyota,Highlander,Pacific Ave. and Sansome St.,San Francisco,San Francisco,94111,Stopped in Traffic,Moving,2,Unknown,Autonomous,Unknown,Unknown,Unknown,Unknown,Unknown,Unknown,Rear End,Compact Car,Intersection,Vehicle 2,0,None,,,37.797654,-122.400863,061101,2000,2,,,,,,,0,
Cruise,1/28/18,10:55 PM,2017,Chevrolet,Bolt,Duboce Ave & Mission St,San Francisco,San Francisco,94103,Stopped in Traffic,Stopped in Traffic,2,Minor,Conventional,Unknown,Unknown,Unknown,Unknown,Unknown,Unknown,Side Swipe,Mid-Sized Car,Straight Road,Vehicle 2,0,None,"A Cruise autonomous vehicle (""Cruise AV""), operating in manual mode, was stopped behind a taxi on Duboce Avenue just past Guerrero. The driver of the taxi exited his vehicle, approached the Cruise AV, and slapped the front passenger window, causing a scratch. There were no injuries and police were not called.",14,37.770111,-122.420008,020101,1005,1,,,,,,,0,
Drive.ai,1/29/18,12:00 PM,2016,Nissan,NV200 Taxi,E Reed St. and S 2nd St.,San Jose,Santa Clara,95113,Moving,None,1,Minor,Conventional,Unknown,Unknown,Unknown,Unknown,Unknown,Unknown,Other*,Mid-Sized Car,Intersection,Vehicle 1,0,None,"A Drive.ai test vehicle was being manually driven ( conventional mode) for data collection in downtown San Jose at around 3:30pm on Monday 1/29. The vehicle was traveling southwest on Reed St. near 2nd St at the time of the incident. The right lane was blocked off by some construction equipment. Due to driver error, the front right section of the NV200 impacted a stationary piece of construction equipment at 17 mph. The front right corner of the test vehicle sustained damage; the piece of construction equipment was not damaged. There were no injuries as a result of the incident. ","1, 18",37.327591,-121.882747,501602,1003,1,,,,,,,0,
Cruise,2/16/18,8:45 AM,2017,Chevrolet,Bolt,14th St between Guerrero and Valencia St,San Francisco,San Francisco,94103,Moving,Moving,2,Minor,Conventional,Unknown,Unknown,Unknown,Unknown,Unknown,Unknown,Side Swipe,Mid-Sized Car,Intersection,Vehicle 2,0,None,"A Cruise autonomous vehicle (""CrUise AV""), operating in conventional mode, was moving slowly in traffic eastbound on 14th Street just
past Guerrero Street when a vehicle merged in front of the Cruise AV and in doing so made contact with Cruise A V's front left sensor. The
plastic casing of the sensor was damaged. The other vehicle did not stop. The driver of the Cruise AV called the police to report the event,
but the police were not dispatched. ","1, 18",37.768139,-122.422199,020202,2000,2,,,,,,,0,
Cruise,2/20/18,4:58 PM,2017,Chevrolet,Bolt,North Point St &The Embarcadero,San Francisco,San Francisco,94133,Moving,Moving,2,Minor,Autonomous,Unknown,Unknown,Unknown,Unknown,Unknown,Unknown,Side Swipe,Compact Car,Intersection,Vehicle 2,0,None,"A Cruise autonomous vehicle ( ""Cruise AV""), operating in autonomous mode, was completing a left turn from North Point Street onto The Embarcadero. A vehicle behind the Cruise AV also turning left onto The Embarcadero tried to pass the Cruise AV on the left, and while passing turned back into the Cruise AV's lane too tightly and clipped the Cruise AV's front left sensor. damaging the sensor and the other vehicle's front right passenger door, There were no injuries and po1ice were not called. ",1,37.806507,-122.412768,010101,1016,1,37.3,781,280,78,307,20,96,88790
Cruise,3/14/18,3:12 PM,2017,Chevrolet,Bolt,McAllister Street & Polk Street,San Francisco,San Francisco,94102,Moving,Moving,2,Minor,Autonomous,Unknown,Unknown,Unknown,Unknown,Unknown,Unknown,Side Swipe,Mid-Sized Car,Intersection,Vehicle 2,0,None,"A Cruise autonomous vehicle. (""Cruise AV""), was involved in a collision while operating in autonomous mode, traveling westbound on McAllister Street at the intersection of Polk Street. Another attempted er vehicle to pass the Cruise AV on the right but crossed. intoits lane, scraping the Cruise A V's right sensor. There were no injuries and police were not called.",9,37.780259,-122.418599,012405,3007,3,,,,,,,0,
Cruise,3/19/18,8:34 PM,2017,Chevrolet,Bolt,Howard St & Hawthorne St,San Francisco,San Francisco,94105,Moving,Moving,2,Minor,Autonomous,Unknown,Unknown,Unknown,Unknown,Unknown,Unknown,Rear End,Mid-Sized Car,Intersection,Vehicle 2,0,None,"A Cruise autonomous vehicle (""Cruise AV""), was involved in a collision while operating in autonomous mode, making a left turn onto Hawthorne from Howard Street. A van directly behind the Cruise AV continued straight from the same left turn only lane, clipping the back right of the Cruise AV as it passed and damaging the bumper and back right sensor. The driver of the van did not stop. There were no injuries and police were not called. ",8,37.785899,-122.39937,061501,2002,2,,,,,,,0,
Cruise,3/24/18,12:55 PM,2017,Chevrolet,Bolt,Francisco St & Divisadero,San Francisco,San Francisco,94123,Moving,Moving,2,Moderate,Autonomous,Unknown,Unknown,Unknown,Unknown,Unknown,Unknown,Rear End,Compact Car,Intersection,Vehicle 2,1,"The driver of the Cruise AV later experience stiffness in his neck, sought treatment and was released to return to work ","A Cruise autonomous vehicle (""Cruise AV""), was involved in a collision while operating in autonomous mode, driving eastbound on Francisco Street between Broderick and Divisadero. While approaching a stop sign, the Cruise AV was rear ended causing damage to the rear bumper. The driver ofthe Cruise AV later experience stiffness in his neck, sought treatment and was released to return to work. The police were not called. ","7, 8, 9",37.800908,-122.443035,012700,2005,2,,,,,,,0,
Cruise,3/24/18,1:54 AM,2017,Chevrolet,Bolt,Sutter St & Grant St,San Francisco,San Francisco,94108,Moving,Moving,3,Minor,Autonomous,Unknown,Unknown,Unknown,Unknown,Unknown,Unknown,Rear End,Compact Car,Intersection,Vehicle 2,0,None,"A Cruise autonomous vehicle (""Cruise AV""), was involved in a collision while operating in autonomous mode, driving westbound on Sutter Street. As the Cruise AV was approaching the intersection with Grant A venue, a cyclist approached, splitting the lane and riding in the wrong direction on the lane line between the Cruise AV and a row of parked cars adjacent to the Cruise AV. The Cruise AV slowed as the cyclist approached and passed, and during this time a taxi driving behind the Cruise AV bumped into the rear ofthe Cruise AV, causing scratches and a dent to the Cruise AV. The taxi driver initially pulled over to check for damage to his vehicle, but then drove away without exchanging information. There were no injuries and police were not called. ","7, 8, 9",37.789632,-122.405399,011700,3001,3,,,,,,,0,
Cruise,3/27/18,12:53 PM,2017,Chevrolet,Bolt,Ninth St & Howard St,San Francisco,San Francisco,94103,Moving,Moving,2,Minor,Autonomous,Unknown,Unknown,Unknown,Unknown,Unknown,Unknown,Side Swipe,Compact Car,Straight Road,Vehicle 2,0,None,"A Cruise autonomous vehicle (""Cruise AV""),was involved in a collision while operating in autonomous mode, traveling in heavy traffic northbound on Ninth Street between Howard and Folsom Streets. A vehicle behind the Cruise AV was changing multiple lanes from the lane to the right of the Cruise AV across to the lane to the left of the Cruise AV. While completing that movement, the other vehicle clipped the corner ofthe Cruise A V. There were no injuries and the police were not called. ","9, 10",37.774992,-122.413161,017803,3002,3,,,,,,,0,
Cruise,3/29/18,11:04 AM,2017,Chevrolet,Bolt,Powell St& Vallejo St,San Francisco,San Francisco,94133,Stopped in Traffic,Moving,2,Minor,Conventional,Unknown,Unknown,Unknown,Unknown,Unknown,Unknown,Side Swipe,Two-Wheels,Intersection,Vehicle 2,1,"the scooter driver appeared to have scraped her legs, but did not seek medical attention","A Cruise autonomous vehicle (''Cruise A V''), was involved in a collision while operating in conventional mode, on southbound Powell Street at the intersection with Vallejo Street. As the Cruise AV was stopped at the four-way stop. a scooter turning right onto Powell from westbound Vallejo lost control and collided with the Cruise AV, damaging the left side view mirror. The scooter driver appeared to have scraped her legs, but did not seek medical attention. The police were not called. ",1,37.800979,-122.411128,010600,3002,3,41.3,1026,240,86,668,22,0,38417
B,4/6/18,12:17 PM,2017,Chevrolet,Pacifica,Grant Road and Covington Road,Mountain View,Santa Clara,94040,Stopped in Traffic,Moving,2,Minor,Autonomous,Clear,Daylight,Dry,No Unusual Conditions,Stopped,Proceeding Straight,Rear End,Mid-Sized Car,Highway/Freeway,Vehicle 2,0,None,"A Toyota Research Institute Vehicle (the 'TRI Vehicle"") was travelling under manual control in the #1 lane on I-80 Eastbound near the Pomona Street exit in Crockett. A Hyundai attempted to change from the #3 lane to the #2 lane. The Hyundai impacted a Prius that was already in the #2 lane, which caused the Prius to enter the #1 lane, where it impacted the TRI Vehicle. The TRI Vehicle then impacted the
center barrier and came to a stop in the roadway. The Hyundai stopped on the right shoulder, and the Prius eventually came to rest along the dirt embankment The California Highway Patrol responded to the scene, and the vehicles were cleared off the roadway. ","7, 8, 9",37.36511,-122.07841,509901,6004,6,,,,,,,0,
C,5/13/18,12:15 AM,2017,Chevrolet,Bolt,Franklin Street & Vallejo Street,San Francisco,San Francisco,94123,Stopped in Traffic,Moving,2,Moderate,Autonomous,Clear,Dark - Street Lights,Dry,No Unusual Conditions,Stopped,Passing Other Vehicle,Rear End,Mid-Sized Car,Street,Vehicle 2,1,One of the Cruise AV testers sitting in the front passenger seat later reported stiffness in his neck but did not seek medical treatment,"A Cruise autonomous vehicle (""Cruise AV""), was involved in a collision while operating in autonomous mode, on the northbound side of Franklin Street between Vallejo and Green Streets. The Cruise AV was stopped waiting to maneuver around a double-parked vehicle. Another vehicle directly behind the Cruise AV attempted to pass the Cruise AV on the left, and in doing so clipped the left rear corner of the Cruise AV as it passed, damaging the bumper and left rear sensor. The other vehicle did not stop. One of the Cruise AV testers sitting in the front passenger seat later reported stiffness in his neck but did not seek medical treatment. The police were not called. ",7,37.79648,-122.42525,013101,3002,3,,,,,,,0,
C,5/22/18,10:50 AM,2017,Lincoln,MKZ,Borregas turning right onto Gilbraltar,Sunnyvale,Santa Clara,94089,Stopped in Traffic,Moving,2,Minor,Autonomous,Cloudy,Daylight,Dry,No Unusual Conditions,Stopped,Making Right Turn,Rear End,Compact Car,Intersection,Vehicle 2,0,None,"A Cruise autonomous vehicle (""Cruise AV"") was involved in a collision while operating in autonomous mode on the northbound side of Powell Street between Washington and Jackson Streets. The Cruise AV was stopped waiting for a pedestrian to clear the crosswalk then initiated a right turn onto Jackson Street. Another vehicle directly behind the Cruise AV rear ended the Cruise AV, damaging the rear bumper. There were no injuries and the police were not called. ",8,37.404865,-122.020383,504602,1105,1,33.1,2325,378,37,293,1525,92,110536
C,5/22/18,7:27 AM,2017,Chevrolet,Bolt,Powell Street & Jackson Street,San Francisco,San Francisco,94133,Moving,Moving,2,Minor,Autonomous,Cloudy,Daylight,Dry,No Unusual Conditions,Making Right Turn,Proceeding Straight,Rear End,Mid-Sized Car,Intersection,Vehicle 2,0,None,"A Cruise autonomous vehicle (""Cruise AV"") was involved in a collision while operating in autonomous mode on the northbound side of Powell Street between Washington and Jackson Streets. The Cruise AV was stopped waiting for a pedestrian to clear the crosswalk then initiated a right turn onto Jackson Street. Another vehicle directly behind the Cruise AV rear ended the Cruise AV, damaging the rear bumper. There were no injuries and the police were not called.","7, 8",37.795615,-122.409899,011300,1004,1,,,,,,,0,
C,5/23/18,12:50 PM,2017,Chevrolet,Bolt,Bryant Street between 10th Street 11th Streets,San Francisco,San Francisco,94133,Stopped in Traffic,Moving,2,Moderate,Conventional,Clear,Daylight,Dry,No Unusual Conditions,Stopped,Proceeding Straight,Rear End,Compact Car,Street,Vehicle 2,0,None,"A Cruise autonomous vehicle ( "" Cruise AV "" ) was involved in a collision while operating in conventional mode on Bryant Street between 10th and 11th Streets. Bryant Street is a one-way street heading northeast at that location. The Cruise AV was stopped waiting for pedestrians to clear the sidewalk before making a right turn into a driveway. A vehicle that had turned left onto Bryant Street from 11th Street coll ided with the Cruise AV, damaging the rear bumper and left rear sensor. There were no injuries and the police were not called.","7, 8",37.772829,-122.406326,018000,4012,4,40.7,895,436,89,201,99,45,250001
B,5/25/18,3:51 PM,2017,Chrysler,Pacifica,100 Mayfield Avenue,Mountain View,Santa Clara,94043,Stopped in Traffic,Moving,2,Minor,Autonomous,Cloudy,Daylight,Dry,No Unusual Conditions,Parked,Parking Maneuver,Broadside,Truck/Bus,Parking,Vehicle 2,0,None,"A Waymo autonomous vehicle (""Waymo AV"") in autonomous mode was broadsided while stationary in a parking lot at 100 Mayfield Ave.
in Mountain View, CA. The Waymo AV was stopped for approximately 65 seconds when a vehicle backing out of a parking spot made
contact with the Waymo AV's driver's-side sliding door and rear quarter panel at approximately 2 mph. There were no injuries reported at
the scene by either party. The operator of the Waymo AV disengaged autonomous mode while the other vehicle pulled back into the spot it
had previously occupied. Both parties then exchanged information. . ","4, 5",37.40718,-122.104659,509302,1009,1,44,1329,779,0,308,82,160,234688
C,5/25/18,6:37 PM,2017,Chevrolet,Bolt,Jackson Street & Jones Street,San Francisco,San Francisco,94109,Moving,Stopped in Traffic,2,Minor,Conventional,Clear,Daylight,Dry,No Unusual Conditions,Parking Maneuver,Parked,Hit Object,Mid-Sized Car,Intersection,Vehicle 1,0,None,"A Cruise autonomous vehicle ( "" Cruise AV "" ) was involved in a collision while operating in conventional mode on Bryant
Street between 10th and 11th Streets. Bryant Street is a one-way street heading northeast at that location. The Cruise AV
was stopped waiting for pedestrians to clear the sidewalk before making a right turn into a driveway. A vehicle that had turned
left onto Bryant Street from 11th Street coll ided with the Cruise AV, damaging the rear bumper and left rear sensor. There were
no injuries and the police were not called.","7, 8, 9",37.794988,-122.414826,010800,3007,3,,,,,,,0,
C,6/3/18,8:29 PM,2017,Chevrolet,Bolt,Hyde Street and Washington Street,San Francisco,San Francisco,94109,Stopped in Traffic,Moving,2,Moderate,Autonomous,Clear,Dusk-Dawn,Dry,No Unusual Conditions,Stopped,Proceeding Straight,Rear End,Mid-Sized Car,Intersection,Vehicle 2,1,"The driver of the Cruise AV later experienced stiffness in his neck, sought treatment",,"7, 8, 9",37.793684,-122.417936,011001,1002,1,,,,,,,0,
C,6/11/18,9:41 AM,2017,Chevrolet,Bolt,Bryant between 10th and 11th Street,San Francisco,San Francisco,94103,Moving,Moving,2,Minor,Autonomous,Clear,Daylight,Dry,No Unusual Conditions,Slowing/Stopping,Proceeding Straight,Rear End,Compact Car,Street,Vehicle 2,0,None,"A Cruise autonomous vehicle (""Cruise AV"") was rear-ended while operating in autonomous mode on Bryant Street between 10th Street and
11th Street. The Cruise AV had just made a left turn from 11th Street onto Bryant when a second Cruise autonomous vehicle directly behind
operating in conventional mode contacted the rear bumper of the Cruise AV, causing minor scuffs to both vehicles. There were no injuries and
the police were not called. ","7, 8, 9",37.77063,-122.41248,017700,2011,2,,,,,,,0,
B,6/13/18,7:31 AM,2017,Chrysler,Pacifica,"Highway 85, Northbound",Mountain View,Santa Clara,94041,Moving,None,1,Moderate,Conventional,Clear,Daylight,Dry,No Unusual Conditions,Changing Lanes,Unknown,Side Swipe,Mid-Sized Car,Highway/Freeway,Vehicle 1,0,None,"A Waymo autonomous vehicle (""Waymo AV"") traveling on Highway 85 N inMountain View struck the median divide after the driver
disengaged the vehiclefrom au tonomous mode to manual mode and allowed the vehicle to drift out of its lane while in manual mode. The
Waymo A V experienced moderate damage to its front left tire and bumper. There were no other vehicl es involved and no inj uries were
reported at the scene. ","1, 2",37.388528,-122.075734,509700,1003,1,,,,,,,0,
Aurora,6/20/18,1:49 PM,2017,Lincoln,MKZ,Pagemill Road after 280 exit ramp,Palo Alto ,Santa Clara,94306,Moving,Moving,2,Minor,Conventional,Clear,Daylight,Dry,No Unusual Conditions,Slowing/Stopping,Proceeding Straight,Rear End,Mid-Sized Car,Ramp,Vehicle 2,0,None,"An Aurora test vehicle was being manually driven ( conventional mode) for data collection in Palo Alto near Pagemill Rd and the 280 off-ramp at around 1:50pm on Wednesday 06/20/2018. As the driver of the Aurora test vehicle approached the end of the off-ramp, he witnessed ahead of him a squirrelenter and then stop itself in the middle of the ramp. The driver proceeded to begin a slow and steady deceleration of the Aurora test vehicle to avoid maiming the animal. A silver Lexus traveling behind the Aurora test vehicle then rear ended the test vehicle. There were no injuries and the parties exchanged information. Though the police were not called, a CHP officer was already in the vicinity addressing an abandoned vehicle. The officer consulted with the parties but ultimately concluded no further action was needed. ","7, 8, 9, 10",37.415728,-122.130765,510600,2002,2,,,,,,,0,
C,6/22/18,1:05 PM,2017,Chevrolet,Bolt,El Camino del Mar and Land's End Trail,San Francisco,San Francisco,94121,Moving,None,1,Minor,Autonomous,Clear,Daylight,Dry,No Unusual Conditions,Proceeding Straight,Unknown,Other,Mid-Sized Car,Street,Vehicle 2,0,None,"A Cruise autonomous vehicle (""Cruise AV""), operating in autonomous mode,was traveling westbound on El Camino Del Mar between 32nd Ave and Legion of Honor Drive. The Cruise AV was struck by agolf ball from a nearby golf course causing damage to the Cruise AV's front driver windshield. There were no injuries and police were not called.",19,37.786706,-122.49325,042800,2000,2,49.7,621,321,31,182,23,64,250001
C,6/29/18,2:52 PM,2017,Chevrolet,Bolt,Mission Street and 17th Street,San Francisco,San Francisco,94110,Moving,Moving,2,Moderate,Autonomous,Clear,Daylight,Dry,No Unusual Conditions,Proceeding Straight,Making Left Turn,Rear End,Compact Car,Intersection,Vehicle 2,0,None,"A Cruise autonomous vehicle ("" Cruise AV"" ), operating in autonomous mode, was involved in a collision while traveling westbound on 17th Street through the intersection with Mission Street. The Cruise AV was struck on its left rear corner by another vehicle making a left turn from eastbound 17th Street onto Mission Street. This caused damage to the Cruise AV' s rear bumper. There were no injuries and police were not called.","7, 8",37.763428,-122.419513,020802,1002,1,,,,,,,0,
C,7/5/18,7:35 AM,2017,Chevrolet,Bolt,Hayes Street & Fillmore Street,San Francisco,San Francisco,94117,Moving,Moving,2,Moderate,Autonomous,Clear,Daylight,Dry,No Unusual Conditions,Making Right Turn,Proceeding Straight,Rear End,Compact Car,Intersection,Vehicle 2,0,None,"A Cruise autonomous vehicle (""Cruise AV""), operating in autonomous mode, was involved in a collision while turning right from eastbound Hayes Street onto Fillmore Street. Another vehicle, while pulling out ofits parking spot behind the Cruise AV, scraped the Cruise AV's rear bumper. There were no injuries and police were not called. ","7, 8, 9",37.775833,-122.431198,016300,4002,4,,,,,,,0,
C,7/8/18,7:35 AM,2017,Chevrolet,Bolt,Sutter Street & Market Street,San Francisco,San Francisco,94104,Stopped in Traffic,None,1,Minor,Autonomous,Clear,Daylight,Dry,No Unusual Conditions,Stopped,Unknown,Head On,Pedestrian,Intersection,Vehicle 2,0,None,"A Cruise autonomous vehicle ("" Cruise AV"" ) while operating in autonomous mode, was involved in an incident on westbound Sutter Street at the intersection with Sansome Street when a jaywalking pedestrian approached the Cruise AV and intentionally
stepped up onto the hood of the vehicle while the Cruise AV was stopped at a red light, resulting in a dent on the hood. The pedestrian then stepped off and walked away. There were no injuries and the police were not called.",17,37.789029,-122.401749,061501,3000,3,,,,,,,0,
B,7/9/18,5:52 PM,2017,Chrysler,Pacifica,Middlefield Road at Oregon Expressway,Palo Alto,Santa Clara,94303,Stopped in Traffic,Moving,2,Minor,Autonomous,Clear,Daylight,Dry,No Unusual Conditions,Stopped,Slowing/Stopping,Rear End,Compact Car,Intersection,Vehicle 2,0,None,"A Waymo autonomous vehicle (""Waymo AV"") in autonomous mode was rear-ended while it was traveling northwest on Middlefield Road
at Oregon Expressway in Palo Alto. The Waymo AV was approaching the right-only turn lane and came to a stop prior to the tum in
reaction to a third vehicle passing on its left potentially entering into its lane, The vehicle traveling behind collided with the Waymo AV at
approximately 13 mph, The Waymo AV experienced minor damage to a sensor and rear bumper. The other vehicle experienced minor
damage to its front bumper. There were no injuries reported at the scene by either party. ",8,37.435749,-122.13304,510900,1000,1,,,,,,,0,
B,7/19/18,4:03 PM,2017,Chrysler,Pacifica,West Middlefield Rd,Mountain View,Santa Clara,94041,Stopped in Traffic,Moving,2,Minor,Autonomous,Clear,Daylight,Dry,No Unusual Conditions,Stopped,Slowing/Stopping,Rear End,Mid-Sized Car,Intersection,Vehicle 2,0,None,"A Waymo autonomous vehicle (""Waymo AV"") was in autonomous mode at a red traffic light on West Middlefield Road at Rengstorff
Avenue. The Waymo AV was yielding to cross traffic coming from the left when a vehicle from behind approached and made contact with
the rear of the Waymo AV. ",8,37.409229,-122.084198,509202,3000,3,31.1,803,285,20,403,95,0,212240
C,7/20/18,2:56 PM,2017,Chevrolet,Bolt,Geary Blvd & 42nd Street,San Francisco,San Francisco,94121,Stopped in Traffic,Moving,2,Minor,Autonomous,Clear,Daylight,Dry,No Unusual Conditions,Stopped,Unknown,Rear End,Mid-Sized Car,Intersection,Vehicle 2,0,None,"A Cruise autonomous vehicle (""Cruise AV""), operating in autonomous mode, was rear ended by another vehicle while stopped at a four way
stop on eastbound Geary Bl vd at 42nd Street, cracking a rear plastic sensor casing of the Cruise AV. There were no injuries and the police
were not called.",7,37.77961,-122.502972,047902,1005,1,,,,,,,0,
B,7/23/18,4:52 PM,2017,Chrysler,Pacifica,Vicente Drive,Sunnyvale,Santa Clara,94086,Moving,Stopped in Traffic,2,Minor,Conventional,Clear,Daylight,Dry,No Unusual Conditions,Slowing/Stopping,Stopped,Head On,Mid-Sized Car,Intersection,Vehicle 1,0,None,"A Waymo autonomous vehicle (""Waymo AV"") was being driven in manual at about 3 mph when it made contact with the rear bumper of
the vehicle preceding it on Vicente Road. Both vehicles were attempting to make a right turn onto Bernardo Ave. There were no injuries
reported at the scene.",16,37.376041,-122.05613,509107,3003,3,30.2,1577,442,94,594,424,23,132778
B,7/26/18,2:47 PM,2017,Chrysler,Pacifica,NB Central Expressway at Shoreline Boulevard,Mountain View,Santa Clara,94043,Stopped in Traffic,Moving,2,Minor,Autonomous,Clear,Daylight,Dry,No Unusual Conditions,Slowing/Stopping,Proceeding Straight,Rear End,Compact Car,Intersection,Vehicle 2,0,None,"A Waymo autonomous vehicle (""Waymo AV"") was rear-ended while stopping for a red light in autonomous mode at the intersection of northbound Central Expressway and Shoreline in Mountain View, CA. There were no injuries. ","7, 8, 9",37.421865,-122.070895,504601,1007,1,,,,,,,0,
C,7/31/18,3:15 PM,2017,Chevrolet,Bolt,10th Street between Divison and Bryant Street,San Francisco,San Francisco,94103,Stopped in Traffic,Moving,2,Minor,Autonomous,Clear,Daylight,Dry,No Unusual Conditions,Stopped,Unknown,Side Swipe,Mid-Sized Car,Street,Vehicle 2,0,None,"A Cruise autonomous vehicle ("" Cruise AV"" ), stopped in autonomous mode behind a double-parked delivery truck, was
struck on its left side mirror by a passing vehicle traveling southeast-bound on 10th Street between Divison and Bryant Streets,
scratching the mirror casing. There were no injuries and police were not called. ",1,37.770348,-122.409736,017700,1010,1,,,,,,,0,
B,8/6/18,2:25 PM,2017,Chrysler,Pacifica,Middlefield Road and Bryson Avenue,Palo Alto,Santa Clara,94306,Stopped in Traffic,Moving,2,Minor,Autonomous,Clear,Daylight,Dry,No Unusual Conditions,Stopped,Proceeding Straight,Rear End,Compact Car,Intersection,Vehicle 2,0,None,"A Waymo autonomous vehicle (""Waymo AV"") in autonomous mode was rear-ended while traveling southeast on Middlefield Road at the Bryson Avenue intersection in Palo Alto. As the Waymo AV was stopped, the vehicle following it made contact at low speed. There were minor damages and no injuries reported at the scene by either party. ","7, 8, 9",37.43318,-122.12997,510900,1006,1,,,,,,,0,
C,8/7/18,9:36 AM,2017,Chevrolet,Bolt,Gough Street & Fell Street,San Francisco,San Francisco,94102,Moving,Moving,2,Minor,Autonomous,Clear,Daylight,Dry,No Unusual Conditions,Proceeding Straight,Unknown,Side Swipe,Two-Wheels,Intersection,Vehicle 2,0,None,"A Cruise autonomous vehicle ("" Cruise AV"" ), operating in autonmous mode, was involved in a collision while traveling southbound on Gough Street at the intersection with Fell Street. The Cruise AV was driving in its lane when a motorocycle tried to overtake it on the left side. As it passed the Cruise AV, the motorcycle made contact with the left side of the Cruise AV and clipped the left front articulating radar. There were no injuries. The police were called but declined to respond citing the lack of any reported injuries. ",1,37.77595,-122.422788,016200,2010,2,,,,,,,0,
E,8/7/18,11:50 AM,2016,Lexus,LX 600HL,I-80 East,Crockett,Contra Costa,94525,Moving,Moving,3,Major,Conventional,Clear,Daylight,Dry,No Unusual Conditions,Proceeding Straight,Proceeding Straight,Hit Object,Two-Wheels,Street,Vehicle 2,0,None,"A Toyota Research Institute Vehicle (the 'TRI Vehicle"") was travelling under manual control in the #1 lane on I-80 Eastbound near the Pomona Street exit in Crockett. A Hyundai attempted to change from the #3 lane to the #2 lane. The Hyundai impacted a Prius that was already in the #2 lane, which caused the Prius to enter the #1 lane, where it impacted the TRI Vehicle. The TRI Vehicle then impacted the center barrier and came to a stop in the roadway. The Hyundai stopped on the right shoulder, and the Prius eventually came to rest along the dirt embankment The California Highway Patrol responded to the scene, and the vehicles were cleared off the roadway. ","10, 11, 12, 13, 16, 17, 18",38.050883,-122.23035,357000,1012,1,41.9,1013,595,119,38,219,42,90655
B,8/10/18,4:07 PM,2017,Chrysler,Pacifica,Central Expwy. and S. Shoreline Blvd.,Mountain View,Santa Clara,94043,Moving,Moving,2,Minor,Conventional,Clear,Daylight,Dry,No Unusual Conditions,Slowing/Stopping,Proceeding Straight,Rear End,Mid-Sized Car,Ramp,Vehicle 2,0,None,"A Waymo autonomous vehicle (""Waymo AV"") in manual mode was rear-ended while traveling on the ramp from Central Expressway onto
southbound South Shoreline Boulevard. The Waymo AV driver applied braking before the merge to give way to an approaching vehicle.
The passenger vehicle traveling behind collided with the rear of the Waymo AV. The Waymo AV experienced minor damage, and the other
vehicle experienced minor damage to its front bumper. There were no injuries reported at the scene by either party. ","8,9",37.397349,-122.08188,509201,1008,1,,,,,,,0,
A,8/11/18,3:38 PM,2017,Toyota,Highlander,Moscow St & France Ave,San Francisco,San Francisco,94112,Moving,Stopped in Traffic,2,Minor,Conventional,Unknown,Daylight,Dry,No Unusual Conditions,Proceeding Straight,Parked,Rear End,Compact Car,Reverse,Vehicle 1,0,None,"On Saturday, August 11th at 3:38 PM PST a Zoox vehicle, operated in manual mode, was reversing at <l mph when its rear bumper made
contact with a stationary and unoccupied vehicle, causing minor damage to the other vehicle's bumper. There were no injuri es . ",8,37.716594,-122.431153,026003,2007,2,,,,,,,0,
C,8/14/18,8:23 AM,2017,Chevrolet,Bolt,Ellis Street & Pierce Street,San Francisco,San Francisco,94115,Moving,Moving,2,Minor,Autonomous,Fog/Visibility,Daylight,Dry,No Unusual Conditions,Proceeding Straight,Changing Lanes,Side Swipe,Mid-Sized Car,Street,Vehicle 2,0,None,"A Cruise autonomous vehicle ("" Cruise AV"" ), operating in autonmous mode, was traveling southbound on Pierce Street between Ellis and Eddy Streets when a vehicle that had changed lanes to pass it on the left, turned back into the Cruise AV's lane too tightly and clipped the Cruise AV's front left radar damaging the sensor and it's casing. There were no injuries and
police were not called. The driver of the other vehicle did not stop after the collision. ",1,37.78194,-122.435814,015801,1003,1,,,,,,,0,
C,8/16/18,6:52 PM,2017,Chevrolet,Bolt,3rd Street & 22nd Street,San Francisco,San Francisco,94107,Moving,Moving,2,Minor,Autonomous,Clear,Daylight,Dry,No Unusual Conditions,Proceeding Straight,Changing Lanes,Side Swipe,Mid-Sized Car,Street,Vehicle 2,0,None,"A Cruise autonomous vehicle("" Cruise AV"" ), operating in autonmous mode, was traveling northbound on 3rd Street between 22nd and 23rd Streets when a vehicle passing it on the left merged into the Cruise A V's lane too tightly and clipped the Cruise AV's front left radar bending the bracket that holds the sensor casing. There were no injuries and police were not called.",1,37.75794,-122.388316,022600,1008,1,,,,,,,0,
B,8/20/18,8:18 PM,2017,Chrysler,Pacifica,Gretel Lane at Barbara Avenue,Mountain View,Santa Clara,94040,Stopped in Traffic,Moving,2,Minor,Autonomous,Clear,Daylight,Dry,No Unusual Conditions,Stopped,Proceeding Straight,Rear End,Compact Car,Intersection,Vehicle 2,0,None,"A Waymo autonomous vehicle (""Waymo AV"") in manual mode was rear-ended while traveling on the ramp from Central Expressway onto southbound South Shoreline Boulevard. The Waymo AV driver applied braking before the merge to give way to an approaching vehicle.
The passenger vehicle traveling behind collided with the rear of the Waymo AV. The Waymo AV experienced minor damage, and the other vehicle experienced minor damage to its front bumper. There were no injuries reported at the scene by either party. ","7, 8",37.377179,-122.07862,509802,2015,2,,,,,,,0,
Apple,8/24/18,2:58 PM,2016,Lexus,RX 450h,Kifer Road and Lawrence Expressway,Sunnyvale,Santa Clara,94086,Moving,Moving,2,Moderate,Autonomous,Clear,Daylight,Dry,No Unusual Conditions,Proceeding Straight,Proceeding Straight,Rear End,Compact Car,Intersection,Vehicle 2,0,None,"On August 24th at 2:58 PM, an Apple test vehicle in autonomous mode was rear-ended while preparing to merge onto Lawrence Expressway
South from Kifer Road. The Apple test vehicle was traveling less than 1 mph waiting for a safe gap to complete the merge when a 2016
Nissan Leaf contacted the Apple test vehicle at approximate ly 15 mph. Both vehicles sustained damage and no inj uries were reported by
either party.",7,37.376983,-122.019394,508707,2018,2,33.7,2272,689,128,893,500,24,232163
B,8/24/18,1:55 PM,2017,Chrysler,Pacifica,San Antonio Road,Palo Alto ,Santa Clara,94303,Stopped in Traffic,Moving,2,Minor,Autonomous,Clear,Daylight,Dry,No Unusual Conditions,Stopped,Proceeding Straight,Rear End,Mid-Sized Car,Street,Vehicle 2,0,None,"A Waymo autonomous vehicle (""Waymo AV"") in autonomous mode traveling southbound on San Antonio in Palo Alto, CA was stopped to yield to cross traffic when it was rear ended by a vehicle traveling at approximately 5 mph at the time of the collision. There was minor damage to both vehicles and no injuries reported at the scene by either party. ","8, 9",37.4223,-122.10166,510801,4000,4,49.6,984,550,0,401,3,30,148125
A,9/7/18,3:47 PM,2016,Toyota,Highlander,Mason and Eddy St,San Francisco,San Francisco,94102,Stopped in Traffic,Moving,2,Minor,Conventional,Clear,Daylight,Unknown,No Unusual Conditions,Stopped,Making Left Turn,Side Swipe,Truck/Bus,Intersection,Vehicle 2,0,None,"On September 7th, 2018, at approximately 3 :47 PM, a Zoox vehicle, operating in manual mode, was struck on the passenger side by a bus.
The Zoox vehicle was traveling southbound on Mason St. and making the left turn onto Eddy St, and had entered the intersection and was
stopped when the bus on the adjacent lane to the right struck the Zoox vehicle as it was turning into Eddy St. from Mason St. The bus
impacted the passenger-side sensor and fender.
The bus was traveling at less than 2 mph when it hit the Zoox vehicle, which was stopped. There were no injuries",0,37.784348,-122.409309,012503,1002,1,,,,,,,0,
C,9/8/18,6:50 PM,2017,Chevrolet,Bolt,McAllister Street & Hyde Street,San Francisco,San Francisco,94102,Moving,Moving,2,Minor,Conventional,Clear,Daylight,Dry,Unknown,Proceeding Straight,Merging,Side Swipe,Mid-Sized Car,Street,Vehicle 2,0,None,"A Cruise autonomous vehicle (""Cruise AV""), operating in manual mode, was traveling southbound on Hyde Street approaching McAllister Street when a parked vehicle pulled out in front of the Cruise AV making contact with with the Cruise A V's passenger side door causing light damage on both the front and rear passenger side door panels. There were no injuries and police were not called. ","9, 10, 11, 12, 13, 14, 15",37.780719,-122.415316,012405,1001,1,,,,,,,0,
C,9/9/18,1:20 PM,2017,Chevrolet,Bolt,Divisadero Street and Fell Street,San Francisco,San Francisco,94117,Stopped in Traffic,Moving,2,Minor,Conventional,Clear,Daylight,Dry,Unknown,Stopped,Proceeding Straight,Rear End,Compact Car,Street,Vehicle 2,0,None,"A Cruise autonomous vehicle (""Cruise AV""), operating in manual mode, was stopped in traffic southbound on Divisidero Street just past Fell Street when another vehicle rear ended the Cruise AV causing minor damage to the rear of the Cruise AV. The driver of the other vehicle did not stop. There were no injuries and police were not called.","7, 8, 9",37.774062,-122.437611,016400,2005,2,,,,,,,0,
B,9/14/18,7:03 PM,2017,Chrysler,Pacifica,Villa St. & Shoreline Blvd.,Mountain View,Santa Clara,94041,Stopped in Traffic,Moving,2,Minor,Autonomous,Clear,Daylight,Dry,No Unusual Conditions,Stopped,Making Right Turn,Rear End,Truck/Bus,Intersection,Vehicle 2,0,None,"A Waymo autonomous vehicle (""Waymo A V"") was stopped in A utonomous mode in the sliplane of Villa St. and Shoreline Blvd. in
Mountain V iew when a passenger vehicle struck the rear of the Waymo AV at low speed. T he Waymo AV sustained minor damage to the
rear bumper, and the passenger vehicle had minor damage to the front bumper. No injuries were reported at the scene. ",8,37.395559,-122.08335,509600,2007,2,,,,,,,0,
B,9/18/18,12:21 PM,2017,Chrysler,Pacifica,100 Mayfield Ave,Mountain View,Santa Clara,94043,Moving,Moving,2,Minor,Autonomous,Clear,Daylight,Dry,No Unusual Conditions,Making Left Turn,Proceeding Straight,Rear End,Mid-Sized Car,Parking,Vehicle 2,0,None,"A Waymo autonomous vehicle("" Waymo AV"" ) in autonomous mode was rear ended after entering the parking lot at l 00 Mayfield Ave. The Waymo AV was yielding for an oncoming vehicle while preparing to make a left turn inside the parking lot. There was minor damage to both vehicles and no injuries reported at the scene by either party. ",7,37.40718,-122.104659,509302,1009,1,44,1329,779,0,308,82,160,234688
C,9/22/18,4:48 PM,2019,Chevrolet,Bolt,Bryant Street and Mariposa Street,San Francisco,San Francisco,94107,Stopped in Traffic,Moving,2,Minor,Conventional,Clear,Daylight,Unknown,No Unusual Conditions,Parked,Parking Maneuver,Side Swipe,Mid-Sized Car,Parking,Vehicle 2,0,None,"A Cruise autonomous vehicle (""Cruise AV""), operating in manual mode, was parked on southbound Bryant Street just past
Mariposa Street when another vehicle pulled in front of the Cruise AV too tightly, scratching the left front bumper of the Cruise
AV and denting the right rear side of the other vehicle. There were no injuries. The police were called, but no report was
available at the time of the filing of this report. ",1,37.763028,-122.410244,022801,1013,1,,,,,,,0,
A,9/24/18,9:18 AM,2016,Toyota,Highlander,The Embarcadero and Broadway ,San Francisco,San Francisco,94111,Stopped in Traffic,Moving,1,None,Conventional,Clear,Daylight,Unknown,No Unusual Conditions,Stopped,Proceeding Straight,Rear End,Two-Wheels,Intersection,Vehicle 2,0,None,"A Waymo autonomous vehicle("" Waymo AV"" ) in autonomous mode was rear ended after entering the parking lot at l 00 Mayfield Ave. The Waymo AV was yielding for an oncoming vehicle while preparing to make a left turn inside the parking lot. There was minor damage to both vehicles and no injuries reported at the scene by either party. ",0,37.799233,-122.39767,010500,2001,2,,,,,,,0,
B,9/24/18,4:58 PM,2017,Chrysler,Pacifica, Rengstorff Ave. and Garcia Ave,Mountain View,Santa Clara,94043,Stopped in Traffic,Moving,2,Minor,Autonomous,Clear,Daylight,Dry,No Unusual Conditions,Stopped,Slowing/Stopping,Rear End,Truck/Bus,Intersection,Vehicle 2,0,None,"A Waymo autonomous vehicle("" Waymo AV"" ) in autonomous mode was rear ended after entering the parking lot at l 00 Mayfield Ave. The Waymo AV was yielding for an oncoming vehicle while preparing to make a left turn inside the parking lot. There was minor damage to both vehicles and no injuries reported at the scene by either party. ",8,37.425339,-122.093139,504601,1065,1,,,,,,,0,
A,10/12/18,3:04 PM,2016,Toyota,Highlander,Mason St. & Post St.,San Francisco,San Francisco,94102,Stopped in Traffic,Moving,2,Minor,Conventional,Clear,Daylight,Dry,No Unusual Conditions,Stopped,Changing Lanes,Rear End,Mid-Sized Car,Intersection,Vehicle 2,0,None,"On October 12th, 2018, at approximately 3:04 PM, a Zoox vehicle, operating in Conventional Mode, was rear-ended by a Honda Accord .
The Zoox vehicle was traveling southbound on Mason St and then stopped for a red light at the intersection of Mason St. and Post St. The
right-side of the front bumper of the Honda made contact with left-side of the back bumper of the Zoox vehicle as the Honda attempted to
pass to the left of the Zoox vehicle into the parking lane.
The Honda was traveling at less than 2 mph when it made contact with the stationary Zoox vehicle at the Mason St. and Post St intersection.
There were no injuries. The police were not called."" ",7,37.788081,-122.410057,012302,3001,3,,,,,,,0,
C,10/14/18,12:28 PM,2019,Chevrolet,Bolt,Cherry St. between California St. and Sacramento St. ,San Francisco,San Francisco,94118,Moving,Stopped in Traffic,2,Moderate,Conventional,Clear,Daylight,Dry,No Unusual Conditions,Passing Other Vehicle,Entering Traffic,Head On,Compact Car,Street,Vehicle 1,0,None,"A Cruise autonomous vehicle (""Cruise AV""), operating in manual mode, was parked on southbound Bryant Street just past
Mariposa Street when another vehicle pulled in front of the Cruise AV too tightly, scratching the left front bumper of the Cruise
AV and denting the right rear side of the other vehicle. There were no injuries. The police were called, but no report was
available at the time of the filing of this report. ","1, 18",37.786927,-122.456875,013300,5005,5,,,,,,,0,
B,10/15/18,9:07 PM,2017,Chrysler,Pacifica,Shoreline Blvd. at El Camino Real,Mountain View,Santa Clara,94040,Stopped in Traffic,Moving,2,Minor,Autonomous,Clear,Dark - Street Lights,Dry,No Unusual Conditions,Stopped,Making Right Turn,Rear End,Mid-Sized Car,Intersection,Vehicle 2,0,None,"A Waymo A utonomous Vehicle (""Waymo AV"") traveling in Autonomous mode southbound on Shoreline Boulevard, in the right hand slip lane, turning right onto westbound El Camino Real in Mountain View when the Waymo AV came to a stop to yield to approaching traffic from the left, when it was struck from behind by a passenger vehicle. T he Waymo AV sustained minor damage and the passenger vehicle had minor damage. T here were no injuries reported at the scene. ","7, 8",37.412004,-122.07831,504601,1084,1,43.2,1269,341,14,309,554,46,72891
Apple,10/15/18,10:28 AM,2017,Lexus,RX 450h,North Wolfe Road at Stewart Drive,Sunnyvale,Santa Clara,94085,Moving,Moving,2,Minor,Conventional,Clear,Daylight,Dry,No Unusual Conditions,Making Left Turn,Making Left Turn,Side Swipe,Mid-Sized Car,Intersection,Vehicle 2,0,None,"On October 15th at 10:28 AM, an Apple test vehicle in manual mode was side swiped while preparing to turn left onto Stewart Drive from North Wolfe Road. The Apple test vehicle was traveling at approximately 5 mph when a Toyota Camry traveling at approximately 15 mph
crossed out of its lane and contacted the Apple test vehicle. Both vehicles sustained minor damage and no injuries were reported. The police were notified that the driver of the Toyota Camry left without exchanging information. ",15,37.38098,-122.01181,508708,1048,1,,,,,,,0,
B,10/19/18,7:16 AM,2017,Chrysler,Pacifica,El Camino Real at Calderon Ave,Mountain View,Santa Clara,94041,Moving,Moving,2,Minor,Conventional,Clear,Daylight,Dry,No Unusual Conditions,Changing Lanes,Proceeding Straight,Side Swipe,Two-Wheels,Street,Vehicle 2,1,The motorcyclist reported injuries and was transported to the hospital for treatment,"A Waymo Autonomous Vehicle (""Waymo AV"") traveling in Autonomous mode southbound on Shoreline Boulevard, in the right hand slip lane, turning right onto westbound El Camino Real in Mountain View when the Waymo AV came to a stop to yield to approaching traffic from the left, when it was struck from behind by a passenger vehicle. T he Waymo AV sustained minor damage and the passenger vehicle had minor damage. There were no injuries reported at the scene. ","9, 10",37.387323,-122.087574,509801,1012,1,34,1544,485,89,479,474,17,133563
B,10/24/18,2:31 PM,2017,Chrysler,Pacifica,Shoreline Blvd. at El Camino Real,Mountain View,Santa Clara,94040,Stopped in Traffic,Moving,2,Moderate,Autonomous,Clear,Daylight,Dry,No Unusual Conditions,Stopped,Making Right Turn,Rear End,Mid-Sized Car,Intersection,Vehicle 2,0,None,"A Waymo Autonomous Vehicle (""Waymo AV"") traveling in Autonomous mode southbound on Shoreline Boulevard, in the right hand slip lane, turning right onto westbound El Camino Real in Mountain View when the Waymo AV came to a stop to yield to approaching traffic from the left, when it was struck from behind by a passenger vehicle. The Waymo AV sustained minor damage and the passenger vehicle
had minor damage. There were no injuries reported at the scene. ","6, 7",37.412004,-122.07831,504601,1084,1,43.2,1269,341,14,309,554,46,72891
C,10/26/18,1:28 PM,2019,Chevrolet,Bolt,SB on Gough St. between Fulton and Grove Streets,San Francisco,San Francisco,94117,Moving,Moving,2,Minor,Conventional,Clear,Daylight,Dry,No Unusual Conditions,Proceeding Straight,Proceeding Straight,Side Swipe,Two-Wheels,Street,Vehicle 2,0,None,"A Cruise autonomous vehicle (""Cruise AV""), operating in manual mode, was traveling southbound on Gough Street between Fulton and Grove Streets when a lane-splitting motorcycle passed the Cruise AV and knocked off the Cruise A V's front left radar cover. The driver of the motorcycle did not stop after the collision. There were no injuries and police were not called",1,37.769079,-122.443882,017101,3001,3,,,,,,,0,
C,10/27/18,1:52 PM,2019,Chevrolet,Bolt,4th Avenue and Cornwall Street,San Francisco,San Francisco,94118,Moving,Moving,2,Moderate,Conventional,Clear,Daylight,Dry,No Unusual Conditions,Proceeding Straight,Proceeding Straight,Broadside,Compact Car,Intersection,Vehicle 2,0,None,"A Cruise autonomous vehicle (""Cruise AV"") was involved in a collision in manual mode while traveling northbound on 4th Avenue at the
intersection with Cornwall Street. While proceeding through the intersection with the right of way, the driver of the Cruise AV made contact
with a vehicle that did not obey a stop sign, damaging the right rear passenger door and wheel well ofthe other vehicle and the center of the
Cruise A V's front bumper and front camera. There were no injuries. Police arrived at the scene but did not prepare a report. ","16, 17, 18",37.784907,-122.462415,040100,2003,2,,,,,,,0,
Aurora,11/2/18,3:00 PM,2017,Lincoln,MKZ,101 freeway between the University and East Palo Alto,Palo Alto,Santa Clara,94303,Moving,Moving,2,Minor,Conventional,Clear,Daylight,Unknown,No Unusual Conditions,Proceeding Straight,Proceeding Straight,Rear End,Mid-Sized Car,Street,Vehicle 2,0,None,"On November 2, 2018 at approximately 3:00 PM PST, an Aurora test vehicle, operating in Conventional Mode, was rear-ended
by a BMW 528i. The Aurora test vehicle was traveling Northbound on the 101 freeway between the University and East Palo Alto exits. The Aurora test vehicle was decelerating and nearly at a complete stop as it approached lead vehicles that were stopped due to heavy traffic conditions when the BMW following directly behind made contact with the test vehicle's rear bumper. There were no injuries, the parties exchanged information, and the police were not called. ",8,37.468827,-122.141075,612002,1005,1,,,,,,,0,
C,11/6/18,9:16 PM,2019,Chevrolet,Bolt,Steiner St. and Haight St.,San Francisco,San Francisco,94117,Moving,Moving,1,Minor,Autonomous,Clear,Dark - Street Lights,Dry,No Unusual Conditions,Proceeding Straight,Proceeding Straight,Broadside,Two-Wheels,Intersection,Vehicle 2,1,cyclist mentioned right shoulder pain,"A Cruise autonomous vehicle ("" Cruise AV"" ), operating in autonomous mode, was proceeding northbound on Steiner Street
at the intersection with Haight Street on a green light when a cyclist, traveling westbound through a red light, made contact with
the right rear corner of the Cruise AV. The cyclist mentioned right shoulder pain, but denied needing an ambulance and left the
scene on his own. The police were not called. ",9,37.771896,-122.432092,016700,1004,1,,,,,,,0,
B,11/7/18,11:30 AM,2017,Chrysler,Pacifica,Alma Street at Oregon Expressway,Palo Alto ,Santa Clara,94301,Stopped in Traffic,Moving,2,Minor,Autonomous,Clear,Daylight,Dry,No Unusual Conditions,Stopped,Proceeding Straight,Rear End,Compact Car,Ramp,Vehicle 2,0,None,"A Waymo autonomous vehicle (""Waymo AV"") in autonomous mode from southbound Alma Street onto southbound Oregon Expressway in
Palo Alto was stopped and yielding to traffic while waiting to make a right turn at a stop sign when it was rear-ended by a passenger vehicle
traveling at less than 1 MPH. The Waymo AV sustained minor damage to the bumper, and the passenger vehicle had minor damage to its
front bumper. No injuries were reported at the scene",8,37.427925,-122.139187,510900,1023,1,,,,,,,0,
B,11/14/18,9:20 AM,2017,Chrysler,Pacifica,Rengstorff A venue at Charleston Road,Mountain View,Santa Clara,94043,Moving,None,1,Minor,Conventional,Cloudy,Daylight,Dry,No Unusual Conditions,Proceeding Straight,Unknown,Hit Object,Mid-Sized Car,Intersection,Vehicle 1,0,None,"A Waymo autonomous vehicle (""Waymo AV"") in autonomous mode from southbound Alma Street onto southbound Oregon Expressway in Palo Alto was stopped and yielding to traffic while waiting to make a right turn at a stop sign when it was rear-ended by a passenger vehicle traveling at less than 1 MPH. The Waymo AV sustained minor damage to the bumper, and the passenger vehicle had minor damage to its front bumper. No injuries were reported at the scene",2,37.421865,-122.070895,504601,1007,1,,,,,,,0,
B,11/14/18,4:30 PM,2017,Chrysler,Pacifica,Alma Street at Oregon Expressway,Palo Alto ,Santa Clara,94301,Stopped in Traffic,Moving,2,Minor,Autonomous,Cloudy,Dusk-Dawn,Dry,No Unusual Conditions,Stopped,Proceeding Straight,Rear End,Compact Car,Ramp,Vehicle 2,0,None,"A Waymo Autonomous Vehicle (""Waymo AV"") was stopped in autonomous mode on the off-ramp from westbound Alma Street to
southbound Oregon Expressway in Palo Alto when it was rear-ended. The Waymo AV was yielding to cross-traffic when a passenger
vehicle made contact with the Waymo A V 's rear bumpe at approximately 9 MPH. The Waymo AV sustained minor damage to the rear
bumper, and the passenger vehicle had minor damage to the front bumper. No inj uries were reported at the scene.",7,37.427925,-122.139187,510900,1023,1,,,,,,,0,
C,11/15/18,10:29 PM,2019,Chevrolet,Bolt,14th St. and Van Ness Ave.,San Francisco,San Francisco,94103,Moving,Moving,2,Moderate,Conventional,Clear,Dark - Street Lights,Dry,No Unusual Conditions,Proceeding Straight,Proceeding Straight,Rear End,Two-Wheels,Intersection,Vehicle 2,0,None,"A Cruise autonomous vehicle("" Cruise AV"" ), operating in autonomous mode, was traveling eastbound on 14th Street between Natoma and South Van Ness Streets when the Cruise AV began to yield to a car on its left. The driver of the Cruise AV disengaged from autonomous mode, and shortly thereafter a motorcyclist made contact with the left rear bumper of the Cruise AV, causing damage to the Cruise AV' s rear bumper. There were no injuries and police were not called. ",9,37.768405,-122.417802,017700,2009,2,,,,,,,0,
C,11/15/18,11:16 AM,2019,Chevrolet,Bolt,Fulton St. and Baker St.,San Francisco,San Francisco,94117,Stopped in Traffic,Moving,2,Moderate,Autonomous,Clear,Daylight,Dry,No Unusual Conditions,Stopped,Passing Other Vehicle,Rear End,Mid-Sized Car,Intersection,Vehicle 2,0,None,"A Cruise aut.onomous vehicle("" Cruise AV"" ), operating in autonomous mode, was waiting for oncoming traffic to clear the
intersection before making a left turn onto Fulton Street from southbound Baker Street when another vehicle made contact with the right rear corner of the Cruise AV while attempting to pass it, causing damage to the Cruise AV' s rear bumper. There
were no injuries and police were not called. ","9, 10",37.776434,-122.441488,016500,1000,1,,,,,,,0,
B,11/18/18,12:57 PM,2017,Chrysler,Pacifica,W. Evelyn A venue at Castro Street,Mountain View,Santa Clara,94041,Moving,Moving,2,Minor,Conventional,Clear,Daylight,Dry,No Unusual Conditions,Making Right Turn,Making Right Turn,Rear End,Compact Car,Intersection,Vehicle 2,0,None,"A Waymo Autonomous Vehicle (""Waymo A V"") in manual mode traveling westbound on W. Evelyn Avenue was yielding to traffic while
waiting to make a right tum onto northbound Castro Street in Mountain View when it was rear-ended by a passenger vehicle traveling at
approximatel y 5 MPH. The Waymo AV sustained minor damage to the bumper, and the passenger vehicle had minor damage to its hood.
No injuries were reported at the scene.","7, 8",37.394757,-122.078385,509600,2018,2,,,,,,,0,
A,11/20/18,10:04 PM,2016,Toyota,Highlander,Stockton St. & Lombard St.,San Francisco,San Francisco,94133,Stopped in Traffic,Moving,2,None,Autonomous,Clear,Dark - Street Lights,Unknown,No Unusual Conditions,Stopped,Slowing/Stopping,Rear End,Mid-Sized Car,Intersection,Vehicle 2,0,None,"On November 20,2018, at approximately 10:04PM,a Zoox vehicle in autonomous mode made a gradual stop at the stop sign at the intersection of Stockton St and Lombard St. While waiting and stopped at the stop sign, the Zoox vehicle was rear-ended by an Infiniti M35. The lnfiniti made contact with the rear bumper of the Zoox vehicle . The Infiniti was traveling at approximately 5-10mph when it hit the Zoox vehicle. There were no inj uries and no visible damage to either vehicle.",0,37.803236,-122.409749,010401,2002,2,,,,,,,0,
C,11/24/18,9:48 AM,2019,Chevrolet,Bolt,Pine St. and Battery St.,San Francisco,San Francisco,94104,Moving,Moving,2,Moderate,Conventional,Clear,Daylight,Dry,No Unusual Conditions,Proceeding Straight,Proceeding Straight,Broadside,Compact Car,Intersection,Vehicle 2,2,The driver and one of the passengers of the Cruise AV suffered minor injuries,"A Cruise autonomous vehicle ("" Cruise AV"" ), operating in conventional mode, was traveling westbound on Pine Street and
entered the intersection at Battery Street when another vehicle, traveling southbound through a red light, made contact with the
right front corner of the Cruise AV, causing damage to the Cruise AV' s front bumper. The driver and one of the passengers of
the Cruise AV suffered minor injuries. The driver of the other vehicle was not injured and police were not called. ","16, 17, 18",37.792258,-122.399763,011700,2019,2,,,,,,,0,
B,11/28/18,3:25 PM,2017,Chrysler,Pacifica,San Antonio Road at Central Expressway,Palo Alto ,Santa Clara,94306,Stopped in Traffic,Moving,2,Minor,Autonomous,Cloudy,Daylight,Dry,No Unusual Conditions,Stopped,Proceeding Straight,Rear End,Compact Car,Ramp,Vehicle 2,0,None,"A Waymo Autonomous Vehicle (""Waymo AV"") was in autonomous mode at the merge onto northwest-bound Central Expressway exiting
the ramp from northeast-bound San Antonio Road in Palo Alto when it was rear-ended. The Waymo AV stopped to yield to traffic on
Central Expressway, after which the passenger vehicle immediately behind the Waymo AV struck the Waymo A V's rear bumper at
approximately 2 MPH. The Waymo AV sustained minor damage to its rear bumper, and the other vehicle had no apparent damage. No
injuries were reported at the scene.",8,37.407094,-122.109662,509404,1003,1,,,,,,,0,
B,11/29/18,6:33 AM,2017,Chrysler,Pacifica,Middlefield Road at Oregon Expressway,Palo Alto ,Santa Clara,94301,Stopped in Traffic,Moving,2,Minor,Autonomous,Clear,Dusk-Dawn,Wet,No Unusual Conditions,Stopped,Making Right Turn,Side Swipe,Truck/Bus,Intersection,Vehicle 2,0,None,"This OL3l6 report was submitted to the DMV on December 19, 2018 as an amendment to the original report which was submitted to the
DMV on December 13, 2018. This new report corrects clerical errors and includes new information of the other party.
A Waymo Autonomous Vehicle (""Waymo AV''.) was stopped in autonomous mode on Middlefield Road at Oregon Expressway in Palo Alto when a county bus came in contact with the passenger side mirror, pushing it towards the AV. The Waymo AV was stopped at a red
light, and the bus was making a right-on-red in the adjacent right turn lane. The Waymo AV sustained minor damage to the mirror, and the
bus d id not stop to exchange information. There were no injuries reported at the scene",14,37.435749,-122.13304,510900,1000,1,,,,,,,0,
C,12/1/18,9:58 AM,2019,Chevrolet,Bolt,Cyril Magnin St. and Ellis St.,San Francisco,San Francisco,94102,Moving,Moving,2,Minor,Autonomous,Raining,Daylight,Wet,No Unusual Conditions,Proceeding Straight,Making Left Turn,Rear End,Mid-Sized Car,Intersection,Vehicle 2,0,None,"A Cruise autonomous vehicle (""Cruise AV""), operating in autonomous mode, was proceeding straight after completing a left turn from northbound Cyril Magnin Street onto westbound Ellis Street when another vehicle, attempting to pass the Cruise AV on the left , made contact with the left rear bumper of the Cruise AV, damaging the left rear wheel well of the Cruise AV. There were no injuries and police
were not called. ","6, 7",37.785683,-122.408781,012301,3003,3,,,,,,,0,
B,12/3/18,10:34 AM,2017,Chrysler,Pacifica,View Street at California Street,Mountain View,Santa Clara,94041,Stopped in Traffic,Moving,1,None,Autonomous,Clear,Daylight,Dry,No Unusual Conditions,Stopped,Slowing/Stopping,Broadside,Two-Wheels,Intersection,Vehicle 2,0,None,"A Waymo Autonomous Vehicle (""Waymo AV"") was traveling in autonomous mode on northbound View Street at California Street in
Mountain View, approaching a four-way intersection with a traffic calming island. After coming to a complete stop at a two-way stop sign,
the Waymo AV determined it was safe to proceed through the intersection and began to do so, when it detected a bicyclist approaching
from the right. The Waymo AV then stopped for the bicyclist, whose front tire made contact with the passenger side of the stationary
Waymo AV at approximately 3 MPH. The bicyclist remained upright and rode away without exchanging information. No injuries or
damage were reported or observed. ",0,37.390369,-122.07827,509600,3023,3,,,,,,,0,
B,12/11/18,9:18 AM,2017,Chrysler,Pacifica,Alma Street at El Verano Avenue,Palo Alto ,Santa Clara,94306,Moving,None,1,Minor,Conventional,Fog/Visibility,Daylight,Unknown,Reduced Roadway Width ,Proceeding Straight,Unknown,Hit Object,Mid-Sized Car,Intersection,Vehicle 2,0,None,"A Waymo Autonomous Vehicle (""Waymo AV"") was traveling in manual mode on Alma Street at El Verano Avenue in Palo Alto when it
struck a curb. The Waymo AV was traveling at approximately 32 MPH in the number 2 lane heading northbound on Alma Street where the
number 3 lane ends after the intersection of El Verano Avenue. While nudging to avoid a car in the number 1 lane that drifted into the
number 2 lane, the Waymo AV struck the curb at the lane shift and the front passenger tire deflated. No injuries were reported at the scene. ",14,37.419927,-122.126634,510900,2006,2,,,,,,,0,
C,1/7/19,6:54 PM,2019,Chevrolet,Bolt,Folsom St. and 11th St.,San Francisco,San Francisco,94103,Moving,Moving,2,Moderate,Conventional,Clear,Dark - Street Lights,Dry,No Unusual Conditions,Making Left Turn,Changing Lanes,Side Swipe,Two-Wheels,Intersection,Vehicle 2,1,The scooterist reported injuries and emergency services,"A Cruise autonomous vehicle (""Cruise AV'), operating in conventional mode, was making left turn from northeast bound Folsom Street onto northwest bound 11th Street when scooterist, attempting to pass the Cruise AV on the left, made contact with the front left side of the Cruise AV, damaging the front left fender, radar, and wheel well of the Cruise AV. The scooterist reported injuries and emergency services and the police arrived at the scene, but the scooterist declined medical treatment. No police report was available at the time of the of this report filing. ","1, 2, 3",37.771864,-122.414027,017700,2011,2,,,,,,,0,
C,1/10/19,11:29 AM,2019,Chevrolet,Bolt,S. Van Ness Ave between 12th St. and 13th St.,San Francisco,San Francisco,94103,Moving,Moving,2,Minor,Autonomous,Clear,Daylight,Unknown,No Unusual Conditions,Proceeding Straight,Making Right Turn,Rear End,Compact Car,Street,Vehicle 2,0,None,"A Cruise autonomous vehicle (""Cruise A operating in autonomous mode, was traveling northbound on South Van Ness Street near the Howard Street fork when another vehicle, turning right onto South Van Ness from Howard, made contact with the right rear corner of the Cruise AV, causing damage to the Cruise AV's rear bumper: There were no injuries and police were not called. V)","9, 10, 11",37.769957,-122.417661,017700,2009,2,,,,,,,0,
Aurora,1/10/19,2:25 PM,2017,Lincoln,MKZ,Townsend and 3rd,San Francisco,San Francisco,94107,Stopped in Traffic,Moving,2,Moderate,Conventional,Clear,Daylight,Dry,No Unusual Conditions,Stopped,Proceeding Straight,Rear End,Compact Car,Intersection,Vehicle 2,0,None,"On 01/10/19 at 2.52pm, an Aurora vehicle, while stopped at a red traffic light in manual mode on Townsend and 3rd, was struck in the rear bumber by a Honda CR-V approaching from behind. There was moderate damage to the Aurora vehicle's right sensor; mount, and side quarter panel. There was minimal damage to the Honda's front right bumper. Both vehicles were operational and pulled over on side street to exchange vehicle and insurance information. No injuries were reported and no police were requested nor present at the scene.","8, 9, 10",37.778852,-122.39275,060701,1007,1,,,,,,,0,
B,1/26/19,3:24 PM,2017,Chrysler,Pacifica,Shoreline Blvd. at El Camino Real,Mountain View,Santa Clara,94041,Stopped in Traffic,Moving,2,Minor,Conventional,Clear,Daylight,Dry,No Unusual Conditions,Stopped,Making Right Turn,Rear End,Mid-Sized Car,Intersection,Vehicle 2,0,None,"Per the DMV's request of 02/21/2019, Waymo is resubmitting this OL316 so the DMV's digital version is compliant with accessibility requirements under AB 434_ Waymo's original report was submitted on 01/31/2019. Waymo Autonomous Vehicle (""Waymo AV"") in manual mode was yielding to check for crOSS traffic while in the slip lane to turn from southbound Shoreline Boulevard to westbound El Camino Real in Mountain View when it was rear-ended by a passenger vehicle. The Waymo AV sustained minor damage to the rear left of the vehicle, and the passenger vehicle had minor damage to the right of the vehicle. No injuries were reported_ front",7,37.392973,-122.084793,509600,2026,2,38.8,1215,286,0,180,749,0,108462
B,2/6/19,9:08 AM,2017,Chrysler,Pacifica,Central Expressway and Shoreline Boulevard,Mountain View,Santa Clara,94043,Stopped in Traffic,Moving,2,Minor,Autonomous,Cloudy,Daylight,Dry,No Unusual Conditions,Stopped,Proceeding Straight,Rear End,Compact Car,Highway/Freeway,Vehicle 2,2,No injuries were reported at the scene but the two operators in the Waymo AV later reported minor headache and neck soreness. They sought medical attention and both were cleared to return to work,"Per the DMV's request of 02/21/2019, Waymo is resubmitting this OL316 so the DMV's digital version is compliant with accessibility requirements under AB 434. Waymo's original report was submitted on 02/14/2019. Waymo Autonomous Vehicle Waymo AV"") was stopped in autonomous mode in the slip-lane from northbound Shoreline Boulevard to northbound Central Expressway in Mountain View when it was rear-ended  The Waymo AV was yielding to approaching traffic from the left when a passenger vehicle rear-ended the Waymo AV while travelling approximately MPH: The Waymo AV sustained minor damage to the rear bumper, and the passenger vehicle had minor damage to its front bumper. No injuries were reported at the scene but the two operators in the Waymo AV later reported minor headache and neck soreness They sought medical attention and both were cleared to return to work","7, 8",37.397349,-122.08188,509201,1008,1,,,,,,,0,
B,2/10/19,4:14 PM,2017,Chrysler,Pacifica,SB Highway 85 at El Camino Real,Mountain View,Santa Clara,94040,Moving,Moving,2,Minor,Conventional,Clear,Daylight,Dry,No Unusual Conditions,Changing Lanes,Proceeding Straight,Side Swipe,Mid-Sized Car,Street,Vehicle 1,0,None,"Per the DMV's request of 02/21/2019, Waymo is resubmitting this OL316 so the DMV's digital version is compliant with accessibility requirements under AB 434_ Waymo's original report was submitted on 02/19/2019. Waymo Autonomous Vehicle (""Waymo AV"" was traveling in autonomous mode in the far right lane o southbound Highway 85 passing El Camino Real in Mountain View A passenger vehicle entered the highway El Camino Real and made an unsafe maneuver crossing over a solid white line and cutting-in to the Waymo AV's lane Out of an abundance of caution; the Waymo AV's test driver hcronsica: the autonomous mode on the Waymo AV and made an evasive maneuver into the left adjacent lane at approximately 45 MPH: As the test driver made the maneuver; the Waymo AV came into contact with a second passenger vehicle that had been approaching from behind in the left adjacent lane_ The Waymo AV sustained minor damage and tire marks to the driver side of the vehicle; and the second passenger vehicle sustained no damage. The driver of the second passenger vehicle stopped to exchange information with the Waymo test driver; but after volunteering that there was no damage to their vehicle, left the scene The first passenger vehicle did not stop. There were no injuries reported. from","2, 3, 4, 5, 6",37.380566,-122.085286,509802,1002,1,,,,,,,0,
C,2/14/19,5:30 AM,2019,Chevrolet,Bolt,Gough St. and Fell St:,San Francisco,San Francisco,94102,Moving,Moving,2,Minor,Conventional,Raining,Dark - Street Lights,Wet,No Unusual Conditions,Proceeding Straight,Proceeding Straight,Rear End,Compact Car,Intersection,Vehicle 2,0,None,"Cruise autonomous vehicle (""Cruise AV""), operating in autonomous mode, was traveling southbound on Gough Street at the intersection with Fell Street when the Cruise AV began to yield to a car on its right: The driver of the Cruise AV disengaged from autonomous mode, and shortly thereafter; another vehicle made contact with the center rear bumper of the Cruise AV, damaging the rear radar mounting bracket of the Cruise AV_ There were no injuries and police were not called.",8,37.77595,-122.422788,016200,2010,2,,,,,,,0,
B,2/26/19,6:56 AM,2017,Chrysler,Pacifica,Miramonte Avenue at Covington Road,Los Altos,Santa Clara,94024,Stopped in Traffic,Moving,2,Major,Autonomous,Cloudy,Dusk-Dawn,Wet,No Unusual Conditions,Stopped,Proceeding Straight,Rear End,Mid-Sized Car,Intersection,Vehicle 2,0,None,"A Waymo Autonomous Vehicle (“Waymo AV”) was stopped in autonomous mode at the intersection of Miramonte Avenue and Covington Road in Los Altos when it was involved in a collision. The Waymo AV was traveling northbound on Miramonte Avenue, when it reached a four-way stop sign intersection. The Waymo AV stopped to yield to another vehicle at the intersection, at which time a passenger vehicle rear-ended the Waymo AV at approximately 39 MPH. At the time of the collision the Waymo AV had been stopped for approximately 1.5 seconds. The Waymo AV sustained major damage to its rear bumper, rear hatch, and rear quarter panels, and the passenger vehicle sustained major damage to its front bumper, hood, and front quarter panels. First responders attended to the scene, but neither party reported injuries.","6, 7, 8, 9, 10",37.378767,-122.087095,509801,3014,3,44.1,1556,764,0,498,137,157,216563
C,2/27/19,6:04 AM,2019,Chevrolet,Bolt,Gough St. between Haight St. and Rose St.,San Francisco,San Francisco,94102,Moving,Moving,2,Minor,Autonomous,Clear,Dark - Street Lights,Dry,No Unusual Conditions,Slowing/Stopping,Proceeding Straight,Rear End,Mid-Sized Car,Street,Vehicle 2,0,None,"A Cruise autonomous vehicle (""""Cruise AV""), operating in autonomous mode, was traveling southbound on Gough Street between Rose and Haight Streets when another vehicle, following closely behind the Cruise AV, made contact with the rear center bumper of the Cruise AV_ damaging two fastening clips on the underside of the Cruise AV'$ rear bumper: There were no injuries and police were not called","7, 8, 9",37.773151,-122.422229,016802,1010,1,,,,,,,0,
Lyft,2/28/19,2:06 PM,2017,Ford,Fusion,Northbound Shoreline Boulevard and Wright Ave,Mountain View,Santa Clara,94043,Stopped in Traffic,Moving,2,Minor,Conventional,Clear,Daylight,Dry,No Unusual Conditions,Stopped,Proceeding Straight,Rear End,Compact Car,Intersection,Vehicle 2,0,None,"At approximately 2:06 pm on February 28,2019,a Lyft Autonomous Vehicle (""Lyft AV"") operating in manual mode, was struck at very low from behind by a 3rd party passenger vehicle while waiting to make a protected left turn in Mountain View, CA The driver of the Lyft AV had been inched forward after being stopped at a red light for approximately 105 seconds on NB Shoreline Boulevard while waiting to make a left turn onto Wright Avenue. The driver of the 3rd party passenger vehicle verbally stated that she had pressed both the accelerator and the brake pedal simultaneously. The Lyft AV sustained minor damage to the rear bumper: The 3rd party passenger vehicle sustained minor damage to the front bumper and grill. No injuries were reported and the police were not notified speed","7, 8, 9",37.421865,-122.070895,504601,1007,1,,,,,,,0,
Lyft,3/6/19,8:24 AM,2018,Ford,Fusion,Alma Road approaching Charleston Road,Palo Alto,Santa Clara,94306,Moving,Stopped in Traffic,2,Minor,Conventional,Raining,Daylight,Wet,Unknown,Proceeding Straight,Stopped,Rear End,Compact Car,Intersection,Vehicle 1,0,None,"On March 6, 2019 at approximately 8:42 AM,a Lyft Autonomous Vehicle (""Lyft AV""), operating in full manual mode and heading westbound on Alma Street in Palo made a minor contact with the rear bumper of a 3rd party vehicle during rainy and wet roadway conditions_ The driver of the Lyft AV applied the brakes while coming to a stop for traffic before making contact at a very low speed  The Lyft AV sustained minor damage to a front sensor and brake: The 3rd party vehicle appeared to have very minor damage to the bumper but neither driver could confirm at the time. There were no injuries reported and the police were not notified: Alto;","16, 17, 18",37.415457,-122.119917,510803,2008,2,41.2,1501,510,49,697,184,61,150500
C,3/8/19,1:29 AM,2019,Chevrolet,Bolt,16th St. and Guerrero St.,San Francisco,San Francisco,94103,Moving,Moving,2,Minor,Autonomous,Clear,Dark - Street Lights,Dry,No Unusual Conditions,Making Right Turn,Entering Traffic,Rear End,Compact Car,Intersection,Vehicle 2,0,None,"A Cruise autonomous vehicle (""Cruise AV""), operating in autonomous mode, was making a right turn from 16th Street onto northbound Guerrero Street when another vehicle, entering traffic from a curbside parked position o westbound 16th Street, made contact with the right rear corner of the Cruise AV, damaging the Cruise AV's rear right bumper; wheel well, and rear parking sensor: The driver of the other vehicle drove away without exchanging information: There were no injuries and police were not called.","8, 9, 10",37.764783,-122.424103,020201,2004,2,,,,,,,0,
Lyft,3/12/19,4:05 PM,2018,Ford,Fusion,739 Pettis Avenue,Mountain View,Santa Clara,94041,Moving,Stopped in Traffic,2,Minor,Conventional,Clear,Daylight,Dry,No Unusual Conditions,Backing,Parked,Rear End,Compact Car,Reverse,Vehicle 1,0,None,"On March 12,2019 at approximately 4.07 pm; Lyft Autonomous Vehicle (""Lyft AV""), operating at full manual mode, made contact at approximately 2 mph with parked 3rd party vehicle while reversing during a multi-point turn There was no driver or passenger present in the 3rd party vehicle. The incident occurred on Pettis Avenue near El Camino Boulevard in Mountain View CA_ Minor damage is limited to the left rear bumper area of the Lyft AV (A01O) and the left rear driver's side of the 3rd party, pending further inspection The owner of the 3rd party vehicle came outside to exchange information with the operators No injuries were reported and the police were not notified.",7,37.389936,-122.090632,509500,3023,3,39.6,1624,871,45,214,365,129,107042
C,3/23/19,5:28 AM,2019,Chevrolet,Bolt,Eddy St. and Leavenworth St.,San Francisco,San Francisco,94109,Moving,Moving,2,Minor,Autonomous,Clear,Dark - Street Lights,Dry,No Unusual Conditions,Proceeding Straight,Proceeding Straight,Rear End,Compact Car,Intersection,Vehicle 2,2,Both of the Cruise AV testers sitting in passenger seats later sought medical attention for neck stiffness,"A Cruise autonomous vehicle (""Cruise AV""), operating in autonomous mode, was proceeding westbound o Eddy Street at the intersection with Leavenworth Street when another vehicle made contact with the center rear bumper of the Cruise AV, damaging the Cruise AV's left center rear bumper and radar connector:  Police were not called and no injuries were reported at the scene by either party. Both of the Cruise AV testers sitting in passenger seats later sought medical attention for neck stiffness","7, 8",37.783859,-122.413168,012502,4000,4,,,,,,,0,
C,3/24/19,10:50 PM,2019,Chevrolet,Bolt,11th St. and Folsom St.,San Francisco,San Francisco,94103,Moving,Moving,2,Moderate,Conventional,Clear,Dark - Street Lights,Dry,No Unusual Conditions,Making Left Turn,Proceeding Straight,Side Swipe,Compact Car,Intersection,Vehicle 1,0,None,"A Cruise autonomous vehicle ""Cruise AV""), operating in conventional mode, was making a left turn from southeast bound 1th Street onto northeast bound Folsom Street when the driver of the Cruise AV made contact with the rear driver side door of another vehicle that was proceeding through the green light on southwest bound 1lth Street, damaging both the other vehicle's rear driver side door and wheel well and the Cruise AV's front left bumper and wheel well. There were no injuries and police were not called.","1, 2, 18",37.771864,-122.414027,017700,2011,2,,,,,,,0,
B,3/26/19,9:09 AM,2017,Chrysler,Pacifica,E. Charleston Road and San Antonio Road,Palo Alto,Santa Clara,94303,Moving,Moving,2,Minor,Conventional,Clear,Daylight,Wet,No Unusual Conditions,Slowing/Stopping,Proceeding Straight,Rear End,Compact Car,Intersection,Vehicle 2,0,None,"Waymo Autonomous Vehicle (Waymo AV"") was traveling in manual mode when it was involved in collision at the intersection of E Charleston Road and San Antonio Road in Palo Alto_ The Waymo AV was traveling eastbound on E_ Charleston Road in manual mode when the test driver made a lane change from the middle lane to the adjacent right lane As the test driver completed the lane change, the test driver braked before the intersection as the traffic light at San Antonio Road changed yellow to red A passenger vehicle then rear-ended the Waymo AV at approximately 15 MPH: The Waymo AV sustained minor damage to the passenger side Of the rear bumper, and the passenger vehicle sustained minor damage to the driver side of the front bumper: No injuries were reported at the scene. from","8, 9",37.421849,-122.10155,509304,1008,1,,,,,,,0,
C,4/3/19,8:32 PM,2019,Chevrolet,Bolt,Portrero Avenue and Alameda Street,San Francisco,San Francisco,94103,Stopped in Traffic,Moving,2,Minor,Conventional,Clear,Dark - Street Lights,Dry,No Unusual Conditions,Stopped,Making Right Turn,Other,Compact Car,Intersection,Vehicle 2,0,None,"Two Cruise autonomous vehicles ( Cruise AV 1 and *Cruise AV both operating in conventional mode, were stopped side-by-side at the traffic light on southbound Potrero Avenue at the intersection with Alameda Street when pedestrian in the crosswalk approached both Cruise AVs in the street The pedestrian struck both vehicles with a foreign object, scratching the front right bumper of Cruise AV and denting the front driver side door of Cruise AV 2. Both drivers of the Cruise AVs immediately drove to safer locations after the incident and contacted the police. There were no injuries. The police later took statements from both drivers of the Cruise AVs and a report was filed as SFPD incident report number 190236884. 2 ),","2, 16",37.775678,-122.412131,017803,1000,1,,,,,,,0,
C,4/10/19,10:38 AM,2019,Chevrolet,Bolt,Franklin St. between Olive St and Ellis St.,San Francisco,San Francisco,94109,Moving,Moving,2,Minor,Conventional,Clear,Daylight,Dry,No Unusual Conditions,Proceeding Straight,Proceeding Straight,Side Swipe,Two-Wheels,Intersection,Vehicle 2,0,None,"A Cruise autonomous vehicle (""Cruise AV""), operating in autonomous mode, was traveling northbound on Franklin Street at the intersection with Ellis Street when the Cruise AV began to yield to a lane-splitting motorcyclist on its left rear: The driver of the Cruise AV disengaged from autonomous mode, and shortly thereafter; the motorcyclist made contact with the Cruise AV's front left radar, damaging the radar' $ casing: There were no injuries and police were not called  The motorcyclist did not stop.",2,37.783619,-122.422653,016000,2001,2,,,,,,,0,
C,4/10/19,4:52 PM,2019,Chevrolet,Bolt,Lyon St. and California St.,San Francisco,San Francisco,94115,Moving,Moving,2,Minor,Autonomous,Clear,Daylight,Dry,No Unusual Conditions,Making Left Turn,Making Right Turn,Rear End,Mid-Sized Car,Intersection,Vehicle 2,0,None,"A Cruise autonomous vehicle (""Cruise AV'), operating in autonomous mode, was approaching the intersection prior to making a left turn from southbound Lyon Street onto eastbound California Street when the Cruise AV yielded to an overtaking vehicle on its left proceeding straight on southbound Lyon Once the overtaking vehicle completed its pass, the Cruise AV attempted to continue its left turn when another vehicle directly behind the Cruise AV, attempting to turn right on California, made contact with the Cruise AV's right rear bumper; damaging the bumper: There were no injuries and police were not called:",9,37.787438,-122.445402,013402,3000,3,,,,,,,0,
Lyft,4/11/19,11:31 AM,2018,Ford,Fusion,Natoma Street and 6th Street,San Francisco,San Francisco,94103,Moving,Moving,2,Minor,Conventional,Clear,Daylight,Dry,Unknown,Proceeding Straight,Changing Lanes,Side Swipe,Compact Car,Street,Vehicle 2,0,None,"On April 11,2019 at approximately 1:31 am, a Lyft Autonomous Vehicle operating in manual mode was involved in an incident with a moving third party vehicle. The incident occurred after making a right turn from Natoma Street and 6th Street in San Francisco, CA. Lyft was proceeding straight in the right lane when the third party vehicle aggressively swerved into the right lane, cutting broadside in front of the Lyft AV, and came to complete causing unavoidable impact from the Lyft AV at approximately mph. The Lyft AV sustained damage to the front left bumper, fender, and left lidar sensor: The third party vehicle sustained damage to the right rear quarter panel and rear passenger dOor: Lyft AV operators called 911 due to hostile behavior of the third party driver and emergency vehicles responded to the scene. No injuries were reported by the first responders or the team in the Lyft AV. stop;","1, 18",37.780162,-122.407691,017602,1001,1,,,,,,,0,
C,4/14/19,11:45 AM,2019,Chevrolet,Bolt,Mason St. between Yacht Rd. and Javowitz St.,San Francisco,San Francisco,94123,Moving,Moving,1,None,Conventional,Clear,Daylight,Dry,No Unusual Conditions,Making Right Turn,Proceeding Straight,Broadside,Two-Wheels,Intersection,Vehicle 2,0,None,"A Cruise autonomous vehicle (""Cruise AV') being driven in conventional mode was involved in a collision while traveling on westbound Mason Street between Yacht Road and Javowitz Street. While making a right turn onto an unmarked road, the driver of the Cruise AV made contact with a bicyclist traveling in the eastbound, unprotected bicycle lane on Mason Street.The police were not called. (amended as of 4/30/2019.",0,37.79477,-122.411554,010800,3005,3,36.8,2032,1289,25,538,116,64,175068
C,4/14/19,4:38 AM,2019,Chevrolet,Bolt,36th Ave between Balboa St. and Anza St:,San Francisco,San Francisco,94121,Moving,Stopped in Traffic,3,Moderate,Conventional,Clear,Dark - Street Lights,Dry,No Unusual Conditions,Proceeding Straight,Parked,Side Swipe,Mid-Sized Car,Street,Vehicle 1,0,None,"A Cruise autonomous vehicle (""Cruise AV') being driven in conventional mode was involved in a collision while traveling 0n northbound 36th Avenue between Balboa and Anza Streets. While proceeding straight on 36th, the driver of the Cruise AV made contact with two unoccupied vehicles parked ""parked vehicle 1"" and """"parked vehicle 2"" on southbound 36th Avenue, damaging the front and rear driver side doors and side mirror of parked vehicle 1 and the front left bumper and wheel well of parked vehicle 2. The collision also resulted in damage to the Cruise AV's front left radar, bumper, wheel well, and wheel axle. There were no injuries.","1, 2, 3, 18",37.777628,-122.496378,047801,2002,2,,,,,,,0,
Lyft,5/2/19,3:50 PM,2018,Ford,Fusion,Northbound on San Antonio Road in Palo Alto,Palo Alto,Santa Clara,94306,Stopped in Traffic,Moving,2,Minor,Conventional,Clear,Daylight,Dry,No Unusual Conditions,Stopped,Proceeding Straight,Rear End,Mid-Sized Car,Street,Vehicle 2,0,None,"At approximately 3.50 pm, the Lyft autonomous vehicle (""Lyft"") was traveling northbound on San Antonio Road in Palo Alto while in manual mode when third-party vehicle made contact with rear bumper at a very low At the time of contact, was stopped for traffic for approximately 2 seconds during stop and go traffic No visible damage was noted by either party at the scene No injuries were reported and local law enforcement was not called. speed.","7, 8, 9",37.415728,-122.130765,510600,2002,2,,,,,,,0,
C,5/2/19,11:01 PM,2019,Chevrolet,Bolt,24th St. and Potrero Ave,San Francisco,San Francisco,94110,Stopped in Traffic,Moving,2,None,Autonomous,Clear,Dark - Street Lights,Dry,No Unusual Conditions,Stopped,Slowing/Stopping,Rear End,Compact Car,Intersection ,Vehicle 2,1,Medical attention,"A Cruise autonomous vehicle (""Cruise AV"") , operating in autonomous mode, was stopped at a red light on eastbound 24th Street at the intersection with Potrero Avenue when another vehicle approaching from the rear did not come to a complete stop and made contact with the Cruise AV's rear bumper: The driver of the other vehicle drove away without exchanging information. The Cruise AV tester sitting in the driver' s seat requested medical treatment and emergency services arrived on the scene. SFPD incident report number was not available at the time of of this report_ filing",0,37.753004,-122.406336,022903,2003,2,,,,,,,0,
C,5/4/19,10:56 PM,2019,Chevrolet,Bolt,Duboce Ave between Steiner St and Sanchez St,San Francisco,San Francisco,94114,Moving,Moving,1,Minor,Autonomous,Clear,Dark - Street Lights,Dry,No Unusual Conditions,Making Right Turn,Other,Broadside,Two-Wheels,Street,Vehicle 2,0,None,"A Cruise autonomous vehicle (""Cruise AV'), operating in autonomous mode, was traveling from southbound Steiner Street to southbound Sanchez Street via eastbound Duboce Avenue when skateboarder traveling through the stop sign on eastbound Duboce made contact with the rear passenger door of the Cruise AV. The skateboarder left the scene without exchanging information. There were no injuries and police were not called.","11, 12",37.769307,-122.43157,016900,2006,2,,,,,,,0,
C,5/4/19,4:39 PM,2019,Chevrolet,Bolt,Larkin St. and McAllister St.,San Francisco,San Francisco,94102,Moving,Moving,2,Minor,Conventional,Clear,Dark - Street Lights,Dry,No Unusual Conditions,Slowing/Stopping,Proceeding Straight,Rear End,Mid-Sized Car,Intersection,Vehicle 2,0,None,"A Cruise autonomous vehicle (""Cruise AV"") operating in autonomous mode, was approaching the intersection prior to making a left turn from northbound Larkin Street onto westbound McAllister Street when the Cruise AV slowed down. The driver of the Cruise AV disengaged from autonomous mode, and shortly thereafter, another vehicle made contact with the rear bumper of the Cruise AV, damaging the Cruise AV's right rear bumper: There were no injuries and police were not called.",8,37.78047,-122.416947,012405,1003,1,,,,,,,0,
C,5/8/19,8:55 AM,2019,Chevrolet,Bolt,Franklin Street and Bay Street,San Francisco,San Francisco,94123,Stopped in Traffic,Moving,2,Minor,Autonomous,Cloudy,Daylight,Dry,No Unusual Conditions,Stopped,Proceeding Straight,Side Swipe,Two-Wheels,Intersection ,Vehicle 2,0,None,"A Cruise autonomous vehicle (""Cruise AV""), operating in autonomous mode, was stopped at a red light on northbound Franklin Street at the intersection with Street when a lane-splitting  motorcycle made contact with the Cruise AV's front right articulating radar; damaging the cover: The motorcyclist did not stop There were no injuries and police were not called. Bay",15,37.803936,-122.426756,012901,2000,2,,,,,,,0,
C,5/13/19,12:32 AM,2019,Chevrolet,Bolt,Filmore Street and Fell Street,San Francisco,San Francisco,94117,Moving,Moving,2,Moderate,Conventional,Clear,Dark - Street Lights,Dry,No Unusual Conditions,Proceeding Straight,Proceeding Straight,Broadside,Compact Car,Intersection ,Vehicle 2,0,None,"A Cruise autonomous vehicle ( Cruise A operating in autonomous mode, was traveling straight through a green light northbound on Fillmore Street at the intersection with Fell Street when another vehicle, traveling westbound and violating a red light on Fell Street; came into the Cruise AV's The driver of the Cruise AV disengaged from autonomous mode, and thereafter, the Cruise AV and the other vehicle made contact, damaging the other vehicle's left rear door and the Cruise AV's front bumper assembly, grill, and both front wheel wells. There were no injuries and were not called: V""); path. police","15, 16, 17, 18, 19",37.774902,-122.431012,016300,3003,3,,,,,,,0,
B,5/15/19,6:08 AM,2017,Chrysler,Pacifica,Shoreline Blvd. at El Camino Real,Mountain View,Santa Clara,94041,Stopped in Traffic,Moving,2,Minor,Autonomous,Cloudy,Daylight,Dry,No Unusual Conditions,Stopped,Making Right Turn,Rear End,Compact Car,Slip Lane,Vehicle 2,0,None,"Waymo Autonomous Vehicle (""Waymo AV"") in autonomous mode was yielding to check for cross traffic while in the slip lane to turn from southbound Shoreline Boulevard to westbound El Camino Real in Mountain View when it was rear-ended by a passenger vehicle at approximately 5 MPH: The Waymo AV sustained minor damage to its rear bumper; and the passenger vehicle had minor damage to its front bumper. The two Waymo AV operators reported neck/back but declined medical attention at the scene_ pain",8,37.392973,-122.084793,509600,2026,2,38.8,1215,286,0,180,749,0,108462
C,5/18/19,7:31 PM,2019,Chevrolet,Bolt,Euclid Ave. and Palm Ave.,San Francisco,San Francisco,94118,Moving,Moving,2,None,Conventional,Cloudy,Dusk-Dawn,Wet,No Unusual Conditions,Proceeding Straight,Proceeding Straight,Rear End,Compact Car,Intersection ,Vehicle 2,1,Later mentioned injuries,"A Cruise autonomous vehicle ~Cruise AV ), operating in autonomous mode, was about to make a left turn after stopping at the four-way stop sign 0n westbound Euclid Avenue at the intersection with Palm Avenue when another vehicle made contact with the rear bumper of thel Cruise AV. Police were not called and no injuries were reported at the scene by either party. Two of the Cruise AV testers sitting in the driver and passenger seats later mentioned injuries. front",0,37.783874,-122.457923,015401,2004,2,,,,,,,0,
B,5/22/19,5:23 PM,2017,Chrysler,Pacifica,Whisman Station Drive at S. Whisman Road,Mountain View,Santa Clara,94043,Stopped in Traffic,Moving,2,Minor,Autonomous,Cloudy,Daylight,Dry,No Unusual Conditions,Stopped,Making Right Turn,Rear End,Compact Car,Intersection ,Vehicle 2,0,None,"Waymo Autonomous Vehicle (""Waymo AV) in autonomous mode was yielding to check for CrOSS traffic while in the slip lane to turn from northbound Whisman Station Drive to southbound S_ Whisman Road in Mountain View when it was rear-ended by a passenger vehicle at approximately MPH. The Waymo AV sustained minor damage to its rear bumper, and the passenger vehicle had minor damage to its front bumper There were no injuries reported at the scene_",8,37.39157,-122.06215,509109,1020,1,,,,,,,0,
C,5/24/19,7:36 PM,2019,Chevrolet,Bolt,Geary Blvd between &th Ave and 9th Ave,San Francisco,San Francisco,94118,Moving,Moving,2,Moderate,Autonomous,Clear,Daylight,Dry,No Unusual Conditions,Changing Lanes,Changing Lanes,Rear End,Mid-Sized Car,Street,Vehicle 2,0,None,"A Cruise autonomous vehicle """"Cruise AV""), operating in autonomous mode, was changing lanes into the left turn lane on eastbound Geary Boulevard between &th and 9th Avenues when the Cruise AV slowed down: The driver of the Cruise AV disengaged autonomous mode and, shortly thereafter, another vehicle  changing into the same lane made contact with the rear bumper of the Cruise AV, damaging the Cruise AV's bumper: There were no injuries and police were not called. from",9,37.780879,-122.467488,045202,1004,1,,,,,,,0,
B,5/29/19,4:07 PM,2017,Chrysler,Pacifica,San Antonio Road at Charleston Road,Palo Alto,Santa Clara,94303,Stopped in Traffic,Moving,2,Minor,Autonomous,Clear,Daylight,Dry,No Unusual Conditions,Stopped,Proceeding Straight,Rear End,Mid-Sized Car,Intersection ,Vehicle 2,0,None,"Waymo Autonomous Vehicle (""Waymo AV') in autonomous mode was stopped in traffic while in the leftmost lane on southbound San Antonio Road headed toward Charleston Road in Palo Alto when it was rear-ended by a passenger vehicle maneuvering into the Waymo AV's lane at approximately less than MPH: The Waymo AV sustained minor scratches to its rear sensor; and the passenger vehicle left the scene_ There were no injuries reported at the scene.",8,37.421849,-122.10155,509304,1008,1,,,,,,,0,
C,6/8/19,9:02 AM,2019,Chevrolet,Bolt,Clay St. and Van Ness Ave.,San Francisco,San Francisco,94109,Moving,Moving,2,Minor,Autonomous,Clear,Daylight,Dry,Construction - Repair Zone,Proceeding Straight,Proceeding Straight,Rear End,Compact Car,Intersection ,Vehicle 2,0,None,"A Cruise autonomous vehicle (""Cruise AV""), operating in autonomous mode, was traveling eastbound on Street through the intersection with Ness Avenue when another vehicle made contact with the rear right bumper of the Cruise A V, damaging the Cruise AV's right brake light assembly. There were no injuries and police were not called. Clay Van",9,37.792175,-122.422694,011001,2002,2,,,,,,,0,
A,6/11/19,11:16 AM,2016,Toyota,Highlander,Grant Ave & Union St,San Francisco,San Francisco,94133,Moving,Moving,1,None,Conventional,Clear,Daylight,Dry,No Unusual Conditions,Slowing/Stopping,Making Left Turn,Head On,Two-Wheels,Intersection ,Vehicle 2,0,None,"A Zoox vehicle, operating in conventional mode, was coming to a stop at the Grant Ave. and Union St: intersection and traveling less than Zmph, when it was struck on its front bumper by a bicyclist: The Zoox vehicle was traveling northbound 0n the one-way street when the bicyclist turned left from Union St onto Grant Ave. and rode into the Zoox vehicle. The bicyclist's left turn caused the bicyclist to travel in the wrong direction on the one-way street: A contact, the cyclist continued traveling southbound (against the one-way) on Grant despite attempts to get the bicyclist's attention in order to exchange information after Ave.",0,37.800638,-122.407584,010600,3006,3,,,,,,,0,
C,6/12/19,12:47 PM,2019,Chevrolet,Bolt,Folsom St between 13th St and 12th St,San Francisco,San Francisco,94103,Moving,Moving,2,Moderate,Conventional,Clear,Daylight,Dry,No Unusual Conditions,Proceeding Straight,Changing Lanes,Side Swipe,Mid-Sized Car,Street,Vehicle 2,0,None,"A Cruise autonomous vehicle ~Cruise AV ) operating in autonomous mode, was traveling in the left lane on northbound Folsom Street between 13th and 12th Streets when another vehicle changed into the Cruise AV's lane without using its left signal. The driver of the Cruise] AV disengaged from autonomous mode and, shortly thereafter, the Cruise AV and the other vehicle made contact, damaging the Cruise AV's front right bumper, fender, and wheel well. There were no injuries and police were not called.","14, 15, 16, 17",37.770896,-122.414997,017700,2013,2,,,,,,,0,
C,6/13/19,4:47 PM,2019,Chevrolet,Bolt,Divisadero Street and Bush Street,San Francisco,San Francisco,94115,Moving,Moving,2,Minor,Autonomous,Clear,Daylight,Dry,No Unusual Conditions,Proceeding Straight,Changing Lanes,Rear End,Compact Car,Street,Vehicle 2,0,None,"A Cruise autonomous vehicle (""Cruise AV"") operating in autonomous mode, was traveling southbound on Divisadero Street between Pine and Bush Streets when another vehicle made contact with the left rear bumper of the Cruise AV, damaging the bumper and left tail light: There were no injuries and police were not called.","6, 7",37.78618,-122.440061,015300,1003,1,,,,,,,0,
B,6/16/19,11:30 AM,2017,Chrysler,Pacifica,Alma Street at Oregon Expressway,Palo Alto,Santa Clara,94301,Stopped in Traffic,Moving,2,Minor,Autonomous,Clear,Daylight,Dry,No Unusual Conditions,Stopped,Proceeding Straight,Rear End,Mid-Sized Car,Street,Vehicle 2,1,"Driver complained of neck, back, and nose pain and was treated at the scene by emergency repsonders","Waymo Autonomous Vehicle (""Waymo AV ) was stopped in autonomous mode on the off-ramp from westbound Alma Street to southbound Oregon Expressway in Palo Alto when it was rear-ended. The Waymo AV was yielding to cross-traffic when a passenger vehicle made contact with the Waymo AV's rear bumper at approximately 5 MPH. The Waymo AV sustained minor damage to the rear bumper, and the passenger vehicle left the scene without stopping Or exchanging information_ The Waymo AV driver complained of neck, back; and nose and was treated at the scene by emergency responders. pain","7, 8",37.427925,-122.139187,510900,1023,1,,,,,,,0,
A,6/19/19,11:18 AM,2016,Toyota,Highlander,Mason St & Sutter St,San Francisco,San Francisco,94108,Moving,Moving,1,None,Conventional,Cloudy,Daylight,Dry,Unknown,Proceeding Straight,Making Left Turn,Head On,Two-Wheels,Street,Vehicle 2,0,None,"A Zoox vehicle, operating in manual mode, was traveling southbound on Mason Street at less than 3mph when a cyclist, traveling westbound on Sutter Street at a red light; cycled into the rear end of the Zoox vehicle: The incident occurred when the Zoox vehicle proceeded toward the intersection of Mason and Sutter; the cyclist entered Mason Street against the one-way onto the crosswalk to pass behind the Zoox vehicle. The then clipped the left rear side of the Zoox vehicle. After contact; the cyclist did not to exchange information and continued traveling westbound on Sutter Street_ cyclist stop",0,37.788081,-122.410057,012302,3001,3,,,,,,,0,
C,6/20/19,9:03 PM,2020,Chevrolet,Bolt,Bush St. and Octavia St.,San Francisco,San Francisco,94109,Moving,Moving,2,Moderate,Conventional,Clear,Dark - Street Lights,Dry,No Unusual Conditions,Making Left Turn,Changing Lanes,Side Swipe,Mid-Sized Car,Intersection ,Vehicle 2,0,None,"A Cruise autonomous vehicle (""Cruise AV'), operating in autonomous mode, was making a left turn from the leftmost lane on westbound Bush Street onto northbound Octavia Street when the Cruise AV slowed down: The driver of the Cruise AV disengaged from autonomous mode and, shortly thereafter, another vehicle clipped the Cruise AV's right rear corner, damaging the right rear bumper cover, wheel well and wheel. The driver of the other vehicle drove away without exchanging information. There were no injuries Police were called but not dispatched to the scene.","9, 10, 11",37.787862,-122.426864,015201,2000,2,,,,,,,0,
C,6/23/19,12:03 PM,2020,Chevrolet,Bolt,Divisadero St. and Fell St.,San Francisco,San Francisco,94117,Moving,Moving,2,Minor,Conventional,Clear,Daylight,Dry,No Unusual Conditions,Proceeding Straight,Proceeding Straight,Rear End,Compact Car,Street,Vehicle 1,0,None,"A Cruise autonomous vehicle (""Cruise AV ), operating in autonomous mode, was traveling northbound on Divisadero Street through the intersection with Fell Street when the Cruise AV slowed down. The driver of the Cruise AV disengaged from autonomous mode and, shortly thereafter, another vehicle made contact with the Cruise AV's rear bumper, damaging the rear bumper and fascia assembly. There were no injuries and police were not called.","7, 8, 9",37.774062,-122.437611,016400,2005,2,,,,,,,0,
Pony.ai,6/26/19,2:26 PM,2018,Lincoln,MKZ,Pine Street at Cameron Hills Drive,Fremont,Alameda,94539,Moving,Moving,2,Minor,Conventional,Clear,Daylight,Dry,No Unusual Conditions,Slowing/Stopping,Changing Lanes,Rear End,Compact Car,Street,Vehicle 2,0,None,"Pony.Al autonomous vehicle (""Pony AV' in autonomous mode was traveling southbound on Pine Street heading towards Cameron Hills Drive. A passenger vehicle traveling southbound behind the Pony AV crossed the traffic line and entered the northbound lane of Pine Street in an attempt to pass the Pony AV. The AV's speed remained consistent  After passing the AV by about a quarter car length, the passenger vehicle abruptly turned back into the southbound lane of Pine Street such that it was in very close proximity to the front of thel Pony AV. The passenger vehicle then suddenly decelerated: The Pony AV's safety driver disengaged autonomous mode and manually the brake. As a result of the passenger vehicle's sudden deceleration; the Pony AV's front-left bumper made contact with the back- right bumper of the passenger vehicle causing minor scratches to both vehicles. The safety driver of the Pony AV and the driver of the passenger vehicle stopped to exchange information. No injuries were reported and the police were not called. Pony Pony applied",18,37.517958,-121.931952,443105,2017,2,,,,,,,0,
C,6/26/19,12:36 AM,2020,Chevrolet,Bolt,1Oth Ave and California St.,San Francisco,San Francisco,94118,Moving,Moving,2,Minor,Autonomous,Clear,Dark - Street Lights,Dry,No Unusual Conditions,Making Right Turn,Making Right Turn,Rear End,Mid-Sized Car,Intersection,Vehicle 2,1,Later mentioned injuries,"A Cruise autonomous vehicle (""Cruise AV""), operating in autonomous mode, was making a right turn from northbound 1Oth Avenue onto eastbound California Street when another vehicle made contact with the Cruise AV's left rear bumper, damaging the upper rear fascia and lower tail light assembly. The driver of the other vehicle drove away without exchanging information. Police were not called and no injuries were reported at the scene by either party: The Cruise AV tester sitting in the driver seat did not report injuries On the scene but later mentioned injuries:","6, 7",37.778779,-122.459982,045100,1002,1,,,,,,,0,
C,6/27/19,9:50 PM,2019,Chevrolet,Bolt,Bryant Street and 10th Street,San Francisco,San Francisco,94103,Moving,Moving,2,Minor,Autonomous,Clear,Dark - Street Lights,Dry,No Unusual Conditions,Making Right Turn,Making Right Turn,Side Swipe,Mid-Sized Car,Intersection ,Vehicle 2,0,None,"A Cruise autonomous vehicle (""Cruise AV""), operating in autonomous mode, was making a right turn from northeast bound Bryant Street onto southeast bound 1Oth Street when another vehicle made contact with the Cruise AV's left rear corner, damaging the upper left tail assembly. There were no injuries and police were not called. lampi",7,37.770348,-122.409736,017700,1010,1,,,,,,,0,
C,6/29/19,11:49 PM,2020,Chevrolet,Bolt,Duboce Ave between Guerrero St. and Market St.,San Francisco,San Francisco,94103,Moving,Moving,2,Minor,Autonomous,Clear,Dark - Street Lights,Dry,No Unusual Conditions,Proceeding Straight,Changing Lanes,Rear End,Mid-Sized Car,Street,Vehicle 2,0,None,"A Cruise autonomous vehicle (""Cruise AV'), operating in autonomous mode, was traveling westbound on Duboce Avenue between Guerrero Street and Market Street when another vehicle made contact with the Cruise AV's left rear corner, damaging the lower left tail lamp assembly and left rear wheel well. There were no injuries and police were not called.","6, 7",37.769619,-122.4262,020202,1006,1,,,,,,,0,
C,7/1/19,10:58 AM,2020,Chevrolet,Bolt,Grant St. andSt:Clay,San Francisco,San Francisco,94108,Stopped in Traffic,Moving,2,Minor,Autonomous,Clear,Daylight,Dry,No Unusual Conditions,Stopped,Making Left Turn,Rear End,Compact Car,Intersection ,Vehicle 2,0,None,"A Cruise autonomous vehicle ~Cruise AV ) operating in autonomous mode, was traveling northbound on Grant Street between and Washington Streets when another vehicle, completing a left turn from Clay onto Grant, made contact with the left rear corner of the Cruise AV, damaging the left lower tail lamp and rear fascia. The driver of the other vehicle drove away without exchanging information. There were no injuries and police were not called. Clay","6, 7",37.770402,-122.257082,427900,5007,5,39.7,1176,660,0,230,226,60,78333
C,7/2/19,9:47 AM,2020,Chevrolet,Bolt,Steiner St. and Bush St:,San Francisco,San Francisco,94115,Stopped in Traffic,Moving,2,Minor,Autonomous,Clear,Daylight,Dry,No Unusual Conditions,Stopped,Passing Other Vehicle,Rear End,Compact Car,Intersection ,Vehicle 2,0,None,"A Cruise autonomous vehicle (""Cruise AV""), operating in autonomous mode, was waiting for oncoming traffic to clear the intersection before making a left turn onto Bush Street from southbound Steiner Street when another vehicle made contact with the right rear corner of the Cruise AV, damaging the Cruise AV's right rear fascia, bumper; and wheel well. There were no injuries and police were not called:","9, 10",37.786811,-122.435105,015202,2007,2,,,,,,,0,
B,7/8/19,3:10 PM,2017,Chrysler,Pacifica,Escuela Avenue and El Camino Real,Mountain View,Santa Clara,94040,Stopped in Traffic,Moving,2,Minor,Autonomous,Clear,Daylight,Dry,No Unusual Conditions,Stopped,Passing Other Vehicle,Side Swipe,Compact Car,Intersection ,Vehicle 2,0,None,"Waymo Autonomous Vehicle (""Waymo AV ) was stopped in autonomous mode on southbound Escuela Avenue at El Camino Real in Mountain View when it was side-swiped. The Waymo AV was stopped in traffic at a red light when a passenger vehicle attempted to pass the Waymo AV on the right, and made contact with a sensor on the Waymo AV's passenger side front fender at approximately MPH. The Waymo AV's sensor housing sustained minor scratch, and the passenger vehicle sustained a minor scratch to its driver side mirror: There were no injuries reported at the scene:",14,37.39376,-122.09593,509500,2011,2,,,,,,,0,
C,7/10/19,9:59 PM,2020,Chevrolet,Bolt,1Oth St. between Market St. and Mission St.,San Francisco,San Francisco,94102,Moving,Moving,2,Minor,Autonomous,Clear,Dark - Street Lights,Dry,No Unusual Conditions,Proceeding Straight,Changing Lanes,Rear End,Mid-Sized Car,Street,Vehicle 2,0,None,"A Cruise autonomous vehicle (""Cruise AV'), operating in autonomous mode, was traveling on southeast bound 1Oth Street between Market and Jessie Streets when another vehicle changing into the same lane made contact with the left rear corner of the Cruise AV, damaging the Cruise AV's left rear bumper and wheel well There were no injuries and police were not called","6, 7",37.789763,-122.397573,061501,1004,1,,,,,,,0,
Pony.ai,7/12/19,5:00 PM,2018,Lincoln,MKZ,California Circle and Dixon Landing Road,Milpitas,Alameda,95035,Stopped in Traffic,Moving,2,Minor,Conventional,Clear,Daylight,Dry,No Unusual Conditions,Stopped,Backing,Unknown,Compact Car,Intersection ,Vehicle 2,0,None,"Pony.ai autonomous vehicle ("" AV"" in autonomous mode was stopped at a red light at the intersection of Dixon Landing Road and California Circle_ While stopped at the red light, the Pony AV's safety driver noticed that the reverse lights of the vehicle directly in front of the AV (""Vehicle 2"") were on_ The AV's safety driver disengaged autonomous mode, observed that there were no vehicles directly behind it, and reversed 20-30 feet as a precaution. When the traffic light turned green, Vehicle 2 accelerated while still in reverse toward the AV_ Vehicle 2 came to a complete stop about 4 feet from the AV's front bumper_ After about 2 seconds, however, Vehicle 2 continued to reverse in the direction of the Pony AV, resulting in contact between the vehicles. The contact caused minor scratches to both vehicles The Pony AV's safety driver and the driver of Vehicle 2 over at a parking lot and exchanged information There were no injuries reported and the police were not called. Pony Pony Pony Pony Pony two pulled nearby",17,37.453908,-121.921042,504506,2002,2,,,,,,,0,
C,7/15/19,11:02 PM,2020,Chevrolet,Bolt,14th Street and Valencia Street,San Francisco,San Francisco,94103,Moving,Moving,2,Minor,Conventional,Clear,Dark - Street Lights,Dry,No Unusual Conditions,Proceeding Straight,Changing Lanes,Side Swipe,Compact Car,Street,Vehicle 2,0,None,"A Cruise autonomous vehicle (""Cruise AV"") operating in autonomous mode, was traveling eastbound on I4th Street at the intersection with Valencia Street when another vehicle began to change into the Cruise A V's lane. The driver of the Cruise A V disengaged from autonomous mode and, shortly thereafter; the other vehicle made contact with the right front corner of the Cruise AV, damaging the Cruise AV's right front fender: There were no injuries and police were not called.","14, 15",37.768139,-122.422199,020202,2000,2,,,,,,,0,
B,7/16/19,4:44 PM,2017,Chrysler,Pacifica,Central Expressway at Thompson Avenue,Mountain View,Santa Clara,94043,Stopped in Traffic,Moving,2,Minor,Conventional,Clear,Daylight,Dry,No Unusual Conditions,Stopped,Proceeding Straight,Rear End,Compact Car,Street,Vehicle 1,0,None,"Waymo Autonomous Vehicle Waymo AV"") was stopped in manual mode on southbound Central Expressway approaching Thompson Avenue in Mountain View when it was rear-ended. The Waymo AV was stopped in traffic when a passenger vehicle made contact with a sensor on the Waymo AV's rear bumper at approximately less than MPH: The Waymo AV'$ sensor sustained minor damage, and the passenger vehicle left the scene without exchanging information: There were no injuries reported at the scene.",8,37.404829,-122.10128,509302,1013,1,,,,,,,0,
C,7/17/19,3:02 PM,2020,Chevrolet,Bolt,Fell St. and Fillmore St.,San Francisco,San Francisco,94117,Moving,Moving,2,Moderate,Conventional,Clear,Daylight,Dry,No Unusual Conditions,Proceeding Straight,Changing Lanes,Rear End,Mid-Sized Car,Street,Vehicle 2,0,None,"A Cruise autonomous vehicle ""Cruise AV""), operating in autonomous mode, was traveling westbound on Fell Street between Webster and Fillmore Streets when the Cruise AV began to yield to traffic in the left adjacent lane. The driver of the Cruise disengaged from autonomous _ mode, and shortly thereafter, another vehicle changing into the same lane made contact with the right rear corner of the Cruise AV damaging the Cruise AV's rear hatch and window and right rear body and fascia: There were no injuries and police were not called:","6, 7, 8, 9,10, 19",37.774902,-122.431012,016300,3003,3,,,,,,,0,
C,7/20/19,8:58 PM,2020,Chevrolet,Bolt,Mission St: between Znd St. and Shaw Alley,San Francisco,San Francisco,94105,Moving,Moving,2,Moderate,Conventional,Clear,Dark - Street Lights,Dry,No Unusual Conditions,Proceeding Straight,Proceeding Straight,Rear End,Mid-Sized Car,Street,Vehicle 2,0,None,"Cruise autonomous vehicle (""Cruise AV""), operating in autonomous mode, was traveling southwest bound on Mission Street between Ist and Znd Streets when the Cruise AV slowed down: The driver of the Cruise AV disengaged from autonomous mode and, shortly thereafter, another vehicle made contact with the right rear corner of the Cruise AV, damaging the Cruise AV's right rear bumper, fender; and hatch: There were no injuries and police were not called:","9, 10, 19",37.789176,-122.398316,061501,1009,1,,,,,,,0,
C,7/21/19,9:01 AM,2020,Chevrolet,Bolt,Market St at Duboce Ave and Church St,San Francisco,San Francisco,94114,Moving,Moving,2,None,Conventional,Clear,Dark - Street Lights,Dry,No Unusual Conditions,Proceeding Straight,Parking Maneuver,Broadside,Mid-Sized Car,Parking,Vehicle 2,1,Later mentioned back injury,"A Cruise autonomous vehicle (""Cruise AV') being driven in conventional mode was involved in a collision while traveling in private parking lot on the north side of Market Street near the intersection of Duboce Avenue and Church Street. While the driver of the Cruise AV was proceeding towards the parking lot exit; another vehicle reversing out of its perpendicular parking spot made contact with the front right side of the Cruise AV. Police were not called and no injuries were reported at the scene by either party. The Cruise AV tester sitting in the front passenger seat later mentioned a back injury.",0,37.769619,-122.4262,020202,1006,1,,,,,,,0,
C,7/21/19,6:20 AM,2020,Chevrolet,Bolt,Jackson St between Stockton St and Grant Ave,San Francisco,San Francisco,94133,Moving,Stopped in Traffic,2,Minor,Conventional,Clear,Daylight,Dry,No Unusual Conditions,Parking Maneuver,Parked,Rear End,Mid-Sized Car,Parking,Vehicle 1,0,None,"A Cruise autonomous vehicle (""Cruise AV"") being driven in conventional mode was involved in a collision while traveling 0n eastbound Jackson Street between Stockton Street and Grant Avenue. While pulling out of a parking spot o Jackson, the driver of the Cruise AV made contact with another vehicle parked in front of it, damaging the Cruise AV's front bumper assembly, left headlamp assembly, and left front radar: There were no injuries and police were not called","1, 16, 17, 18",37.796025,-122.406652,061102,2000,2,,,,,,,0,
A,7/23/19,8:50 PM,2016,Toyota,Highlander,Hyde Street at the Union Street,San Francisco,San Francisco,94109,Stopped in Traffic,Moving,2,Minor,Conventional,Clear,Dark - Street Lights,Dry,Unknown,Stopped,Proceeding Straight,Side Swipe,Mid-Sized Car,Intersection ,Vehicle 2,0,None,"The Zoox vehicle, traveling southbound on Hyde St: at the Union St: intersection, was in conventional mode and waiting (stationary) to make the left turn from Hyde St: oto Union St: The Zoox vehicle had stopped to yield to an oncoming truck: The truck continued northbound on Hyde Street; and as it passed the Zoox vehicle, its driver-side mirror grazed the driver-side mirror of the Zoox vehicle.",2,37.796025,-122.418243,011002,2001,2,34.2,734,310,0,393,31,0,128365
C,8/4/19,2:32 PM,2020,Chevrolet,Bolt,Leavenworth St. and Geary St,San Francisco,San Francisco,94109,Moving,Moving,2,Minor,Conventional,Clear,Daylight,Dry,No Unusual Conditions,Proceeding Straight,Proceeding Straight,Rear End,Compact Car,Street,Vehicle 2,1,Later mentioned injuries,"A Cruise autonomous vehicle (""Cruise AV'), operating in autonomous mode, was traveling northbound on Leavenworth Street between Geary and Post Streets when another vehicle changed from the right adjacent lane to ahead of the Cruise AV without using its left signal. The driver of the Cruise AV disengaged from autonomous mode and, shortly thereafter, a second vehicle made contact with the rear bumper of the Cruise A V, damaging the Cruise AV's rear bumper mounting bracket. Police were not called and no injuries were reported at the scene by either party. The Cruise A V tester sitting in the driver's seat later mentioned neck pain:",7,37.786519,-122.414807,012204,2000,2,,,,,,,0,
C,8/7/19,10:23 AM,2020,Chevrolet,Bolt,24th St. between Noe St. and Sanchez St.,San Francisco,San Francisco,94114,Stopped in Traffic,Moving,2,Moderate,Autonomous,Clear,Daylight,Dry,No Unusual Conditions,Stopped,Entering Traffic,Rear End,Mid-Sized Car,Street,Vehicle 2,0,None,"A Cruise autonomous vehicle ~Cruise AV ) , operating in autonomous mode, was traveling eastbound on 24th Street between Noe and Sanchez Streets when the Cruise AV yielded to a jaywalking pedestrian and for clearance to maneuver around a double-parked vehicle immediately ahead of it. While the Cruise AV waited, another vehicle pulling out of a driveway and into the Cruise AV's lane made contact with the left rear corner of the Cruise AV, damaging the Cruise AV's left rear bumper, fender, and radar: There were no injuries and police were not called.","6, 7, 19",37.751571,-122.429659,021400,2008,2,,,,,,,0,
B,8/9/19,7:45 AM,2017,Chrysler,Pacifica,Alma Street at Oregon Expressway,Palo Alto,Santa Clara,94301,Moving,Moving,2,Minor,Autonomous,Clear,Daylight,Dry,No Unusual Conditions,Merging,Proceeding Straight,Rear End,Mid-Sized Car,Slip Lane,Vehicle 2,0,None,"Waymo Autonomous Vehicle (""Waymo AV ) was in autonomous mode 0 the off-ramp from eastbound Alma Street to southbound Oregon Expressway in Palo Alto when it was rear-ended. The Waymo AV was traveling approximately less than MPH and yielding to cross-traffic when passenger vehicle made contact with the Waymo AV's rear bumper at approximately 5 MPH: The Waymo AV sustained minor damage to the rear bumper; and the passenger vehicle sustained minor damage to its front bumper: There were no injuries reported at the scene:","7, 8",37.427925,-122.139187,510900,1023,1,,,,,,,0,
B,8/9/19,9:56 AM,2017,Chrysler,Pacifica,N. Shoreline Boulevard at W. Middlefield Road,Mountain View,Santa Clara,94043,Stopped in Traffic,Moving,2,Minor,Autonomous,Clear,Daylight,Dry,No Unusual Conditions,Slowing/Stopping,Other Unsafe Turning,Broadside,Two-Wheels,Street,Vehicle 2,0,None,"Waymo Autonomous Vehicle (""Waymo AV was stopped in autonomous mode on southbound N. Shoreline Boulevard at W Middlefield Road in Mountain View when bicyclist made contact with the side of the Waymo AV. The Waymo AV was traveling in the far right lane on N. Shoreline Boulevard and slowing for a red light at W. Middlefield Road, when bicyclist began to cross all lanes of traffic the east side of N. Shoreline Boulevard to the west side of the boulevard, in a diagonal manner, against the of traffic. As the bicyclist approached the Waymo A V, the Waymo AV began braking for the bicyclist: As the Waymo AV came to stop, the bicyclist then made contact with the driver's side rear quarter panel of the Waymo AV at approximately 8 MPH: The Waymo A V sustained minor scratches to the driver' s side rear taillight, and the bicyclist, remaining upright, appeared to sustain no damage Or injuries as away the scene without exchanging information. from flow cycled they from",7,37.40612,-122.07812,509202,4017,4,,,,,,,0,
C,8/10/19,11:39 PM,2020,Chevrolet,Bolt,14th St. and Noe St.,San Francisco,San Francisco,94114,Stopped in Traffic,Moving,2,Minor,Conventional,Clear,Dark - Street Lights,Dry,No Unusual Conditions,Slowing/Stopping,Making Right Turn,Broadside,Compact Car,Intersection ,Vehicle 2,0,None,"A Cruise autonomous vehicle ~Cruise AV""), operating in autonomous mode; was traveling northbound on Noe Street at the intersection with I4th Street when the Cruise AV yielded to a pedestrian in the north crosswalk The driver of the Cruise AV disengaged from autonomous mode, and shortly thereafter, another vehicle attempting a left turn from southbound Noe onto eastbound 14th made contact with the left rear corner of the Cruise AV, damaging the Cruise AV's left rear fascia and wheel well. There were no injuries reported at the scene by either party and police were not called.","6, 5, 7, 19",37.767461,-122.433408,016900,1001,1,,,,,,,0,
C,8/22/19,1:13 PM,2020,Chevrolet,Bolt,Geary Blvd between 33rd Ave and 32nd Ave,San Francisco,San Francisco,94121,Moving,Moving,2,Minor,Autonomous,Clear,Daylight,Dry,No Unusual Conditions,Proceeding Straight,Changing Lanes,Rear End,Mid-Sized Car,Street,Vehicle 2,0,None,"A Cruise autonomous vehicle (""Cruise AV'), operating in autonomous mode, was traveling westbound on Geary Boulevard between 32nd and 33rd Avenues when another vehicle, traveling in the right adjacent lane, changed into the same lane as the Cruise AV and made contact with the right rear corner of the Cruise AV, damaging the Cruise AV's right rear fascia and bumper: There were no injuries and police were not called.","9, 10",37.779747,-122.492232,047801,3006,3,,,,,,,0,
C,9/5/19,5:33 PM,2020,Chevrolet,Bolt,Haight Street and Gough Street,San Francisco,San Francisco,94102,Moving,Moving,2,Minor,Conventional,Clear,Daylight,Dry,No Unusual Conditions,Proceeding Straight,Proceeding Straight,Broadside,Two-Wheels,Intersection,Vehicle 2,1,Later mentioned injuries,"A Cruise autonomous vehicle (""Cruise AV') being driven in conventional mode was involved in a collision after completing a right turn from southwest bound Market Street onto westbound Haight Street at the intersection with Gough Street. As the driver of the Cruise AV proceeded on Haight through Gough, a motor scooterist, proceeding southbound on Gough through the intersection with Haight, made contact with the right rear passenger door of the Cruise AV, denting the door: There were no injuries reported at the scene by either party. Police were called but not dispatched to the scene. Days after the collision, the motor scooterist reported injuries. ",11,37.773151,-122.422229,016802,1010,1,,,,,,,0,
C,9/9/19,4:24 PM,2020,Chevrolet,Bolt,Geary Blvd and Palm Ave.,San Francisco,San Francisco,94118,Stopped in Traffic,Moving,2,None,Autonomous,Clear,Daylight,Dry,No Unusual Conditions,Stopped,Making Left Turn,Rear End,Mid-Sized Car,Intersection,Vehicle 2,1,Later mentioned injuries,"A Cruise autonomous vehicle (""Cruise AV') being driven in conventional mode was involved in a collision after completing a right turn from southwest bound Market Street onto westbound Haight Street at the intersection with Gough Street. As the driver of the Cruise AV proceeded on Haight through Gough, a motor scooterist, proceeding southbound on Gough through the intersection with Haight, made contact with the right rear passenger door of the Cruise AV, denting the door: There were no injuries reported at the scene by either party. Police were called but not dispatched to the scene. Days after the collision, the motor scooterist reported injuries. ",0,37.781315,-122.457732,015600,3000,3,,,,,,,0,
B,9/14/19,2:12 PM,2017,Chrysler,Pacifica,4800 El Camino Real,Los Altos,Santa Clara,94022,Stopped in Traffic,Moving,2,Minor,Autonomous,Clear,Daylight,Dry,No Unusual Conditions,Stopped,Backing,Broadside,Compact Car,parking,Vehicle 2,0,None,"Waymo Autonomous Vehicle (""Waymo AV ) was stopped in autonomous mode in grocery store parking lot in Los Altos when a passenger vehicle reversed into it: Three passengers were exiting the Waymo AV when the passenger vehicle in the right adjacent parking spot began to reverse out of the parking spot and made contact with the Waymo AV'$ passenger side rear quarter panel at approximately MPH: The Waymo AV sustained minor damage to its passenger side sliding rear door and rear quarter panel, and the passenger vehicle sustained minor damage to its rear bumper_ No injuries were reported.","10, 11",37.398932,-122.110604,510400,1016,1,35.1,2233,1004,18,969,116,126,250001
Aimotive,9/16/19,10:00 AM,2010,Toyota,Prius,101 Freeway between Old Middlefield Road and Shoreline Blvd,Mountain View,Santa Clara,94043,Stopped in Traffic,Moving,2,Minor,Conventional,Clear,Daylight,Wet,No Unusual Conditions,Stopped,Proceeding Straight,Rear End,Mid-Sized Car,Street,Vehicle 2,0,None,"On 09/16/2019 at approximately 9.55 AM, an Aimotive autonomous test vehicle was being driven manually southbound, on US Free way 101, between Old Middlefield Rd. and Shoreline Blvd. The car was in the rightmost which splits off into an exit lane for Shoreline Blvd. Traffic in front of the autonomous test vehicle had slowed down to a stop to take this exit; causing this lane to be backed up. The driver of the autonomous vehicle applied normal braking force to come to a stop. Shortly thereafter; the autonomous test vehicle was rear-ended by a Honda -CRV. No major bodily injuries were reported from either party in the crash: Damage to the autonomous vehicle was minor; the car had small scratches. The Honda -CRV's driver airbag was deployed and the front bumper of the car was partially hanging out of the car's body frame. Drivers from both parties exchanged information and took pictures of the damage. The passenger of the autonomous test vehicle contacted 911 approximately at 10.05 AM and requested a CHP officer 0n scene. The CHP officer arrived approximately 45 minutes after the initial call and took down a report: After both parties had exchanged information, the officer dismissed both parties The Aimotive vehicle was driven manually back to the office. lane,","7, 8, 9",37.421865,-122.070895,504601,1007,1,,,,,,,0,
C,9/27/19,11:49 AM,2020,Chevrolet,Bolt,Clay St. and Kearny St.,San Francisco,San Francisco,94108,Stopped in Traffic,Moving,2,Minor,Conventional,Clear,Daylight,Dry,No Unusual Conditions,Slowing/Stopping,Proceeding Straight,Broadside,Two-Wheels,Intersection,Vehicle 2,0,None,"A Cruise autonomous vehicle (""Cruise AV'), operating in autonomous mode, was traveling eastbound on Street at the intersection with Kearny Street when the Cruise AV slowed down: The driver of the Cruise AV disengaged from autonomous mode and, shortly thereafter; bicyclist proceeding straight on northbound Kearny Street made contact with the right rear fender of the Cruise AV, damaging its fender: The bicyclist left the scene without exchanging information. There were no injuries and police were not called. Clay",18,37.794453,-122.404796,061101,1000,1,,,,,,,0,
C,10/3/19,4:40 PM,2020,Chevrolet,Bolt,10th St. and Bryant St. ,San Francisco,San Francisco,94103,Stopped in Traffic,Moving,1,None,Autonomous,Clear,Daylight,Dry,No Unusual Conditions,Slowing/Stopping,Changing Lanes,Side Swipe,Mid-Sized Car,Street,Vehicle 2,0,None,"On 09/16/2019 at approximately 9.55 AM, an Aimotive autonomous test vehicle was being driven manually southbound, on US Free way 101, between Old Middlefield Rd. and Shoreline Blvd. The car was in the rightmost which splits off into an exit lane for Shoreline Blvd. Traffic in front of the autonomous test vehicle had slowed down to a stop to take this exit; causing this lane to be backed up. The driver of the autonomous vehicle applied normal braking force to come to a stop. Shortly thereafter; the autonomous test vehicle was rear-ended by a Honda -CRV. No major bodily injuries were reported from either party in the crash: Damage to the autonomous vehicle was minor; the car had small scratches. The Honda -CRV's driver airbag was deployed and the front bumper of the car was partially hanging out of the car's body frame. Drivers from both parties exchanged information and took pictures of the damage. The passenger of the autonomous test vehicle contacted 911 approximately at 10.05 AM and requested a CHP officer 0n scene. The CHP officer arrived approximately 45 minutes after the initial call and took down a report: After both parties had exchanged information, the officer dismissed both parties The Aimotive vehicle was driven manually back to the office. lane,",0,37.770348,-122.409736,017700,1010,1,,,,,,,0,
B,10/10/19,12:58 PM,2017,Chrysler,Pacifica,Rengstorff Avenue at Central Expressway,Mountain View,Santa Clara,94043,Stopped in Traffic,Moving,2,Minor,Autonomous,Clear,Daylight,Dry,No Unusual Conditions,Stopped,Proceeding Straight,Rear End,Two-Wheels,Intersection,Vehicle 2,0,None,"A Cruise autonomous vehicle (""Cruise AV'), operating in autonomous mode, was traveling eastbound on Street at the intersection with Kearny Street when the Cruise AV slowed down: The driver of the Cruise AV disengaged from autonomous mode and, shortly thereafter; bicyclist proceeding straight on northbound Kearny Street made contact with the right rear fender of the Cruise AV, damaging its fender: The bicyclist left the scene without exchanging information. There were no injuries and police were not called. Clay","7, 8",37.403269,-122.09729,509303,4000,4,,,,,,,0,
A,10/11/19,12:10 PM,2016,Toyota,Highlander,Union St. and Grant St.,San Francisco,San Francisco,94133,Stopped in Traffic,Moving,2,None,Autonomous,Clear,Daylight,Dry,No Unusual Conditions,Proceeding Straight,Proceeding Straight,Rear End,Two-Wheels,Intersection,Vehicle 2,0,None,"The stationary Zoox vehicle was in autonomous mode heading northbound on Union St: Contact occurred when the Zoox vehicle was stopped at a stop sign at the intersection of Union St and Grant St , when it was rear-ended by an electric scooter: The scooter was following closely behind the Zoox vehicle and the scooter driver was not focused on the Zoox vehicle in front of it, when the scooter's front tire made contact with the rear bumper of the Zoox vehicle_ There were no injuries.",8,37.800638,-122.407584,010600,3006,3,,,,,,,0,
A,10/12/19,2:00 PM,2016,Toyota,Highlander,Polk St. and Green St:,San Francisco,San Francisco,94109,Stopped in Traffic,Moving,2,None,Autonomous,Clear,Daylight,Dry,No Unusual Conditions,Stopped,Proceeding Straight,Unknown,Mid-Sized Car,Street,Vehicle 2,0,None,"The stationary Zoox vehicle was in autonomous mode at the stop sign on Polk St heading northbound towards Green St: The Zoox vehicle moved forward slightly, then slowed down in caution to a pedestrian on its left and potential oncoming vehicles when the driver of the vehicle behind the Zoox vehicle made contact with the rear bumper of the Zoox vehicle. There were no injuries.",8,37.797824,-122.422148,010902,1001,1,,,,,,,0,
C,10/12/19,1:23 PM,2020,Chevrolet,Bolt,Spear St. between Howard St. and Folsom St.,San Francisco,San Francisco,94105,Moving,Moving,2,Minor,Conventional,Clear,Daylight,Dry,Construction - Repair Zone,Changing Lanes,Proceeding Straight,Rear End,Mid-Sized Car,Street,Vehicle 2,0,None,"A Cruise autonomous vehicle (“Cruise AV”), operating in autonomous mode, was traveling southeast bound on Spear Street between Howard and Folsom Streets when the Cruise AV slowed down to change into the right adjacent lane due to traffic cones ahead. The driver of the Cruise AV disengaged from autonomous mode and, shortly thereafter, a lane-splitting car made contact with the right rear corner of the Cruise AV, damaging the Cruise AV’s right lower tail lamp. The driver of the other vehicle drove away without exchanging information. There were no injuries reported. Police were called but were not dispatched to the scene.","9, 10",37.79007,-122.390971,061505,1000,1,,,,,,,0,
B,10/14/19,9:03 PM,2017,Chrysler,Pacifica,Cuesta Drive at S. San Antonio Road,Los Altos,Santa Clara,94022,Stopped in Traffic,Moving,2,Minor,Autonomous,Clear,Dark - Street Lights,Dry,No Unusual Conditions,Stopped,Making Right Turn,Rear End,Mid-Sized Car,Intersection,Vehicle 2,0,None,"Waymo Autonomous Vehicle Waymo AV"") was stopped in autonomous mode on westbound Cuesta Drive at S_ San Antonio Road in Los Altos when it was rear-ended. The Waymo AV was preparing to make a right-on-red from Cuesta Drive onto northbound S San Antonio Road and was yielding to cross-traffic when a passenger vehicle made contact with the Waymo AV's rear bumper at approximately 3 MPH: The Waymo AV sustained minor damage to its rear bumper, and the passenger vehicle sustained no damage to its front bumper. No injuries were reported.",8,37.373959,-122.1141,510300,2043,2,,,,,,,0,
B,10/16/19,7:45 AM,2017,Chrysler,Pacifica,Distel Drive at El Camino Real,Mountain View,Santa Clara,94022,Stopped in Traffic,Moving,2,Minor,Autonomous,Clear,Daylight,Dry,No Unusual Conditions,Stopped,Making Right Turn,Rear End,Mid-Sized Car,Street,Vehicle 2,0,None,"A Cruise autonomous vehicle (“Cruise AV”), operating in autonomous mode, was traveling southeast bound on Spear Street between Howard and Folsom Streets when the Cruise AV slowed down to change into the right adjacent lane due to traffic cones ahead. The driver of the Cruise AV disengaged from autonomous mode and, shortly thereafter, a lane-splitting car made contact with the right rear corner of the Cruise AV, damaging the Cruise AV’s right lower tail lamp. The driver of the other vehicle drove away without exchanging information. There were no injuries reported. Police were called but were not dispatched to the scene.",8,37.357472,-122.144416,511704,1017,1,,,,,,,0,
C,10/17/19,1:05 AM,2020,Chevrolet,Bolt,Hyde St. and Sutter St. ,San Francisco,San Francisco,94109,Stopped in Traffic,Moving,2,Minor,Autonomous,Fog/Visibility,Dark - Street Lights,Wet,No Unusual Conditions,Stopped,Changing Lanes,Rear End,Mid-Sized Car,Intersection,Vehicle 2,0,None,"Waymo Autonomous Vehicle Waymo AV"") was stopped in autonomous mode on westbound Cuesta Drive at S_ San Antonio Road in Los Altos when it was rear-ended. The Waymo AV was preparing to make a right-on-red from Cuesta Drive onto northbound S San Antonio Road and was yielding to cross-traffic when a passenger vehicle made contact with the Waymo AV's rear bumper at approximately 3 MPH: The Waymo AV sustained minor damage to its rear bumper, and the passenger vehicle sustained no damage to its front bumper. No injuries were reported.",9,37.788177,-122.416827,012002,1001,1,,,,,,,0,
B,10/18/19,10:30 AM,2017,Chrysler,Pacifica,Alma Street at Oregon Expressway,Palo Alto,Santa Clara,94301,Stopped in Traffic,Moving,2,Minor,Autonomous,Clear,Daylight,Dry,No Unusual Conditions,Stopped,Proceeding Straight,Rear End,Compact Car,Slip Lane,Vehicle 2,0,None,"Waymo Autonomous Vehicle (""Waymo AV"") was stopped in autonomous mode on the interchange from eastbound Alma Street merging  onto southbound Oregon Expressway in Palo Alto when it was rear-ended. The Waymo AV was yielding to cross-traffic when a passenger vehicle made contact with the Waymo AV'$ rear bumper at approximately 8 MPH. The Waymo AV sustained minor damage to the rear bumper, and the passenger vehicle sustained minor damage to its front bumper: There were no injuries reported at the scene; the Waymo test driver later reported dizziness but declined medical attention.","7, 8",37.427925,-122.139187,510900,1023,1,,,,,,,0,
C,10/26/19,11:05 AM,2020,Chevrolet,Bolt,The Embarcadero and Battery St.,San Francisco,San Francisco,94111,Moving,Moving,2,Minor,Conventional,Clear,Daylight,Dry,No Unusual Conditions,Proceeding Straight,Proceeding Straight,Rear End,Mid-Sized Car,Street,Vehicle 2,1,Later mentioned injuries,"A Cruise autonomous vehicle ~Cruise AV""), operating in autonomous mode; was traveling southeast bound on The Embarcadero near the intersection with Battery Street when the Cruise AV yielded to another vehicle in the left adjacent lane that encroached into the Cruise AV'$ lane The driver of the Cruise AV disengaged from autonomous mode and, shortly thereafter, a second vehicle behind the Cruise AV made contact with the rear bumper of the Cruise AV, damaging the Cruise AV's right rear bumper, fascia, signal and radar assembly. There were no injuries reported at the scene by either party and police were not called. Both of the Cruise AV test operators later mentioned neck and back injuries: lamp;","8, 9",37.803239,-122.401981,010500,1009,1,,,,,,,0,
C,10/27/19,1:50 PM,2020,Chevrolet,Bolt,15 Marina Blvd,San Francisco,San Francisco,94123,Moving,Moving,2,Minor,Conventional,Clear,Daylight,Dry,No Unusual Conditions,Parking Maneuver,Parking Maneuver,Rear End,Compact Car,Parking,Vehicle 2,0,None,"A Cruise autonomous vehicle (""Cruise AV"") being driven in conventional mode was involved in a collision while traveling in a private parking lot on the block located between Marina Boulevard and North Point Street on the north and south boundaries and Buchanan and Laguna Streets on the west and east boundaries, respectively. While the driver of the Cruise AV reversed out of its diagonal parking spot, another vehicle simultaneously reversing out of its diagonal parking spot on the other side made contact with the right rear corner of the Cruise AV, damaging the Cruise AV's right rear tail lamp assembly. There were no injuries and police were not called.",9,37.804578,-122.433011,012602,2004,2,33.5,1573,1241,0,222,103,7,157695
B,10/28/19,7:43 AM,2017,Chrysler,Pacifica,Whisman Station Drive and Central Expressway,Mountain View,Santa Clara,94043,Stopped in Traffic,Moving,2,Minor,Autonomous,Clear,Dusk-Dawn,Dry,No Unusual Conditions,Stopped,Proceeding Straight,Rear End,Compact Car,Slip Lane,Vehicle 2,1,"Both reported neck pain, but declined medical treatment at the scene.","Waymo Autonomous Vehicle (""Waymo AV ) was stopped in autonomous mode in the slip lane from southbound Whisman Station Drive to northbound Central Expressway in Mountain View when it was rear-ended. The Waymo AV was yielding to approaching traffic when a passenger vehicle made contact with the Waymo AV's rear bumper at approximately 11 MPH: The Waymo AV sustained minor damage to its rear bumper, and the passenger vehicle sustained minor damage to its front bumper: The Waymo AV test driver and Waymo passenger in the vehicle both reported neck pain; but declined medical treatment at the scene. No other injuries were reported:","7, 8, 9",37.389459,-122.06288,509109,1024,1,,,,,,,0,
B,10/28/19,10:47 AM,2017,Chrysler,Pacifica,Castro Street at Central Expressway,Mountain View,Santa Clara,94041,Stopped in Traffic,Moving,2,Minor,Autonomous,Clear,Daylight,Dry,No Unusual Conditions,Stopped,Proceeding Straight,Rear End,Mid-Sized Car,Intersection,Vehicle 2,0,None,"Waymo Autonomous Vehicle (""Waymo AV"") was in autonomous mode and beginning to proceed at a green traffic light to turn left from northbound Castro Street to northbound Central Expressway in Mountain View when it was rear-ended at approximately 6 MPH by a passenger vehicle. The Waymo AV sustained minor damage to the rear bumper, and the passenger vehicle left the scene without exchanging information There were no injuries reported at the scene.","7, 8",37.39508,-122.07818,509600,2000,2,,,,,,,0,
C,10/28/19,2:42 PM,2020,Chevrolet,Bolt,Howard St. and 9th St.,San Francisco,San Francisco,94103,Moving,Moving,1,None,Conventional,Clear,Daylight,Dry,No Unusual Conditions,Proceeding Straight,Other,Side Swipe,Two-Wheels,Street,Vehicle 2,1,Later mentioned injuries,"A Cruise autonomous vehicle (""Cruise AV""), operating in autonomous mode, was traveling southeast bound on Howard Street near the intersection with 9th Street when a bicyclist in the right adjacent dedicated bike lane veered away wayward pedestrian throwing an unknown object in the bicyclist's direction in the crosswalk The driver of the Cruise AV disengaged from autonomous mode and, shortly thereafter, the bicyclist veered into the Cruise AV's lane and made contact with the right passenger door of the Cruise AV. No injuries were reported at the scene by either party. Police were called but not dispatched to the scene_ The bicyclist later reported injuries. from front",0,37.774992,-122.413161,017803,3002,3,,,,,,,0,
C,10/29/19,7:52 PM,2020,Chevrolet,Bolt,Beach St. and The Embarcadero,San Francisco,San Francisco,94133,Moving,Moving,2,None,Autonomous,Clear,Dark - Street Lights,Dry,No Unusual Conditions,Stopped,Proceeding Straight,Rear End,Compact Car,Intersection,Vehicle 2,1,Later mentioned injuries,"A Cruise autonomous vehicle (""Cruise AV') operating in autonomous mode, was traveling eastbound in channelized lane on Beach Street near the intersection with The Embarcadero when it stopped at the traffic light and another vehicle behind the Cruise AV made contact with its rear bumper. There were no injuries reported at the scene by either party and police were not called. The Cruise AV test operators sitting in the driver' s seat and in the backseat later mentioned back pain.",0,37.807438,-122.412956,010101,1013,1,37.3,781,280,78,307,20,24,88790
B,11/4/19,6:22 PM,2017,Chrysler,Pacifica,Alma Street at Oregon Expressway,Palo Alto,Santa Clara,94301,Stopped in Traffic,Moving,2,Minor,Conventional,Clear,Dark - Street Lights,Dry,No Unusual Conditions,Stopped,Proceeding Straight,Rear End,Compact Car,Slip Lane,Vehicle 2,0,None,"Waymo Autonomous Vehicle (""Waymo AV"" was stopped in manual mode on the interchange from eastbound Alma Street about to merge onto southbound Oregon Expressway in Palo Alto when it was rear-ended. The Waymo AV was yielding to cross-traffic when a passenger vehicle made contact with the Waymo AV'$ rear bumper at approximately MPH: The Waymo AV sustained minor damage to the rear bumper, and the passenger vehicle sustained no damage. There were no injuries reported at the scene.",8,37.427925,-122.139187,510900,1023,1,,,,,,,0,
C,11/7/19,8:35 PM,2020,Chevrolet,Bolt,King St between 2nd St. and 3rd St.,San Francisco,San Francisco,94107,Moving,Moving,2,Minor,Autonomous,Clear,Dark - Street Lights,Dry,No Unusual Conditions,Proceeding Straight,Changing Lanes,Rear End,Mid-Sized Car,Street,Vehicle 2,0,None,"A Cruise autonomous vehicle ~Cruise AV )  operating in autonomous mode, was traveling southwest bound on King Street between Znd and 3rd Streets when the Cruise AV slowed down: Shortly thereafter, another vehicle, changing into the Cruise AV's lane the right adjacent lane, made contact with the right rear corner of the Cruise AV, damaging the Cruise AV's right rear fascia and a radar mounting bracket: The driver of the other vehicle left the scene without exchanging information: There were no injuries and police were not called. from","9, 10",37.778126,-122.391841,060703,1000,1,,,,,,,0,
C,11/7/19,9:10 PM,2020,Chevrolet,Bolt,24th St. and Mission St.,San Francisco,San Francisco,94110,Moving,Moving,2,Minor,Conventional,Clear,Dark - Street Lights,Dry,No Unusual Conditions,Slowing/Stopping,Proceeding Straight,Broadside,Two-Wheels,Intersection,Vehicle 2,0,None,"A Cruise autonomous vehicle (""Cruise AV""), operating in autonomous mode, was traveling eastbound on 24th Street at the intersection with Mission Street when the Cruise AV yielded to an electric scooterist traveling northbound 0n Mission Street and violating a red light: The driver of the Cruise AV disengaged from autonomous mode and, shortly thereafter; the electric scooterist made contact with the right rear corner of the Cruise AV, damaging the Cruise AV's right rear fascia and brake light: The electric scooterist left the scene without exchanging information: There were no injuries and police were not called.","9, 10",37.752238,-122.418444,020900,1007,1,,,,,,,0,
C,11/9/19,9:59 AM,2020,Chevrolet,Bolt,Howard Street and 11th Street,San Francisco,San Francisco,94103,Stopped in Traffic,Moving,3,Minor,Conventional,Clear,Daylight,Dry,No Unusual Conditions,Slowing/Stopping,Passing Other Vehicle,Side Swipe,Two-Wheels,Street,Vehicle 2,0,None,"A Cruise autonomous vehicle (""Cruise AV""), operating in autonomous mode, was traveling southeast bound on IIth Street between Howard and Folsom Streets when the Cruise AV slowed down for a passing motorcyclist behind it  The driver of the Cruise AV disengaged from autonomous mode and, shortly thereafter; the motorcyclist made contact with the left rear corner of the Cruise AV. The collision resulted in damage to both the Cruise AV and the motorcycle There were no injuries and police were not called.",7,37.773101,-122.415561,017700,2005,2,,,,,,,0,
C,11/10/19,12:55 AM,2020,Chevrolet,Bolt,1499 Vallegjo St,San Francisco,San Francisco,94109,Stopped in Traffic,Moving,2,Moderate,Unknown,Clear,Dark - Street Lights,Dry,No Unusual Conditions,Parked,Proceeding Straight,Side Swipe,Mid-Sized Car,Parking,Vehicle 2,0,None,"A Cruise autonomous vehicle (""Cruise AV') was involved in collision while parked in conventional mode on the westbound side of Vallejo Street near the intersection with Polk Street While the Cruise AV was parked parallel to the curb on the street, another vehicle traveling westbound on Vallejo in the left adjacent traffic lane sideswiped and made contact with the left side of the Cruise AV and the parked vehicle in front of the Cruise AV, damaging the Cruise AV's driver's side mirror; camera, articulating radar assembly, and doors The driver of the other vehicle left the scene without exchanging information. There were no injuries and police were not called","2, 3, 4",37.796752,-122.421592,010902,1003,1,40.1,1093,646,23,273,48,103,107692
C,11/18/19,9:45 AM,2020,Chevrolet,Bolt,13th St. and Bryant St.,San Francisco,San Francisco,94103,Moving,Moving,2,Minor,Conventional,Clear,Daylight,Dry,No Unusual Conditions,Slowing/Stopping,Slowing/Stopping ,Rear End,Mid-Sized Car,Street,Vehicle 1,0,None,"A Cruise autonomous vehicle (""Cruise AV') being driven in conventional mode was involved in a collision while traveling eastbound on 13th Street near the intersection with Bryant Street  While pulling up behind another vehicle in the left turn lane, the driver of the Cruise AV accelerated and made contact with the other vehicle' $ right rear bumper, damaging the Cruise AV's front right headlight, front center radar, and radar assembly There were no injuries and police were not called.","1, 18",37.769577,-122.413347,017700,1007,1,,,,,,,0,
Lyft,11/19/19,2:04 PM,2018,Ford,Fusion,El Camino Real and Medical Foundation Drive,Palo Alto,Santa Clara,94301,Moving,Moving,2,Minor,Conventional,Clear,Daylight,Dry,No Unusual Conditions,Proceeding Straight,Other Unsafe Turning,Side Swipe,Mid-Sized Car,Street,Vehicle 2,0,None,"On November 19, 2019 at approximately 24pm in clear weather a Lyit Autonomous Vehicle ( Lyit AV"" was travelling at 29.omph in autonomous mode northbound in the right lane on El Camino Real Blvd in Palo Alto, CA when the Safety Driver commanded manual mode with steering and brake inputs in immediate reaction to the third party vehicle in the adjacent center lane abruptly cutting in to the AV's lane, apparently attempting to make a last-second right turn onto Medical Foundation Drive. Approximately 1.5 seconds later, the third party vehicle collided with AV which was then travelling at 14mph_ The third party passenger vehicle made contact with the Lyft AV's front left lidar sensor and the driver side fender. Damage was limited to the third party's passenger side door and passenger side fender, and the Lyft AV's front bumper, left bumper lidar sensor and driver side fender. No injuries were reported and law enforcement was not called.","1, 2, 3",37.440525,-122.163336,511609,1011,1,36.4,3380,1910,40,809,452,169,144292
A,11/22/19,11:11 PM,2016,Toyota,Highlander,5th Street and Folsom Street,San Francisco,San Francisco,94017,Moving,Moving,2,Moderate,Conventional,Clear,Dark - Street Lights,Dry,No Unusual Conditions,Making Left Turn,Proceeding Straight,Head On,Compact Car,Intersection,Vehicle 2,2,minor injuries,"The Zoox vehicle(1) was in conventional mode traveling southbound on Sth Street and making a protected left turn with green arrow onto Folsom Street_ The other party's vehicle(2), while being pursued by members of the San Francisco Police Department, illegally entered the intersection from the opposite direction of travel on Sth Street at a high rate of speed and collided with the front/driver's side corner of the Zoox vehicle(1) The force of the impact deployed all front airbags of the Zoox vehicle(l). Both occupants of the Zoox vehicle(l) complained of minor injuries, but declined ambulance transportation.","16, 17, 18",37.780264,-122.403387,017804,4000,4,,,,,,,0,
C,11/25/19,7:00 PM,2020,Chevrolet,Bolt,California St. and Hyde St.,San Francisco,San Francisco,94109,Stopped in Traffic,Moving,2,Minor,Autonomous,Clear,Dark - Street Lights,Dry,No Unusual Conditions,Making Right Turn,Making Right Turn,Rear End,Mid-Sized Car,Intersection,Vehicle 2,1,later mentioned injuries,"A Cruise autonomous vehicle (""Cruise AV'), operating in autonomous mode, was making a right turn from eastbound California Street onto southbound Hyde Street when another vehicle made contact with the Cruise AV'$s rear bumper, damaging the rear fascia and the rear center radars_ There were no injuries reported at the scene by either party and police were not called. after the collision, the Cruise AV test operator sitting in the driver's seat reported injuries [originally filed 12/4/2019, amended 12/16/2019] Days","8, 9",37.790973,-122.417391,011101,3001,3,,,,,,,0,
C,11/29/19,10:41 AM,2020,Chevrolet,Bolt,Embarcadero St. and Washington St.,San Francisco,San Francisco,94105,Moving,Moving,2,Moderate,Conventional,Clear,Daylight,Dry,No Unusual Conditions,Proceeding Straight,Proceeding Straight,Rear End,Mid-Sized Car,Street,Vehicle 2,1,later mentioned injuries,"A Cruise autonomous vehicle (""Cruise AV""), operating in autonomous mode, was traveling southeast bound on The Embarcadero at the intersection with Washington Street when the Cruise AV slowed down: The driver of the Cruise AV disengaged from autonomous mode and, shortly thereafter; another vehicle made contact with the rear bumper of the Cruise AV, damaging the Cruise AV's rear fascia assembly and radars_ There were no injuries reported at the scene by either party and police were not called. Both of the Cruise AV test operators later mentioned neck and back pain.","7, 8, 9",37.789595,-122.395631,061501,1006,1,,,,,,,0,
C,12/8/19,9:14 AM,2020,Chevrolet,Bolt,30th Avenue and California Street,San Francisco,San Francisco,94121,Stopped in Traffic,Moving,2,Minor,Autonomous,Clear,Daylight,Dry,No Unusual Conditions,Stopped,Slowing/Stopping ,Rear End,Mid-Sized Car,Intersection,Vehicle 2,0,None,"A Cruise autonomous vehicle (""Cruise AV'), operating in autonomous mode, was stopped at a 4-way stop on southbound 3Oth Avenue at the intersection with California Street when another vehicle made contact with the Cruise AV's rear bumper, damaging the rear fascia and rear center radar assembly of the Cruise AV. There were no injuries and police were not called.",8,37.783639,-122.490364,042700,3003,3,,,,,,,0,
C,12/13/19,7:55 AM,2020,Chevrolet,Bolt,Bryant St. and Delancey St.,San Francisco,San Francisco,94107,Moving,Moving,2,Minor,Conventional,Clear,Daylight,Dry,No Unusual Conditions,Parking Maneuver,Parking Maneuver,Rear End,Mid-Sized Car,Parking,Vehicle 2,0,None,"A Cruise autonomous vehicle (""Cruise AV') being driven in conventional mode was involved in a collision on Delancey Street south of the intersection with Brannan Street. While the driver of the Cruise AV was reversing out of its perpendicular parking spot on Delancey, another vehicle simultaneously reversing out of its perpendicular parking spot on the opposite side of the street made contact with the rear bumper of the Cruise AV, damaging the Cruise AV's left tail assembly and rear fascia. There were no injuries reported at the scene by either party and police were not called: after the collision, both of the Cruise AV test operators reported injuries. lamp Days","7, 8",37.784917,-122.391249,061508,2001,2,,,,,,,0,
A,12/19/19,9:45 AM,2016,Toyota,Highlander,NB Kearny Street before Post Street,San Francisco,San Francisco,94108,Moving,Moving,2,Moderate,Conventional,Cloudy,Daylight,Dry,No Unusual Conditions,Proceeding Straight,Changing Lanes,Side Swipe,Mid-Sized Car,Street,Vehicle 2,0,None,"On December 19,2019 at approximately 9:44AM, a Zoox vehicle operating in manual mode was struck on the passenger side fender by a bus_ The Zoox vehicle was traveling north on Kearny in the right most lane when the bus attempted to lane change in front of the Zoox vehicle, impacting its front passenger side sensors and fender: The bus was traveling less than Zmph when it hit the Zoox vehicle, which was stopped There were no injuries.","15, 16",37.791028,-122.408782,011902,3001,3,,,,,,,0,
C,12/19/19,10:27 AM,2020,Chevrolet,Bolt,Post St. and Leavenworth St.,San Francisco,San Francisco,94109,Moving,Moving,2,Minor,Autonomous,Clear,Daylight,Dry,No Unusual Conditions,Proceeding Straight,Changing Lanes,Rear End,Mid-Sized Car,Intersection,Vehicle 2,0,None,"A Cruise autonomous vehicle (""Cruise AV"") operating in autonomous mode, was traveling northbound on Leavenworth Street at the intersection with Post Street when the Cruise AV yielded to public transit bus changing into the Cruise A lane from the right adjacent lane The driver of the Cruise AV disengaged from autonomous mode and, shortly thereafter, another vehicle made contact with the left rear corner of the Cruise AV, damaging the Cruise A V's left rear fascia and the other vehicle'$ right front fascia. There were no injuries and police were not called. V's","6, 7",37.787453,-122.414995,012204,3000,3,,,,,,,0,
B,12/20/19,9:13 AM,2017,Chrysler,Pacifica,Whisman Station Drive and Central Expressway,Mountain View,Santa Clara,94043,Stopped in Traffic,Moving,2,Minor,Conventional,Clear,Daylight,Dry,No Unusual Conditions,Stopped,Proceeding Straight,Rear End,Compact Car,Slip Lane,Vehicle 2,0,None,"Waymo Autonomous Vehicle Waymo AV"") was stopped in manual mode in the slip lane from southbound Whisman Station Drive to northbound Central Expressway in Mountain View when it was rear-ended The Waymo AV test driver was yielding to approaching traffic when a passenger vehicle made contact with the Waymo AV's rear bumper at approximately 2 MPH: The Waymo AV sustained minor damage to its rear bumper, and the passenger vehicle sustained minor damage to its front bumper: No injuries were reported at the scene",8,37.389459,-122.06288,509109,1024,1,,,,,,,0,
A,12/20/19,9:00 AM,2016,Toyota,Highlander,Kearny Street and Jackson Street,San Francisco,San Francisco,94108,Moving,Moving,2,Moderate,Conventional,Cloudy,Daylight,Dry,No Unusual Conditions,Making Right Turn,Proceeding Straight,Rear End,Mid-Sized Car,Intersection,Vehicle 2,0,None,"On December 20,2019 at approximately 9:OOAM, a stationary Zoox vehicle operating in manual mode was struck on its rear drivers' side by another vehicle traveling 1Omph: The Zoox vehicle was traveling north o Kearny making a right onto Jackson: The Zoox vehicle was stopped while yielding to pedestrian crossing Jackson: The vehicle directly behind the Zoox vehicle drove around the left side of the Zoox vehicle in an attempt to pass, clipping the left rear sensors with it's passenger side side-view mirror: There were no injuries.","6, 7",37.79621,-122.405143,061101,1004,1,,,,,,,0,
C,12/27/19,4:56 PM,2020,Chevrolet,Bolt,850 Stanyan St.,San Francisco,San Francisco,94117,Moving,Moving,2,Minor,Conventional,Clear,Dusk-Dawn,Dry,No Unusual Conditions,Proceeding Straight,Passing Other Vehicle,Side Swipe,Truck/Bus,Intersection,Vehicle 2,0,None,"A Cruise autonomous vehicle (""Cruise AV'), operating in autonomous mode, was traveling southbound on Stanyan Street at the intersection with Beulah Street when lane-encroaching municipal city bus in the right adjacent lane attempted to pass the Cruise AV. The driver of the Cruise AV disengaged from autonomous mode and, shortly thereafter; the bus made contact with the right side of the Cruise AV, damaging the Cruise AV's right articulating radar casing: There were no injuries. Police were called but not dispatched to the scene. city",14,37.766678,-122.452699,017102,3004,3,35.1,1374,844,43,99,249,138,142259
C,1/2/20,8:24 AM,2020,Chevrolet,Bolt,Clement St between 24th Ave and 25th Ave,San Francisco,San Francisco,94121,Stopped in Traffic,Moving,2,Minor,Conventional,Clear,Daylight,Dry,No Unusual Conditions,Parked,Parking Maneuver,Head On,Mid-Sized Car,Parking,Vehicle 2,0,None,"A Cruise autonomous vehicle (""Cruise AV') being driven in conventional mode was involved in a collision on eastbound Clement Street between 24th and 25th Avenues_ While the Cruise AV was parked parallel to the curb on the street, another vehicle reversing out of its parallel parking spot made contact with the front bumper of the Cruise AV, damaging the Cruise AV's front center radar bracket assembly. There were no injuries and police were not called.",17,37.782025,-122.484873,042700,2000,2,,,,,,,0,
B,1/7/20,10:05 AM,2017,Chrysler,Pacifica,Nita Avenue and San Antonio Road,Palo Alto,Santa Clara,94306,Stopped in Traffic,Moving,2,Minor,Autonomous,Clear,Daylight,Dry,No Unusual Conditions,Stopped,Proceeding Straight,Rear End,Truck/Bus,Slip Lane,Vehicle 2,0,None,"Waymo Autonomous Vehicle (""Waymo AV ) was stopped in autonomous mode in the slip lane from westbound Nita Avenue to northbound San Antonio Road in Palo Alto when it was rear-ended. The Waymo AV was yielding to approaching traffic when commercial box truck made contact with the Waymo AV's rear bumper at approximately 3 MPH: The Waymo AV sustained minor damage to its rear bumper, and the commercial box truck left without exchanging information. Waymo contacted the Palo Alto Police Department and police report was filed No injuries were reported at the scene.","7, 8",37.41028,-122.104636,509302,2014,2,43.4,2290,897,529,677,133,54,119271
A,1/8/20,9:10 AM,2016,Toyota,Highlander,Green St. and Grant St.,San Francisco,San Francisco,94133,Stopped in Traffic,Moving,2,Moderate,Conventional,Clear,Daylight,Dry,No Unusual Conditions,Stopped,Backing,Rear End,Compact Car,Parking,Vehicle 2,0,None,"A Zoox vehicle was parked with hazard lights blinking while in manual mode on Green St: facing east towards Varennes St: A car reversed from horizontal parking of the oncoming lane and made contact with the rear left corner of the Zoox Vehicle, damaging the sensors_ Police were not called. spot",7,37.799704,-122.407395,010600,3006,3,,,,,,,0,
C,1/12/20,12:40 PM,2020,Chevrolet,Bolt,Clipper St. and Portola Dr.,San Francisco,San Francisco,94131,Moving,None,1,Minor,Conventional,Clear,Daylight,Dry,No Unusual Conditions,Making Left Turn,Unknown,Hit Object,Mid-Sized Car,Intersection,Vehicle 1,0,None,"A Cruise autonomous vehicle (""Cruise AV') being driven in conventional mode was involved in a single-car collision on northbound Clipper Street near the intersection with westbound Portola Drive. While the driver of the Cruise AV began to turn left onto Portola, the driver made contact with the traffic island, damaging the Cruise AV's front left wheel assembly: There were no injuries and police were not called:",2,37.748845,-122.436942,021300,2008,2,43.2,1646,1005,99,194,181,167,168759
A,1/13/20,6:15 PM,2016,Toyota,Highlander,Mason St. and Sutter St.,San Francisco,San Francisco,94108,Stopped in Traffic,Moving,2,None,Conventional,Clear,Dark - Street Lights,Dry,No Unusual Conditions,Stopped,Proceeding Straight,Rear End,Compact Car,Intersection,Vehicle 2,0,None,"A Zoox vehicle was in manual mode, stopped at a red light at the intersection of Mason St. and Sutter St. facing south. A vehicle behind it made low-speed contact with the rear of the Zoox vehicle There was no damage. Police were not called",0,37.788081,-122.410057,012302,3001,3,,,,,,,0,
Aurora,1/14/20,11:13 AM,2017,Lincoln,MKZ,Lafayette St: and Benton St:,Santa Clara,Santa Clara,95050,Stopped in Traffic,Moving,2,None,Conventional,Clear,Daylight,Dry,No Unusual Conditions,Stopped,Passing Other Vehicle,Rear End,Mid-Sized Car,Intersection,Vehicle 2,0,None,"On 01/14/2020 at 11:13 AM, the Aurora vehicle while at a complete stop at a red light at the intersection of Lafayette  St and Benton St. in Santa Clara was rear-ended on the driver's side rear fender by a Jeep Wrangler; when it attempted to navigate around the stopped Aurora vehicle_ There were no injuries to the occupants of either vehicle, nor damage to either vehicle.",0,37.351079,-121.94396,505600,3000,3,,,,,,,0,
A,1/14/20,3:46 PM,2016,Toyota,Highlander,5th Street and Folsom Street,San Francisco,San Francisco,94107,Moving,Moving,2,Minor,Conventional,Cloudy,Daylight,Dry,No Unusual Conditions,Proceeding Straight,Changing Lanes,Rear End,Mid-Sized Car,Street,Vehicle 2,0,None,"A Zoox vehicle in manual mode was in traffic on Sth St; south of Folsom when the car immediately behind it passed on the left. That car made contact with the left-rear bumper of the Zoox vehicle, causing a minor scratch: The driver of the Zoox vehicle then pulled over to assess damage and exchange driver information, but the other vehicle did not stop. There were no injuries, and police were not called. St  ,",7,37.780264,-122.403387,017804,4000,4,,,,,,,0,
A,1/21/20,8:44 AM,2016,Toyota,Highlander,3rd St. and Mission St.,San Francisco,San Francisco,94103,Moving,Moving,2,Minor,Conventional,Clear,Daylight,Dry,No Unusual Conditions,Proceeding Straight,Changing Lanes,Rear End,Mid-Sized Car,Street,Vehicle 2,0,None,"A Zoox vehicle was traveling in manual mode on 3rd St towards Mission St when a car merged into the lane behind it: While the Zoox vehicle yielded to bus, the car behind the Zoox vehicle made contact with the Zoox vehicle's rear bumper, damaging some sensors. The Zoox vehicle driver pulled over to assess the damage and exchange driver information but the other vehicle did not stop. There were no injuries and police were not called.",8,37.786248,-122.402025,061501,3006,3,,,,,,,0,
A,1/21/20,11:08 AM,2016,Toyota,Highlander,Broadway St. and Powell St.,San Francisco,San Francisco,94133,Moving,Stopped in Traffic,2,Minor,Autonomous,Clear,Daylight,Dry,No Unusual Conditions,Passing Other Vehicle,Stopped,Side Swipe,Truck/Bus,Street,Vehicle 1,0,None,"A Zoox vehicle traveling in autonomous mode on Broadway St. towards Powell St: encountered double-parked flatbed truck: The Zoox vehicle began to maneuver around the stationary truck and made slight contact with the left rear of the truck, causing a scrape on the passenger-side door of the Zoox vehicle; there was no damage to the truck There were no injuries and police were not called.",14,37.797419,-122.410264,010701,1004,1,,,,,,,0,
C,1/25/20,8:10 AM,2020,Chevrolet,Bolt,4307 24th St,San Francisco,San Francisco,94114,Moving,Stopped in Traffic,2,None,Conventional,Clear,Daylight,Dry,No Unusual Conditions,Backing,Parked,Other,Mid-Sized Car,Parking,Vehicle 1,0,None,"A Cruise autonomous vehicle (""Cruise AV') being driven in conventional mode was involved in a collision 0n westbound 24th Street between Douglass Street and Hoffman Avenue_ While the driver of the Cruise AV attempted to reverse into a parallel parking spot; the driver made contact with another parked vehicle's front bumper, damaging the other vehicle's front center bumper_ There were no injuries and police were not called.",0,37.750799,-122.438863,021300,2000,2,43.2,1646,1005,99,194,181,167,168759
B,1/28/20,11:30 AM,2017,Chrysler,Pacifica,Oro Way at Space Park Way,Mountain View,Santa Clara,94043,Moving,None,1,Minor,Conventional,Cloudy,Daylight,Dry,Reduced Roadway Width,Making Right Turn,Unknown,Side Swipe,Mid-Sized Car,Intersection,Vehicle 1,0,None,"Waymo Autonomous Vehicle (""Waymo AV"") was being driven in manual mode and attempting to exit Santiago Villa Mobile Home Park  in Mountain View by turning right from southbound Oro Way to westbound Space Park when it made contact with stationary object The Waymo AV's test driver was making a sharp right turn and the Waymo AV's rear passenger side door and wheel well scraped a wall at approximately MPH: The Waymo AV sustained minor damage. No injuries were reported at the scene Way",11,37.421865,-122.070895,504601,1007,1,,,,,,,0,
C,1/29/20,10:10 AM,2020,Chevrolet,Bolt,1170 Columbus Av,San Francisco,San Francisco,94133,Moving,Moving,2,None,Autonomous,Clear,Daylight,Dry,No Unusual Conditions,Proceeding Straight,Proceeding Straight,Rear End,Compact Car,Street,Vehicle 2,0,None,"A Cruise autonomous vehicle ~Cruise AV ) operating in autonomous mode, was traveling northwest bound on Columbus Street approaching the intersection with Jones Street when the Cruise AV slowed down The driver of the Cruise AV disengaged from autonomous mode and, shortly thereafter, another vehicle, changing into the Cruise AV's lane from the left adjacent lane, made contact with] the rear bumper of the Cruise AV. There were no injuries reported at the scene by either party and police were not called. Both of the Cruise] AV test operators later mentioned neck and shoulder pain.",0,37.805109,-122.416928,010300,1001,1,50.7,1077,702,0,277,91,7,0
C,1/31/20,5:47 PM,2020,Chevrolet,Bolt,22 Castro St,San Francisco,San Francisco,94114,Stopped in Traffic,Moving,2,None,Autonomous,Clear,Daylight,Dry,No Unusual Conditions,Making Left Turn,Proceeding Straight,Rear End,Mid-Sized Car,Intersection,Vehicle 2,0,None,"A Cruise autonomous vehicle ""Cruise AV'), operating in autonomous mode, was making a left turn onto eastbound Duboce Avenue from southbound Castro Street when the Cruise AV yielded to an oncoming car: The driver of the Cruise AV disengaged from autonomous mode and, shortly thereafter; another vehicle made contact with the rear bumper of the Cruise AV. There were no injuries reported at the scene by either party and police were not called. Both of the Cruise AV test operators later mentioned neck and back pain:",0,37.76853,-122.436037,017000,1000,1,39.5,856,641,13,60,27,115,250001
C,2/5/20,8:57 AM,2020,Chevrolet,Bolt,901 Jones St,San Francisco,San Francisco,94109,Stopped in Traffic,Moving,2,None,Conventional,Clear,Daylight,Dry,No Unusual Conditions,Stopped,Proceeding Straight,Rear End,Mid-Sized Car,Intersection,Vehicle 2,1,Later mentioned injuries,"A Cruise autonomous vehicle (""Cruise AV"") being driven in conventional mode was involved in a collision 0n eastbound Bush Street near the intersection with Jones Street. While the driver of the Cruise AV was stopped in traffic, another vehicle made contact with the rear bumper of the Cruise AV. There were no injuries reported at the scene by either party and were not called. The Cruise AV test operator sitting in the passenger seat later mentioned neck and back pain: police front",0,37.789679,-122.413728,011901,1000,1,35,1471,541,28,559,218,125,104211
C,2/9/20,9:16 PM,2020,Chevrolet,Bolt,Sickles Ave and Mission St,San Francisco,San Francisco,94112,Stopped in Traffic,Moving,2,Moderate,Autonomous,Clear,Dark - Street Lights,Dry,No Unusual Conditions,Proceeding Straight,Proceeding Straight,Rear End,Mid-Sized Car,Intersection,Vehicle 2,0,None,"A Cruise autonomous vehicle (""Cruise AV""), operating in autonomous mode, was traveling southeast bound 0n Sickles Avenue toward the intersection with Mission Street in the left turn lane; when the Cruise AV yielded to another vehicle that encroached into the Cruise AV'$ lane from the right adjacent lane. Shortly thereafter; a second vehicle made contact with the rear bumper of the Cruise AV, damaging the Cruise AV's rear impact bar and radar mounting bracket and the other vehicle's front bumper: There were no injuries and police were not called:",8,37.708805,-122.452665,026201,3004,3,,,,,,,0,
B,2/12/20,4:53 PM,2017,Chrysler,Pacifica,2042 Midvale Ave,Los Angeles,Los Angeles,90025,Moving,Stopped in Traffic,2,Minor,Conventional,Clear,Daylight,Dry,No Unusual Conditions,Proceeding Straight,Parked,Side Swipe,Mid-Sized Car,Street,Vehicle 1,0,None,"Waymo Autonomous Vehicle (""Waymo AV') was being driven in manual mode on northbound Midvale Avenue approaching La Grange Avenue in Los Angeles when the Waymo A right side mirror made contact with the left side mirror of a parked vehicle The Waymo AV's test driver was attempting to move to the right to give space to an oncoming vehicle when it made contact with the parked vehicle's left side mirror while traveling at approximately 16 MPH. The side mirror on the Waymo AV and side mirror on the parked vehicle both sustained minor damage. No injuries were reported at the scene. V's",14,34.04508,-118.43398,267202,3004,3,44.3,921,355,94,398,54,20,0
B,2/14/20,5:52 PM,2017,Chrysler,Pacifica,Park Drive at Miramonte Avenue,Mountain View,Santa Clara,94040,Stopped in Traffic,Moving,2,Minor,Autonomous,Clear,Dusk-Dawn,Dry,No Unusual Conditions,Stopped,Proceeding Straight,Rear End,Mid-Sized Car,Intersection,Vehicle 2,0,None,"Waymo Autonomous Vehicle Waymo AV"") was stopped in autonomous mode turning right from eastbound Park Drive onto southbound Miramonte Avenue in Mountain View when it was rear-ended_ The Waymo AV was yielding to approaching traffic when passenger vehicle made contact with the Waymo AV'$ rear bumper at approximately 6 MPH. The Waymo AV sustained minor damage to its rear bumper, and the passenger vehicle sustained minor damage to its front bumper. No injuries were reported at the scene.",8,37.38698,-122.08829,509801,1011,1,,,,,,,0,
A,2/21/20,9:25 AM,2016,Toyota,Highlander,California Street and Mason Street,San Francisco,San Francisco,94108,Moving,Moving,2,Minor,Conventional,Clear,Daylight,Dry,No Unusual Conditions,Making Left Turn,Backing,Rear End,Compact Car,Intersection,Vehicle 2,0,None,"A Zoox vehicle was in manual mode, turning left onto Mason Street from California Street, facing south: A car reversed from horizontal parking spot o the left and made contact with the Zoox vehicle's front left wheel, causing minor damage. There were no injuries and police were not called.","1, 2",37.791835,-122.410818,011200,2002,2,,,,,,,0,
A,2/26/20,8:52 PM,2016,Toyota,Highlander,Montgomery St and Pacific St,San Francisco,San Francisco,94133,Moving,Moving,2,Minor,Autonomous,Clear,Dark - Street Lights,Dry,No Unusual Conditions,Stopped,Xing Into Opposing Lane,Side Swipe,Truck/Bus,Street,Vehicle 2,0,None,"A Zoox vehicle was stationary in autonomous mode on Montgomery St facing north towards Broadway St, yielding for an oncoming bus encroaching upon its lane. The bus struck the driver's side mirror; causing it to fold with minor damage. The bus driver did not stop, So no information was exchanged. There were n0 injuries and police were not called.",2,37.797298,-122.403675,061101,2001,2,,,,,,,0,
A,2/26/20,11:28 AM,2016,Toyota,Highlander,Montgomery Street and Clay Street,San Francisco,San Francisco,94111,Moving,Moving,2,Moderate,Autonomous,Clear,Daylight,Dry,No Unusual Conditions,Changing Lanes,Entering Traffic,Broadside,Compact Car,Street,Vehicle 2,0,None,"A Zoox vehicle was in autonomous mode while making a right lane change on Montgomery St facing north towards St. A car entered traffic from a stop sign intersection on right without stopping and struck the Zoox vehicle's rear passenger side door, causing moderate damage. There were no injuries and police were not called. Clay","11, 12",37.794666,-122.403139,061101,2018,2,,,,,,,0,
B,2/26/20,12:45 PM,2017,Chrysler,Pacifica,Central Expressway and Shoreline Boulevard,Mountain View,Santa Clara,94043,Stopped in Traffic,Moving,2,Moderate,Conventional,Clear,Daylight,Dry,No Unusual Conditions,Merging,Merging,Rear End,Mid-Sized Car,Slip Lane,Vehicle 2,0,None,"Waymo Autonomous Vehicle (""Waymo AV"" was traveling in autonomous mode, entering the slip lane onto northbound Central Expressway from the northbound S. Shoreline Boulevard ramp in Mountain View, when it began braking to yield to approaching traffic on Central Expressway As the Waymo AV slowed down, the Waymo AV test driver disengaged and brought the Waymo AV to a stop. Moments later a passenger vehicle made contact with the Waymo AV'$ rear bumper at approximately 15 MPH. The Waymo AV sustained moderate damage to its rear bumper, and the other vehicle had moderate damage to its front bumper: No injuries were reported.","7, 8, 9",37.397349,-122.08188,509201,1008,1,,,,,,,0,
B,3/10/20,7:57 AM,2017,Chrysler,Pacifica,Whisman Station Drive at Central Expressway,Mountain View,Santa Clara,94043,Moving,Moving,2,Minor,Autonomous,Clear,Daylight,Dry,No Unusual Conditions,Proceeding Straight,Proceeding Straight,Rear End,Mid-Sized Car,Slip Lane,Vehicle 1,0,None,"Waymo Autonomous Vehicle Waymo AV) was in autonomous mode in the slip lane from southbound Whisman Station Drive to northbound Central Expressway in Mountain View when it was rear-ended_ The Waymo AV was yielding to approaching traffic 0n Central Expressway when passenger vehicle made contact with the Waymo AV's rear bumper at approximately MPH: The Waymo AV sustained minor damage to its rear bumper, and the passenger vehicle sustained minor damage to its front bumper. No injuries were reported",7,37.389459,-122.06288,509109,1024,1,,,,,,,0,
Pony.ai,5/30/20,10:19 AM,2019,Hyundai,Kona EV,Corner of Harvard and Barranca,Irvine,Orange County,92606,Stopped in Traffic,Moving,2,Moderate,Autonomous,Clear,Daylight,Dry,No Unusual Conditions,Stopped,Proceeding Straight,Head On,Mid-Sized Car,Intersection,Vehicle 2,0,None,"The Pony.ai autonomous vehicle 'Pony.ai AV"") stopped at a red light on the corner of Harvard Ave and Barranca Parkway, preparing to make a right turn on red The Pony.ai AV crept into the intersection before stopping to yield to oncoming traffic. While stopped, the Pony.ai AV was rear-ended by the vehicle behind it (""Vehicle The contact between the vehicles caused a moderate dent to the back of the Pony.ai AV and minor damage to Vehicle 2. Both drivers pulled over to the side of the roadway and exchanged information: There were no injuries reported and the police were not called 2"")","7, 8",33.701121,-117.817338,075518,3007,3,,,,,,,0,
C,6/1/20,10:36 AM,2020,Chevrolet,Bolt,Mission Street and 10th Street,San Francisco,San Francisco,94103,Stopped in Traffic,Moving,2,Minor,Autonomous,Clear,Daylight,Dry,No Unusual Conditions,Stopped,Proceeding Straight,Rear End,Mid-Sized Car,Intersection,Vehicle 2,0,None,"A Cruise autonomous vehicle (""Cruise AV ), operating in autonomous mode, was coming to a complete stop in response to stopped traffic on southwest bound Mission Street near the intersection with 1Oth Street when another vehicle approaching from the rear made contact with the Cruise AV's rear bumper, damaging the rear right fascia light bracket  The driver of the other vehicle left the scene without exchanging information Both of the Cruise AV test operators mentioned back pain at the scene but police were not called.",9,37.775272,-122.415908,017603,3005,3,,,,,,,0,
B,6/15/20,1:20 PM,2017,Chrysler,Pacifica,Alma Street at AlmaVillage Circle,Palo Alto,Santa Clara,94306,Stopped in Traffic,Moving,2,Minor,Autonomous,Clear,Daylight,Dry,No Unusual Conditions,Stopped,Proceeding Straight,Rear End,Mid-Sized Car,Intersection,Vehicle 2,0,None,"Waymo Autonomous Vehicle (""Waymo AV ) was stopped in autonomous mode on northbound Alma Street at Alma Village Circle in Palo Alto when it was rear-ended_ The Waymo AV was stopped in traffic for a red light when passenger vehicle made contact with the Waymo AV's rear bumper at approximately 2 MPH. The Waymo AV sustained minor damage to its rear bumper and hatch; and the passenger vehicle sustained minor damage to its front bumper: No injuries were reported",8,37.415728,-122.130765,510600,2002,2,,,,,,,0,
B,7/9/20,6:34 PM,2017,Chrysler,Pacifica,Glenbrook Avenue and Palo Alto Avenue,San Francisco,San Francisco,94131,Moving,None,1,Minor,Conventional,Clear,Daylight,Dry,No Unusual Conditions,Making Right Turn,Unknown,Hit Object,Mid-Sized Car,Intersection,Vehicle 1,0,None,"Waymo Autonomous Vehicle (""Waymo AV"") was making a turn in manual mode from westbound Palo Alto Avenue onto northbound Glenbrook Avenue in San Francisco when it made contact a curb_ The Waymo A V test driver was making a right turn when the right rear tire of the Waymo AV made contact with a curb at approximately 10 MPH: The Waymo AV's right rear tire deflated following the curb contact: No injuries were reported: with",11,37.757458,-122.450289,030500,1001,1,,,,,,,0,
A,7/14/20,1:50 PM,2016,Toyota,Highlander,Vallejo Street and Davis Street,San Francisco,San Francisco,94111,Moving,Stopped in Traffic,2,Minor,Autonomous,Clear,Daylight,Dry,No Unusual Conditions,Making Left Turn,Stopped,Side Swipe,Truck/Bus,Intersection,Vehicle 1,0,None,A Zoox vehicle in autonomous mode was making left turn from Davis Street onto Vallejo Street and encountered a semi-truck flatbed parked in the intersection The Zoox vehicle made contact with the rear right side of the truck at a very low There was minor damage to the Zoox vehicle and no damage to the truck: There were no injuries and police were not called. speed.,"15, 16",37.799828,-122.398883,010500,1011,1,,,,,,,0,
C,7/25/20,4:53 PM,2020,Cruise,9FM48,Taraval St. and 2lst Ave_,San Francisco,San Francisco,94116,Moving,None,1,Minor,Conventional,Clear,Daylight,Dry,No Unusual Conditions,Parking Maneuver,Unknown,Hit Object,Mid-Sized Car,Intersection,Vehicle 1,0,None,"A Cruise autonomous vehicle (""Cruise AV"") being driven in conventional mode was involved in a single-car collision 0n westbound Taraval Street near the intersection with 2lst Avenue_ After completing a right turn onto Taraval from 2lst, the driver of the Cruise AV turned into a parallel parking space and made contact with the curb, damaging the Cruise AV's front right tire. There were no injuries and police were not called.",14,37.743857,-122.483232,032801,2005,2,,,,,,,0,
C,8/4/20,3:53 PM,2020,Cruise,9FM48,2700 San Jose Ave,San Francisco,San Francisco,94112,Stopped in Traffic,Moving,2,Minor,Conventional,Clear,Daylight,Dry,Unknown,Parked,Parking Maneuver,Unknown,Mid-Sized Car,Parking,Vehicle 2,0,None,"A Cruise autonomous vehicle (""Cruise AV') parked in conventional mode was involved in a collision 0n southwest bound San Jose Avenue between Farallones and Broad Streets. While the Cruise AV was parked parallel to the curb on the street, another vehicle in front of the Cruise AV made contact with the front bumper of the Cruise AV while reversing out of its parking spot, damaging the Cruise AV'$ front right fascia. There were no injuries and police were not called.",16,37.713953,-122.452174,031401,1000,1,39.1,1534,121,117,877,396,23,90139
A,8/6/20,10:50 AM,2016,Toyota,Highlander,Polk and Green Street,San Francisco,San Francisco,94109,Moving,Moving,2,Minor,Conventional,Clear,Daylight,Dry,No Unusual Conditions,Proceeding Straight,Proceeding Straight,Side Swipe,Mid-Sized Car,Intersection,Vehicle 1,0,None,"A Zoox vehicle was in manual mode traveling straight on Polk Street approaching the Green/Polk Street 4-way intersection at low speed. A passenger vehicle was traveling straight on Green Street also approaching the Green/Polk intersection. Both vehicles came to their respective stops at the intersection, then both vehicles resumed movement through the intersection at the same time and came in contact with one another at low The front right side of the Zoox vehicle made contact with the front left bumper of the passenger vehicle. There were no injuries and the police were not called. speed.",15,37.797824,-122.422148,010902,1001,1,,,,,,,0,
C,8/9/20,3:48 PM,2020,Cruise,9FM48,Potrero Ave. and 17th St.,San Francisco,San Francisco,94110,Stopped in Traffic,Moving,2,Minor,Autonomous,Clear,Daylight,Dry,Unknown,Stopped,Changing Lanes,Rear End,Mid-Sized Car,Intersection,Vehicle 2,1,Later reported neck pain,"A Cruise autonomous vehicle (""Cruise AV), operating in autonomous mode, was yielding to oncoming traffic to making a left turn onto eastbound 17th Street from southbound Potrero Avenue when another vehicle made contact with the rear bumper of the Cruise AV, damaging the Cruise AV's right rear bumper bar and fascia. The Cruise AV test operator in the driver's seat reported back pain at the scene but did not request emergency assistance. The Cruise AV test operator sitting in the front passenger seat did not report any injuries at the scene, but later reported neck Police were not called. prior pain:",9,37.764488,-122.40742,022802,1023,1,,,,,,,0,
C,8/15/20,10:19 PM,2020,Cruise,9FM48,Turk St. and Steiner St.,San Francisco,San Francisco,95115,Moving,Moving,2,Moderate,Autonomous,Clear,Dark - Street Lights,Dry,Unknown,Proceeding Straight,Changing Lanes,Side Swipe,Mid-Sized Car,Intersection,Vehicle 2,0,None,"A Cruise autonomous vehicle (""Cruise AV"") operating in autonomous mode, was traveling westbound on Turk Street through the intersection with Steiner Street when another vehicle encroached into the Cruise AV's lane from the right adjacent lane and made contact with the right side of the Cruise AV, damaging the Cruise AV's right front fender, right front door, and right rear door and the other vehicle's front left bumper and fender: There were no injuries and police were not called.","12, 13, 14",37.780287,-122.433785,016101,3000,3,,,,,,,0,
A,8/20/20,12:05 PM,2019,Toyota,Highlander,Howard St between Moss & Russ Street,San Francisco,San Francisco,94103,Moving,Moving,2,None,Conventional,Clear,Daylight,Dry,No Unusual Conditions,Parked,Parking Maneuver,Rear End,Mid-Sized Car,Parking,Vehicle 2,0,None,"A Zoox vehicle was parked in a parallel parking space on Howard Street, when a passenger vehicle attempted to parallel park behind it: The front bumper of the passenger vehicle made contact with the rear hardware at the center of the Zoox bumper causing no damage to the Zoox vehicle. There were no injuries and the police were not called.",8,37.778861,-122.408272,017602,1002,1,,,,,,,0,
B,9/5/20,12:21 PM,2017,Chrysler,Pacifica,Clement Street at 12th Avenue,San Francisco,San Francisco,94118,Stopped in Traffic,Moving,2,Minor,Conventional,Clear,Daylight,Dry,No Unusual Conditions,Stopped,Proceeding Straight,Rear End,Mid-Sized Car,Intersection,Vehicle 2,0,None,"Waymo Autonomous Vehicle (""Waymo AV ) was stopped at a stop sign intersection in manual mode at westbound Clement Street at 12th Avenue in San Francisco when it was rear-ended. The Waymo AV test driver was yielding to pedestrian in the crosswalk when a passenger vehicle made contact with the Waymo AV'$ rear bumper at approximately 6 MPH. The Waymo AV sustained minor damage to its rear bumper and hatch, and the passenger vehicle sustained minor damage to its front bumper. No injuries were reported.",8,37.782652,-122.470846,040200,2004,2,,,,,,,0,
C,9/16/20,9:09 AM,2020,Cruise,9FM48,9th St and Folsom St,San Francisco,San Francisco,94103,Stopped in Traffic,Moving,2,Moderate,Autonomous,Clear,Daylight,Dry,No Unusual Conditions,Stopped,Proceeding Straight,Rear End,Mid-Sized Car,Intersection,Vehicle 2,1,"Reported back pain at the scene, but did not request emergency assistance.","A Cruise autonomous vehicle (""Cruise AV""), operating in autonomous mode, was traveling northwest bound on 9th Street near the intersection with Folsom Street in the right lane when it stopped due to traffic ahead in the intersection. Shortly thereafter, another vehicle made contact with the Cruise A V, damaging the Cruise A V's left rear bumper; wheel well, and tail and the other vehicle's front right bumper; headlight, and fender: The Cruise AV test operator sitting in the front passenger seat reported back pain at the scene, but did not request emergency assistance. Police were not called. lamp","6, 7, 8",37.773769,-122.41161,017803,2000,2,,,,,,,0,
A,9/16/20,10:40 AM,2016,Toyota,Highlander,Intersection of Folsom and Sth Street,San Francisco,San Francisco,94107,Moving,Moving,2,None,Autonomous,Clear,Daylight,Dry,No Unusual Conditions,Proceeding Straight,Other Unsafe Turning,Side Swipe,Mid-Sized Car,Intersection,Vehicle 2,0,None,"A Zoox vehicle in autonomous mode was traveling on Folsom Street straight through the Sth Street intersection when a passenger vehicle in the right adjacent lane attempted to make a left turn in front of the Zoox vehicle onto Sth Street The rear left bumper of the turning passenger vehicle made contact with the front right side of the Zoox vehicle. There were no injuries, and the were not called: police",0,37.76046,-122.399724,022704,3001,3,,,,,,,0,
A,10/6/20,1:40 PM,2016,Toyota,Highlander,Harrison St13th St,San Francisco,San Francisco,94103,Stopped in Traffic,Moving,1,Minor,Autonomous,Clear,Daylight,Dry,No Unusual Conditions,Stopped,Proceeding Straight,Rear End,Mid-Sized Car,Intersection,Vehicle 2,0,None,A Zoox vehicle in autonomous mode was stopped in traffic at the intersection of Harrison St and 13 St when a passenger vehicle from behind hit the Zoox vehicle' $ rear bumper and sensors at a low speed. There were no injuries and police were not called.,8,37.772788,-122.409945,017803,2001,2,31.6,1578,374,0,881,227,96,154632
C,10/9/20,1:08 PM,2020,Chevrolet,Bolt,4960 Mission St,San Francisco,San Francisco,94112,Moving,None,2,Minor,Conventional,Clear,Daylight,Dry,Unknown,Making Right Turn,Parked,Side Swipe,Mid-Sized Car,Intersection,Vehicle 1,0,None,"A Cruise autonomous vehicle (""Cruise AV )  operating in conventional mode, was involved in an incident: The Cruise AV was exiting parking lot and turning right onto southbound Mission Street between France Ave and Italy when it made contact with the left rear bumper of a parked vehicle_ This caused damage to the passenger rear quarter panel and passenger rear door of the Cruise AV_ There was no damage to the parked vehicle. There were no injuries and the police were not called. Ave","10, 11",37.718974,-122.439419,026100,1006,1,52.5,1390,103,9,1003,248,27,70984
C,10/24/20,4:40 AM,2020,Chevrolet,Bolt,2398 17 St,San Francisco,San Francisco,94110,Stopped in Traffic,Moving,2,Minor,Autonomous,Clear,Dark - Street Lights,Dry,No Unusual Conditions,Stopped,Xing Into Opposing Lane,Head On,Mid-Sized Car,Intersection,Vehicle 2,0,None,"A Cruise autonomous vehicle ~Cruise AV ) operating in autonomous mode, was traveling westbound on 17th Street at the intersection with Potrero St._ when the Cruise AV was struck by a 2007 Subaru Outback that crossed the centerline while driving eastbound on 17th Street_ Immediately before the incident; the driver of the Cruise AV, seeing the oncoming vehicle crossing the centerline, disengaged from autonomous mode and brought the Cruise AV to a stop. The oncoming car made contact with the front driver side quarter panel of the Cruise AV, causing damage. There were no injuries, but the were called. The driver of the 2007 Subaru Outback left the scene before the police arrived police","17, 18, 19",37.764638,-122.407224,017700,1023,1,33.9,372,165,5,86,98,18,165789
C,10/25/20,4:28 PM,2020,Chevrolet,Bolt,1128 Balboa St,San Francisco,San Francisco,94118,Moving,Stopped in Traffic,2,Minor,Autonomous,Clear,Daylight,Dry,Unknown,Proceeding Straight,Parked,Other,Mid-Sized Car,Street,Vehicle 2,0,None,"A Cruise autonomous vehicle (""Cruise AV"") operating in autonomous mode was traveling westbound on Balboa Street between 12th and Funston Avenues when the Cruise AV was struck by the door ofa 2014 Honda Civic that was parked on Balboa facing west_ Contact was made at the front passenger side of the Cruise AV. There were no injuries and police were not called.",14,37.777077,-122.470684,045201,3006,3,39.8,1189,353,0,780,40,16,120049
Lyft,12/2/20,3:05 PM,2019,Ford,Fusion,Embarcadero & Ferry Plaza,San Francisco,San Francisco,94107,Stopped in Traffic,Moving,1,Minor,Conventional,Clear,Daylight,Dry,No Unusual Conditions,Stopped,Passing Other Vehicle,Side Swipe,Mid-Sized Car,Street,Vehicle 2,0,None,"On December 2nd, 2020 at approximately 3 OOpm, a Lyft Autonomous Vehicle (Lyft AV Al02) operating in manual mode was stationary at stoplight when it was grazed by a moving third party vehicle_ The incident occured on the Embarcadero near the Ferry Building heading nothbound in San Francisco. The third party vehicle aggresively came around from behind of Lyft AV A102 and attempted to cut in front of AV A102. The third party made contact with the Lyft AV leaving visible minor damage to the exterior of the Lyft AV's front left lidar unit: The third party sustained no visible damage. The third party called 911, but law enforcement declined reporting to the scene since there were no injuries reported. casing",1,37.783546,-122.38846,061508,1003,1,58.6,816,339,60,384,33,0,250001
B,12/18/20,6:14 AM,2017,Chrysler,Pacifica,151 Sanchez St:,San Francisco,San Francisco,94114,Moving,None,1,Minor,Conventional,Clear,Dark - Street Lights,Dry,Obstruction on Roadway,Changing Lanes,Unknown,Hit Object,Mid-Sized Car,Street,Vehicle 1,0,None,"Waymo Autonomous Vehicle (""Waymo AV ) was traveling northbound on Sanchez Street in San Francisco in autonomous mode when it] entered the oncoming lane in order to proceed around a garbage truck and dumpster: As the Waymo AV maneuvered around the garbage truck and dumpster; the Waymo AV test driver disengaged autonomous mode and took control of the Waymo AV. As the test driver was attempting to re-enter the northbound lane in manual mode, the Waymo AV's front driver's side tire drove over the curb of a traffic island median and the Waymo AV sustained minor damage to its front bumper: No injuries were reported.",18,37.766807,-122.430919,016900,2003,2,37.4,830,424,49,152,192,13,85085
Pony.ai,12/19/20,12:46 PM,2019,Hyundai,Kona EV,Intersection of Jamboree Rd and MacArthur Blvd,Irvine,Orange County,92660,Stopped in Traffic,Moving,2,Moderate,Autonomous,Clear,Daylight,Dry,No Unusual Conditions,Stopped,Proceeding Straight,Head On,Mid-Sized Car,Intersection,Vehicle 2,0,None,"The Pony.ai autonomous vehicle 'Pony.ai AV"") stopped at a red light on the corner of Jamboree Rd and MacArthur Blvd, preparing to make a right tum on red The Pony.ai AV crept into the intersection before stopping to yield to oncoming traffic While stopped, the Pony.ai AV was rear-ended by the vehicle behind it (""Vehicle The contact between the vehicles caused a moderate dent to the back of the ai AV and minor damage to Vehicle 2. Both drivers pulled over to the side of the roadway and exchanged information: There were no injuries reported and the police were not called. The driver of Vehicle 2 admitted complete fault and responsibility. 2"") Pony.","7, 8",33.637771,-117.875189,063007,4007,4,,,,,,,0,
B,12/29/20,5:45 PM,2017,Chrysler,Pacifica,3rd Street at 24th Street,San Francisco,San Francisco,94107,Moving,Moving,2,Major,Autonomous,Clear,Dark - Street Lights,Dry,No Unusual Conditions,Slowing/Stopping,Proceeding Straight,Rear End,Truck/Bus,Intersection,Vehicle 2,0,None,"Waymo Autonomous Vehicle (Waymo AV') was traveling northbound on 3rd Street in San Francisco in manual mode when it was rear-ended. The Waymo AV was traveling in autonomous mode at approximately 30 MPH in the leftmost lane as it approached the intersection at 24th Street. In this location there are traffic on the left edge of the leftmost lane that separate this lane from the municipal tram line that operates in the median of 3rd Street  As the Waymo AV approached the intersection; San Francisco MUNI city bus traveling at approximately 40 MPH in the right adjacent lane began to overtake the Waymo AV from the right; while moving toward the Waymo's lane of travel_ to the encroaching city bus and the pylons on the left edge of the Waymo AV's lane, the Waymo AV began to brake_ The Waymo AV test driver disengaged autonomous mode and took control of the Waymo AV. Approximately 1 second later; the passenger vehicle behind the Waymo AV made contact with the Waymo AV'$ rear bumper at approximately 27 MPH: The Waymo AV was traveling approximately 4 MPH. The Waymo AV sustained significant damage to its rear bumper; and the passenger vehicle sustained significant damage to its front bumper: The driver of the passenger vehicle and the Waymo AV test driver were transported to receive medical attention. The Waymo AV co-driver reported minor injuries but did not receive medical attention. Amended Sections 3 and 4. pylons Due","7, 8, 9",37.754112,-122.387879,022600,1009,1,,,,,,,0,
C,1/13/21,5:32 PM,2020,Chevrolet,Bolt,201 Grant Av,San Francisco,San Francisco,94108,Moving,None,1,Minor,Autonomous,Clear,Dark - Street Lights,Dry,Unknown,Proceeding Straight,Unknown,Other,Two-Wheels,Street,Vehicle 2,0,None,"A Cruise autonomous vehicle (""Cruise AV"") operating in manual mode, was traveling northbound on Grant Avenue between Sutter Street and Post Street_ A skateboard that escaped control of a nearby pedestrian made contact to the Cruise AV at the front passenger side tire: The skateboard caused minimal damage to the front right wheel of the Cruise AV. There were no injuries and the police were not called.",15,37.788932,-122.405513,011700,3013,3,52.4,91,39,0,14,33,5,0
B,1/13/21,3:15 PM,2017,Chrysler,Pacifica,26th Street at Bartlett Street,San Francisco,San Francisco,94110,Moving,Moving,2,Minor,Autonomous,Clear,Daylight,Dry,No Unusual Conditions,Slowing/Stopping,Making Left Turn,Broadside,Mid-Sized Car,Intersection,Vehicle 2,0,None,"Waymo Autonomous Vehicle (""Waymo AV ) was traveling northbound on Bartlett Street and turning left onto westbound 26th Street in San Francisco when it was involved in a collision: The Waymo AV had come to complete stop at the 4-way stop sign intersection at Bartlett Street and 26th Street before proceeding to make a left turn in autonomous mode. As the Waymo AV was completing the left turn, passenger vehicle traveling eastbound on 26th Street and turning left onto northbound Bartlett Street proceeded into the intersection without fully stopping at the stop sign: The Waymo AV began to brake for the passenger vehicle and the Waymo AV test driver disengaged autonomous mode and manually stopped the Waymo AV just to the passenger vehicle making contact with the driver'$ side of the Waymo AV. The passenger vehicle was traveling approximately 5 MPH at the time of contact; and the Waymo AV was traveling approximately 0 MPH. The Waymo AV sustained minor damage to its driver's side front wheel well and driver door, and the passenger vehicle sustained minor damage to its front bumper: No injuries were reported. prior","2, 3",37.748974,-122.419247,020900,3002,3,,,,,,,0,
C,1/21/21,2:38 PM,2020,Chevrolet,Bolt,433 Minna St,San Francisco,San Francisco,94103,Moving,Moving,2,Minor,Autonomous,Clear,Daylight,Unknown,Unknown,Proceeding Straight,Entering Traffic,Broadside,Mid-Sized Car,Street,Vehicle 2,0,None,"A Cruise autonomous vehicle (""Cruise AV"") , operating in autonomous mode, was traveling Southwest o Minna Street between Sth Street and Mary Street: white Mazda pulled out from a construction area without yielding, onto Minna Street  Seeing that the Mazda was not going to yield to oncoming traffic, the AVTO disengaged from autonomous mode and unsuccessfully attempted to avoid collision. The Mazda made contact with the Cruise AV causing damage to the front driver side bumper and fender of the Cruise AV. There were no injuries and the police were not called.","1, 2, 18",37.781574,-122.406442,017602,3005,3,43.1,1069,382,98,554,0,35,0
B,1/22/21,10:54 AM,2017,Chrysler,Pacifica,Precita Avenue at Cesar Chavez,San Francisco,San Francisco,94110,Stopped in Traffic,Moving,2,Minor,Conventional,Cloudy,Daylight,Wet,No Unusual Conditions,Stopped,Proceeding Straight,Rear End,Mid-Sized Car,Street,Vehicle 2,0,None,"Waymo Autonomous Vehicle (""Waymo AV) was traveling eastbound on Precita Avenue and yielding to traffic while preparing to merge onto Cesar Chavez in San Francisco when it was involved in a collision. While in autonomous mode, the Waymo AV had come to complete stop at the stop sign at Precita Avenue at Cesar Chavez_ As the Waymo AV proceeded slowly in preparation to merge, the Waymo AV test driver disengaged autonomous mode and manually stopped the Waymo AV A passenger vehicle behind the Waymo AV then made contact with the stationary Waymo AV's rear bumper at approximately MPH: The Waymo AV sustained minor damage to its rear bumper, and the passenger vehicle sustained minor damage to its front bumper: No injuries were reported.","7, 8",37.748405,-122.407882,025100,1004,1,,,,,,,0,
C,2/9/21,2:41 PM,2020,Chevrolet,Bolt,1011 DeStHaro,San Francisco,San Francisco,94107,Moving,None,1,Minor,Conventional,Clear,Daylight,Dry,Unknown,Proceeding Straight,Unknown,Broadside,Two-Wheels,Intersection,Vehicle 2,1,None,"A Cruise autonomous vehicle (""Cruise AV"") was in autonomous mode and traveling northbound on De Haro Street between 23rd and 22nd streets. The AV braked in response to a pedestrian in the middle of the intersection on De Haro, running directly towards the AV_ The AVTO, concerned for their safety, disengaged from autonomous mode to attempt to move the AV around the pedestrian who was still rapidly heading directly towards the AV in the center of the street The Cruise AV was then struck by a skateboarder that suddenly entered the crosswalk from the southeast sidewalk, coming downhill from 22nd street: Contact was made by the skateboarder to the Cruise AV. This caused damage to the front quarter panel area and the articulating radar of the Cruise AV. Because the skateboarder appeared injured, 911 was immediately called  The skateboarder left the scene shortly after the incident and before the arrived. The Cruise AVTOs remained on the scene and gave a statement to the police. police","14, 15",37.76046,-122.399724,022704,3001,3,,,,,,,0,
Pony.ai,2/11/21,9:00 AM,2020,Hyundai,Kona EV,Milmont DrDixon Landing Rd.,Milpitas,Santa Clara,95035,Stopped in Traffic,Moving,1,Moderate,Conventional,Clear,Daylight,Dry,No Unusual Conditions,Stopped,Proceeding Straight,Head On,Mid-Sized Car,Intersection,Vehicle 2,0,None,"The ai autonomous vehicle (""Pony.ai AV"") was stopped for approximately 3 minutes at the red light in the far right lane on Milmont Dr: preparing to turn right onto Dixon Landing Rd. In of the Pony.ai AV are several other vehicles also preparing to turn right While stopped, Vehicle 2 came up quickly immediately behind the Pony.ai AV then proceeded to stop abruptly. Vehicle 2 then proceeds to creep up towards the ai with the driver of Vehicle 2 appearing to look down: Vehicle 2 then lurches forward quickly towards the Pony.ai AV_ The Pony.ai AV operator proceeded to disengage from autonomous mode to attempt to avoid an accident, however, as the Pony.ai AV vehicle operator attempted to step on the throttle, the Ponyai AV is rear-ended by Vehicle 2_ The ai AV was stopped at 0 mph; while the approximate speed of Vehicle 2 at the point of collision was 5 mph: The Pony.ai AV operator noted that to the collision; the driver of Vehicle 2 appeared to drive erratically across other intersections as well. The contact between the vehicles caused a moderate damage to the back of the Pony.ai AV and moderate damage to Vehicle 2. Both drivers pulled over to the side of the roadway and exchanged information. There were no injuries reported and the police were not called. Pursuant to protocol, Pony.ai ran simulations after the accident to determine if the ADV would have reacted differently. The results indicate the Pony.ai ADV would not have reacted differently. Pony.= front Pony_ Pony.= prior","7, 8",37.436454,-121.861989,504424,1030,1,,,,,,,0,
A,2/11/21,9:34 AM,2016,Toyota,Highlander,Green near Columbus,San Francisco,San Francisco,94113,Stopped in Traffic,Stopped in Traffic,1,None,Conventional,Cloudy,Daylight,Dry,No Unusual Conditions,Stopped,Parking Maneuver,Rear End,Mid-Sized Car,Parking,Vehicle 2,0,None,A Zoox vehicle was stopped in manual mode on Green St. waiting to pass double-parked vehicle in front; when a passenger vehicle executing three-point turn made contact with a sensor on the rear of the Zoox vehicle. There were no injuries and police were not called.,0,37.77493,-122.419416,020101,1000,1,,,,,,,0,
B,2/16/21,5:50 PM,2017,Chrysler,Pacifica,16th Street at Market Street,San Francisco,San Francisco,94114,Stopped in Traffic,Moving,2,Minor,Autonomous,Clear,Dusk-Dawn,Dry,No Unusual Conditions,Stopped,Proceeding Straight,Rear End,Mid-Sized Car,Intersection,Vehicle 2,0,None,"Waymo Autonomous Vehicle (""Waymo AV"") was traveling westbound o I6th Street at Market Street in San Francisco when it was involved in collision. While in autonomous mode, the Waymo AV was stopped at a red traffic light at the unprotected intersection of 16th Street and Market Street_ After the traffic light turned green, the Waymo AV began to proceed and then came to a stop as it yielded to oncoming traffic also entering the intersection A passenger vehicle behind the Waymo AV then made contact with the stationary Waymo AV's rear bumper at approximately 5 MPH. The Waymo A V sustained minor damage to its rear bumper, and the passenger vehicle sustained minor damage to its front bumper. No injuries were reported","8, 9",37.764196,-122.433074,020300,3004,3,,,,,,,0,
B,2/17/21,12:00 PM,2017,Chrysler,Pacifica,Shrader Street at Haight Street,San Francisco,San Francisco,94117,Stopped in Traffic,Moving,2,Minor,Conventional,Clear,Daylight,Dry,No Unusual Conditions,Stopped,Proceeding Straight,Side Swipe,Mid-Sized Car,Intersection,Vehicle 2,0,None,"Waymo Autonomous Vehicle (""Waymo AV ) was traveling northbound on Shrader Street at Haight Street in San Francisco when it was involved in collision: While in manual mode, the Waymo AV test driver stopped the Waymo AV at a 4-way stop sign intersection on Shrader Street at Haight Street, signaling to make a left turn . The Waymo AV test driver yielded to passenger vehicle to their right westbound on Haight Street), allowing the passenger vehicle to enter the intersection before the Waymo AV test driver began to slowly enter the intersection_ When the passenger vehicle began to make a left turn in front of the Waymo AV from westbound Haight Street onto southbound Shrader Street, the Waymo AV test driver stopped the Waymo AV. A passenger vehicle behind the Waymo AV then made contact with the stationary Waymo AV's rear bumper at approximately MPH. The Waymo AV sustained minor damage to its rear bumper, and the passenger vehicle left the scene without exchanging information. No injuries were reported. facing",10,37.769379,-122.451866,016602,1007,1,,,,,,,0,
B,2/25/21,9:45 PM,2017,Chrysler,Pacifica,618 Spruce St:,San Francisco,San Francisco,94118,Moving,None,2,Minor,Conventional,Clear,Dark - Street Lights,Dry,No Unusual Conditions,Proceeding Straight,Parked,Side Swipe,Mid-Sized Car,Street,Vehicle 1,0,None,"Waymo Autonomous Vehicle (""Waymo AV' traveling northbound on Spruce Street approaching Euclid Avenue in San Francisco was involved in collision. The Waymo AV had been traveling in autonomous mode on Spruce Street when the Waymo AV test driver disengaged autonomous mode. Approximately 6 seconds after the disengagement, the Waymo AV's passenger side rearview mirror made contact with an unattended parked passenger vehicle'$ driver side rearview mirror at approximately 15 MPH. The Waymo AV sustained minor damage to its passenger side rearview mirTor; and the passenger vehicle sustained minor damage to its driver side rearview mirTor: Nof injuries were reported. The Waymo AV test driver left insurance information with the parked vehicle",15,37.783464,-122.453204,015401,1008,1,33.7,2284,977,13,864,161,269,174410
C,2/25/21,7:10 PM,2020,Chevrolet,Bolt,700 Blk Baker St,San Francisco,San Francisco,94115,Moving,Moving,2,Moderate,Autonomous,Clear,Dark - Street Lights,Dry,Unknown,Making Left Turn,Proceeding Straight,Head On,Mid-Sized Car,Intersection,Vehicle 2,1,Drive and passenger,"A Cruise autonomous vehicle (""Cruise AV'), was in autonomous mode and traveling westbound on McAllister Street near Baker Street: The AV came t0 a complete stop at the stop sign at McAllister and Baker: With no other vehicles present at the intersection and having the right of way after the stop, the AV started to proceed left onto Baker Street from McAllister: As the AV was making the left turn, a Subaru traveling northbound on Baker Street quickly approached the intersection; failed to for the stop sign and struck the front left side of the Cruise AV_ The AVTO disengaged from autonomous mode approximately 1.5 seconds before impact: The AVTOs sustained minor injuries and the AV sustained damage to the driver's side bumper and wheel assembly. The police were called but did not respond to the scene stop","1, 2, 18",37.786028,-122.437032,015300,2000,2,,,,,,,0,
B,2/25/21,4:06 PM,2017,Chrysler,Pacifica,3770 24th St:,San Francisco,San Francisco,94114,Moving,None,1,Minor,Conventional,Clear,Daylight,Dry,No Unusual Conditions,Backing,Unknown,Hit Object,Mid-Sized Car,Parking,Vehicle 1,0,None,"Waymo Autonomous Vehicle (""Waymo AV"") test driver was parallel parking a Waymo AV in manual mode on 24th Street when a roof-mounted sensor on the Waymo AV made contact with a low-hanging tree branch. The Waymo AV's sensor sustained minor damage. No injuries were reported.",10,37.752002,-122.426883,021100,2003,2,35.3,801,509,0,135,124,33,152125
B,3/5/21,8:40 PM,2017,Chrysler,Pacifica,Oakdale Avenue at Industrial Street,San Francisco,San Francisco,94124,Moving,Moving,2,Minor,Autonomous,Raining,Dark - Street Lights,Dry,No Unusual Conditions,Slowing/Stopping,Proceeding Straight,Rear End,Mid-Sized Car,Intersection,Vehicle 2,0,None,"Waymo Autonomous Vehicle (""Waymo AV"") traveling eastbound in autonomous mode on Oakdale Avenue approaching Industrial Street in San Francisco was involved in collision: The Waymo AV was coming to a stop at a stop sign intersection on Oakdale Avenue at Industrial Street when passenger vehicle behind the Waymo AV made contact with the Waymo AV's rear bumper at approximately 20 MPH: The Waymo AV was traveling approximately MPH: The Waymo AV sustained minor damage to its rear bumper, and the passenger vehicle sustained minor damage to its front bumper: No injuries were reported at the scene; the Waymo AV test driver sought medical attention from urgent care the following day:","7, 8",37.739882,-122.399739,023001,1000,1,,,,,,,0,
C,3/9/21,8:20 PM,2020,Chevrolet,Bolt,274 Fremont St,San Francisco,San Francisco,94105,Moving,None,1,Minor,Conventional,Raining,Dark - Street Lights,Wet,No Unusual Conditions,Making Right Turn,Unknown,Hit Object,Mid-Sized Car,Street,Vehicle 1,0,None,"A Cruise autonomous vehicle (""Cruise AV') operating in manual mode was traveling southwest on Folsom Street: When the Cruise AV was turning right onto Fremont Street, it made contact with the curb at the front passenger tire. This caused damage to the front right tire of the Cruise AV_ There were no other vehicles or property involved. There were no injuries and the police were not called.",14,37.788276,-122.394239,061503,1000,1,31.7,1739,661,72,906,34,0,250001
C,3/12/21,4:37 PM,2020,Chevrolet,Bolt,198 Duboce Av,San Francisco,San Francisco,94103,Stopped in Traffic,Moving,2,Minor,Autonomous,Clear,Daylight,Dry,Unknown,Stopped,Proceeding Straight,Rear End,Mid-Sized Car,Intersection,Vehicle 2,0,None,"A Cruise autonomous vehicle (""Cruise A V"")  operating in autonomous mode, was facing west and stopped for a red light at the intersection of Duboce and Guerrero Streets. Before the Cruise AV started to proceed for the green light; contact was made to the rear bumper of the Cruise AV by a BMW traveling behind the AV_ The contact caused minimal damage to the rear bumper of the Cruise AV There were no injuries and the police were not called:","8, 9",37.769885,-122.424433,020202,1002,1,36.2,967,505,70,249,87,56,157703
A,3/18/21,5:47 PM,2016,Toyota,Highlander,Folsom between 4th and Mabini St.,San Francisco,San Francisco,94103,Stopped in Traffic,Moving,1,Minor,Conventional,Other,Daylight,Wet,No Unusual Conditions,Changing Lanes,Proceeding Straight,Rear End,Mid-Sized Car,Street,Vehicle 2,0,None,"A Zoox vehicle was making a right lane change in manual mode on Folsom St between 4th and Mahini when passenger vehicle continuing straight made contact with the left rear bumper of the Zoox vehicle There were no injuries and police were not called. St;,",7,37.782644,-122.400374,017801,3002,3,,,,,,,0,
B,3/19/21,11:40 AM,2021,Jaguar,I-Pace,Church Street at 2lst Street,San Francisco,San Francisco,94114,Moving,Stopped in Traffic,2,Minor,Conventional,Cloudy,Daylight,Dry,No Unusual Conditions,Backing,Stopped,Other,Mid-Sized Car,Parking,Vehicle 1,0,None,"Waymo Autonomous Vehicle (""Waymo A V"") traveling northbound on Church Street at 2lst Street in San Francisco was involved in a collision: While stopped in autonomous mode, the Waymo AV switched to reverse gear in preparation for making multipoint turn, just as the test driver disengaged by applying the accelerator pedal  The Waymo AV made contact with a passenger vehicle behind it at approximately 3 MPH. The Waymo AV sustained minor damage to its rear bumper, and the passenger vehicle sustained minor damage to its front bumper. No injuries were reported at the scene.","7, 8",37.758279,-122.439332,020402,3000,3,,,,,,,0,
B,3/24/21,7:45 AM,2017,Chrysler,Pacifica,Lomita Avenue at Aloha Avenue,San Francisco,San Francisco,94122,Moving,None,2,Minor,Conventional,Clear,Daylight,Dry,No Unusual Conditions,Proceeding Straight,Parked,Side Swipe,Mid-Sized Car,Parking,Vehicle 1,0,None,"Waymo Autonomous Vehicle (""Waymo AV"") traveling northbound on Lomita Avenue approaching Aloha Avenue in San Francisco was involved in collision. While being driven in manual mode and approaching an oncoming passenger vehicle, the Waymo A passenger side view mirror made contact with an unoccupied parked passenger vehicle's driver side view mirror at approximately 17 MPH. The Waymo AV sustained minor damage to its passenger side view mirror, and the unoccupied passenger vehicle sustained minor damage to its driver side view mirTor: No injuries were reported at the scene. ",14,37.757465,-122.472027,030301,4006,4,,,,,,,0,
C,3/27/21,4:27 PM,2020,Chevrolet,Bolt,199 Parnassus St,San Francisco,San Francisco,94117,Moving,Moving,2,Minor,Autonomous,Clear,Daylight,Dry,Unknown,Making Left Turn,Other Unsafe Turning,Side Swipe,Mid-Sized Car,Intersection,Vehicle 2,0,None,"A Cruise autonomous vehicle (""Cruise A V"") , operating in autonomous mode, was turning from northbound Stanyan St. to westbound 0n Parnassus Street. As the Cruise AV was starting to turn; a black GMC Denali behind the Cruise AV attempted to overtake the Cruise AV causing the AVTO to disengage from autonomous mode: The GMC Denali made contact with the front driver side bumper of the Cruise AV which caused minor damage to the front bumper: There were no injuries and police were not called The driver of the GMC Denali did not stop after the incident and could not be contacted.","1, 2",37.764286,-122.452259,017102,1004,1,37.9,1473,1185,13,31,186,26,222670
C,3/29/21,4:58 PM,2020,Chevrolet,Bolt,1890 Folsom St,San Francisco,San Francisco,94103,Moving,Moving,2,Minor,Conventional,Clear,Daylight,Dry,Unknown,Proceeding Straight,Proceeding Straight,Rear End,Mid-Sized Car,Intersection,Vehicle 2,0,None,"A Cruise autonomous vehicle ~Cruise AV ) , operating in manual mode, was traveling Westbound on Fulton Street between Pierce and Scott Streets. As the Cruise AV was proceeding straight through the intersection, contact was made to the Cruise AV's rear bumper by a black Honda Accord. There were no injuries but emergency services were notified via OnStar: The driver of the Honda Accord did not stop after the incident and could not be contacted.","7 , 8, 9",37.767137,-122.415772,017700,2020,2,35.7,1617,538,20,305,688,66,129844
C,3/30/21,9:23 AM,2020,Chevrolet,Bolt,1855 Folsom Street,San Francisco,San Francisco,94107,Moving,Moving,2,Minor,Conventional,Clear,Daylight,Dry,Unknown,Making Left Turn,Proceeding Straight,Rear End,Mid-Sized Car,Intersection,Vehicle 2,1,Minor injuries reported by passenger,"A Cruise autonomous vehicle (""Cruise A V"") operating in manual mode, was stopped while yielding to make a left turn from Southbound on Folsom Street to Eastbound on ISth Street Contact was made to the rear center bumper of the Cruise AV by a 2016 Ford Van that was continuing straight on Folsom Street: The contact caused minimal damage to the rear center side bumper of the Cruise AV The police were not called. The after the incident, minor injuries were reported by the Cruise AVTO and Passenger: day","7 , 8, 9",37.767442,-122.413937,017700,2019,2,35.7,1617,538,20,305,688,66,129844
B,3/30/21,8:20 AM,2021,Jaguar,I-Pace,Filbert Street at Scott Street,San Francisco,San Francisco,94123,Moving,Stopped in Traffic,2,Minor,Conventional,Clear,Daylight,Dry,No Unusual Conditions,Backing,Stopped,Other,Mid-Sized Car,Street,Vehicle 1,0,None,"Waymo Autonomous Vehicle (""Waymo AV"") traveling westbound on Filbert Street at Scott Street in San Francisco was involved in a collision. After coming to a complete stop in autonomous mode, the Waymo AV switched to reverse gear in preparation for making a multipoint turn_ Within fractions of a second, the test driver applied the accelerator pedal to disengage autonomous mode: The Waymo AV made contact with passenger vehicle that was stopped behind it at approximately 3 MPH: The Waymo AV sustained minor damage to its rear bumper, and the passenger vehicle sustained minor damage to its front bumper: No injuries were reported at the scene.","8, 9",37.797394,-122.440609,012802,2002,2,,,,,,,0,
B,3/31/21,10:33 PM,2017,Chrysler,Pacifica,9th Street at Howard Street,San Francisco,San Francisco,94103,Moving,Moving,2,Minor,Conventional,Clear,Dark - Street Lights,Dry,No Unusual Conditions,Slowing/Stopping,Proceeding Straight,Rear End,Mid-Sized Car,Street,Vehicle 2,1,Driver and co-driver both sought medical attention at the scene and were transported to local hospitals.,"Waymo Autonomous Vehicle (""Waymo AV"") traveling northbound in manual mode on 9th Street approaching Howard Street in San Francisco was involved in a collision The Waymo AV test driver was slowing for stopped traffic ahead when passenger vehicle behind the Waymo AV made contact with the Waymo AV's rear bumper at approximately MPH_ The Waymo AV was traveling at approximately 2 MPH. The Waymo AV sustained minor damage to its rear bumper; and the passenger vehicle sustained minor damage to its front bumper The Waymo AV test driver and co-driver both sought medical attention at the scene and were transported to local hospitals.","7 , 8, 9",37.774992,-122.413161,017803,3002,3,,,,,,,0,
B,4/4/21,8:50 AM,2017,Chrysler,Pacifica,Jones Street at Clay Street,San Francisco,San Francisco,94109,Moving,None,2,Minor,Conventional,Clear,Daylight,Dry,No Unusual Conditions,Proceeding Straight,Parked,Side Swipe,Mid-Sized Car,Street,Vehicle 1,0,None,"Waymo Autonomous Vehicle (""Waymo AV"") traveling northbound on Jones Street approaching Street in San Francisco was involved in collision. After the Waymo AV made a right turn from Pleasant Street in autonomous mode, the Waymo AV test driver disengaged autonomous mode to maneuver past an oncoming vehicle on Jones Street that was drifting toward the Waymo AV. While in manual mode, the Waymo AV passenger side view miITor then made contact with an unoccupied parked passenger vehicle' $ driver side view mirror at approximately 6 MPH: The Waymo AV sustained minor damage to its passenger side view mirTor: The unoccupied passenger vehicle s driver-side mirror was cracked, but most or all of the damage appeared to have been pre-existing: No other damage was observed to the unoccupied passenger vehicle No injuries were reported at the scene. Clay",14,37.793223,-122.41447,011200,4003,4,,,,,,,0,
Lyft,4/14/21,9:38 AM,2019,FORD,FUSION,HARRISON &ST,San Francisco,San Francisco,94107,Moving,Moving,2,Moderate,Autonomous,Clear,Daylight,Dry,Other,Making Right Turn,Passing Other Vehicle,Side Swipe,Mid-Sized Car,Intersection,Vehicle 2,0,None,"On April 14,2021 at 9.38am, AV104 driving in autonomous mode in San Francisco, California, experienced longitudinal contact from a Toyota sedan at the intersection of First and Harrison Streets The AV was moving at 9mph in the right lane and slowing to begin to execute right turn; when the Toyota sedan ""side-swiped"" the left front lidar unit on the AV while overtaking at a greater speed from the left adjacent lane_ The AV vehicle sustained moderate property damage to the lidar unit; mount; and front fender/bumper: The driver of the Toyota did not stop*_ There are no known injuries, and Lyft does not know what (if any) damage was sustained by the Toyota. *Note: this lane merges onto a freeway ramp and may not have provided a place to safely over. pull_",1,37.781401,-122.398951,017801,3003,3,53.7,1029,336,7,577,61,48,0
B,4/17/21,4:03 AM,2017,Chrysler,Pacifica,Harrison Street at Hawthorne Street,San Francisco,San Francisco,94107,Moving,Moving,2,Minor,Conventional,Clear,Dark - Street Lights,Dry,No Unusual Conditions,Slowing/Stopping,Proceeding Straight,Rear End,Mid-Sized Car,Street,Vehicle 2,0,None,"Waymo Autonomous Vehicle (""Waymo AV traveling southbound on Harrison Street approaching Hawthorne Street in San Francisco was involved in collision_ While in manual mode, the Waymo AV's test driver was braking for a red light at Hawthorne Street when passenger vehicle behind the Waymo AV made contact with the Waymo AV'$ rear bumper at approximately 12 MPH: The Waymo AV was traveling approximately 2 MPH: The Waymo AV sustained minor damage to its rear bumper; and the passenger vehicle sustained minor damage to its front bumper. No injuries were reported at the scene","7, 8",37.783441,-122.396262,061502,2000,2,,,,,,,0,
B,4/18/21,4:00 PM,2017,Chrysler,Pacifica,Park Presidio Bypass approaching Crossover Drive,San Francisco,San Francisco,94121,Stopped in Traffic,Moving,2,Minor,Autonomous,Clear,Daylight,Dry,No Unusual Conditions,Stopped,Proceeding Straight,Rear End,Mid-Sized Car,Intersection,Vehicle 2,0,None,"Waymo Autonomous Vehicle Waymo AV' traveling southbound on Park Presidio Bypass approaching Crossover Drive in San Francisco was involved in a collision: While in autonomous mode, the Waymo AV was stationary in stop-and-go traffic when passenger vehicle behind the Waymo AV made contact with the Waymo AV's rear bumper at approximately 5 MPH. The Waymo AV was traveling 0 MPH. The Waymo AV sustained minor damage to its rear bumper, and the passenger vehicle sustained minor damage to its front bumper: No injuries were reported at the scene.",8,37.779679,-122.472484,047600,1000,1,32.3,1163,327,0,441,89,306,94509
C,4/21/21,12:38 PM,2020,Chevrolet,Bolt,1401 15th St,San Francisco,San Francisco,94103,Moving,Moving,2,Minor,Autonomous,Clear,Daylight,Unknown,No Unusual Conditions,Making Right Turn,Making Right Turn,Rear End,Mid-Sized Car,Street,Vehicle 2,1,Injured passenger,"A Cruise autonomous vehicle ""Cruise AV'), operating in autonomous mode was turning from Southbound on Folsom Street to Westbound on ]Sth Street. When the Cruise AV stopped to yield for an oncoming vehicle, a Chevrolet Silverado that was traveling behind made contact with the rear bumper of the Cruise AV_ This caused damage to the rear bumper of the Cruise AV. At the time of the incident, the driver of the Cruise AV reported a minor injury, but emergency services were not called:","7, 8",37.767087,-122.415461,017700,2019,2,35.7,1617,538,20,305,688,66,129844
A,5/11/21,5:13 PM,2016,Toyota,Highlander,Kearny St: and Columbus Ave. Intersection,San Francisco,San Francisco,94133,Moving,Moving,1,None,Autonomous,Clear,Daylight,Dry,No Unusual Conditions,Making Left Turn,Making Left Turn,Rear End,Mid-Sized Car,Intersection,Vehicle 2,0,None,A Zoox vehicle in autonomous mode began to slow down during an unprotected left turn to yield for CrOSS traffic entering the lane from the right: A passenger vehicle behind did not slow and made contact with the rear sensors of the Zoox vehicle. There were no injuries and the were not called. from police,0,37.796909,-122.405288,061101,2003,2,,,,,,,0,
C,5/11/21,3:59 PM,2020,Chevrolet,Bolt,901 Castro St,San Francisco,San Francisco,94114,Stopped in Traffic,Moving,2,Minor,Autonomous,Clear,Daylight,Dry,Unknown,Stopped,Proceeding Straight,Rear End,Mid-Sized Car,Intersection,Vehicle 2,1,Injured passenger,"A Cruise autonomous vehicle (Cruise AV), operating in autonomous mode, was stopped at a stop sign at the four way intersection of Castro and 22nd Streets_ A 2017 Chevy Colorado that was traveling behind the Cruise AV made contact with the rear bumper of the Cruise AV. This caused damage to the rear bumper of the Cruise AV There were minor injuries but the police were not called.","7, 8",37.754389,-122.434065,021100,4005,4,43,963,635,0,143,102,83,207969
C,5/17/21,1:27 PM,2020,Chevrolet,Bolt,1201 Guerrero St,San Francisco,San Francisco,94110,Stopped in Traffic,Moving,2,Minor,Autonomous,Clear,Daylight,Unknown,Unknown,Stopped,Proceeding Straight,Rear End,Mid-Sized Car,Street,Vehicle 2,0,None,"A Cruise autonomous vehicle, operating in autonomous mode, was traveling northbound on Guerrero Street: The Cruise AV was making a right turn onto 24th Street when 2004 Toyota Sienna that was traveling straight on Guerrero made contact with the rear driver bumper of the Cruise AV. This caused damage to the rear driver bumper and wheel well of the Cruise AV. There were no injuries and police were not called:","6, 7",37.751836,-122.42262,021000,3002,3,38.4,1180,672,0,259,87,148,183036
B,5/23/21,2:42 PM,2021,Jaguar,I-Pace,Sanchez Street at 16th Street,San Francisco,San Francisco,94114,Stopped in Traffic,Moving,2,Minor,Autonomous,Clear,Daylight,Dry,No Unusual Conditions,Stopped,Proceeding Straight,Rear End,Mid-Sized Car,Street,Vehicle 2,0,None,"Waymo Autonomous Vehicle (""Waymo AV"") traveling northbound on Sanchez Street at 16th Street in San Francisco was involved in a collision. While in autonomous mode, the Waymo AV was stationary for a red light when a passenger vehicle behind the Waymo AV made contact with the Waymo AV's rear bumper at approximately MPH_ The Waymo AV was traveling 0 MPH The Waymo AV sustained minor damage to its rear bumper, and the passenger vehicle sustained minor damage to its front bumper: No injuries were reported at the scene.",9,37.764374,-122.430882,020300,2002,2,,,,,,,0,
C,5/31/21,9:37 AM,2020,Chevrolet,Bolt,1418 7th Av,San Francisco,San Francisco,94112,Moving,None,1,Moderate,Conventional,Clear,Daylight,Dry,Unknown,Proceeding Straight,Unknown,Other,Mid-Sized Car,Street,Vehicle 1,0,None,"A Cruise autonomous vehicle (""Cruise AV""), operating in manual mode, was traveling northbound on 7th Ave between Judah and Kirkham Streets_ The Cruise AV made contact with steel drain cover while traveling over the cover. Contact was made at the undercarriage of the Cruise AV_ This caused damage to the undercarriage of the Cruise AV. There were no injuries and police were not called.",19,37.761935,-122.463873,030101,4003,4,32.5,1012,408,0,518,43,43,155469
B,6/2/21,9:00 AM,2021,Jaguar,I-Pace,Eugenia Avenue at Elsie Street,San Francisco,San Francisco,94110,Moving,None,2,Minor,Conventional,Clear,Daylight,Dry,No Unusual Conditions,Backing,Parked,Side Swipe,Mid-Sized Car,Street,Vehicle 1,0,None,"Waymo Autonomous Vehicle ("" Waymo AV"") traveling eastbound in reverse on Eugenia Avenue at Elsie Street in San Francisco was involved in collision: While in manual mode, the Waymo AV test driver was backing up on a narrow street in order t0 make room for an oncoming passenger vehicle to pass_ As the Waymo AV test driver reversed, the Waymo AV'$ rear passenger side sensor housing came in contact with an unoccupied parked passenger vehicle's driver $ side rear fender: The Waymo AV was traveling approximately MPH. The Waymo AV sustained minor damage to its rear passenger side sensor housing, and the unoccupied parked passenger vehicle s sustained minor damage to its driver'$ side rear fender: No injuries were reported at the scene.",10,37.740983,-122.418834,025300,2000,2,,,,,,,0,
B,6/2/21,9:10 AM,2021,Jaguar,I-Pace,Buchanan Street and Vallejo Street,San Francisco,San Francisco,94123,Moving,None,2,Moderate,Conventional,Clear,Daylight,Dry,No Unusual Conditions,Proceeding Straight,Parked,Rear End,Mid-Sized Car,Parking,Vehicle 1,0,None,"Waymo Autonomous Vehicle (""Waymo AV"") traveling northbound on Buchanan Street toward Green Street in San Francisco was involved in collision. While in manual mode and parked parallel to the curb on Buchanan Street, the Waymo AV test driver accelerated from the stationary position and made contact with an unoccupied parked passenger vehicle in front of it: The Waymo AV sustained moderate damage to its bumper and grille, and the unoccupied parked passenger vehicle'$ sustained moderate damage to rear bumper and trunk. No injuries were reported at the scene_ front","16, 17, 18",37.795643,-122.431828,013200,4001,4,,,,,,,0,
B,6/3/21,5:52 PM,2017,Chrysler,Pacifica,Laguna Street at Vallejo Street,San Francisco,San Francisco,94123,Stopped in Traffic,Moving,2,Minor,Conventional,Clear,Daylight,Dry,No Unusual Conditions,Stopped,Proceeding Straight,Rear End,Mid-Sized Car,Intersection,Vehicle 2,0,None,"Waymo Autonomous Vehicle (""Waymo AV"") traveling northbound on Laguna Street at Vallejo Street in San Francisco was involved in a collision_ While in manual mode; the Waymo AV test driver stopped at the four-way stop sign intersection on Laguna Street at Vallejo Street when passenger vehicle behind the Waymo AV made contact with the Waymo AV's rear bumper at approximately 2 MPH: The Waymo AV was traveling 0 MPH: The Waymo AV sustained minor damage to its rear bumper; and the passenger vehicle left the scene before exchanging information. No injuries were reported at the scene.",8,37.795853,-122.430183,013200,4000,4,,,,,,,0,
B,6/4/21,1:18 PM,2021,Jaguar,I-Pace,Jones Street at Ellis Street,San Francisco,San Francisco,94102,Moving,Moving,2,None,Conventional,Clear,Daylight,Dry,No Unusual Conditions,Slowing/Stopping,Unknown,Other,Two-Wheels,Street,Vehicle 2,1,Injured bicyclist,"Waymo Autonomous Vehicle (""Waymo AV') was traveling in manual mode southbound on Jones Street at Ellis Street in San Francisco when fell while passing between the Waymo AV and another vehicle_ The Waymo AV test driver was traveling approximately 15 MPH and then gradually slowed and came to a stop for a passenger vehicle in its lane making right turn onto Ellis Street: cyclist following the Waymo AV at approximately 19 MPH then attempted to pass the Waymo AV on the left side and travel between the Waymo AV's driver' s side and faster-moving passenger vehicle in the left adjacent lane. As the attempted to overtake the Waymo AV and was in turn being overtaken by the adjacent passenger vehicle, the cyclist fell between the two vehicles. As the bicycle was falling, the bicycle's front tire appears to have made contact with the rear driver's side wheel of the Waymo AV, and the cyclist appears to have made contact with the side of the other passenger vehicle in the left adjacent lane. The Waymo AV sustained no damage. The passenger vehicle did not stop and left the scene_ The was transported from the scene and reportedly treated for potential head injuries.",0,37.784866,-122.412782,012301,2000,2,,,,,,,0,
B,6/11/21,7:07 AM,2021,Jaguar,I-Pace,Euclid Avenue at Collins Street,San Francisco,San Francisco,94118,Moving,None,1,Moderate,Conventional,Clear,Daylight,Dry,No Unusual Conditions,Proceeding Straight,Unknown,Hit Object,Mid-Sized Car,Intersection,Vehicle 1,0,None,"Waymo Autonomous Vehicle (""Waymo AV') was traveling in manual mode westbound on Euclid Avenue in San Francisco when it was involved in collision_ The test driver failed to properly navigate a roundabout median at Collins Street and made contact it at approximately 28 MPH The Waymo AV sustained moderate damage to its front bumper and undercarriage, and the median sustained minor damage. No injuries were reported at the scene. with","1, 2, 16, 17, 18",37.784481,-122.450136,015401,1005,1,,,,,,,0,
B,6/16/21,5:48 PM,2021,Jaguar,I-Pace,McAllister Street and Larkin Street,San Francisco,San Francisco,94102,Moving,Moving,2,Minor,Conventional,Clear,Daylight,Dry,No Unusual Conditions,Making Left Turn,Proceeding Straight,Hit Object,Two-Wheels,Intersection,Vehicle 1,1,Injured driver,"Waymo Autonomous Vehicle (""Waymo AV') was traveling in manual mode at the intersection of McAllister Street and Larkin Street in San Francisco when it was involved in a collision_ The Waymo AV was initially traveling eastbound on McAllister Street in autonomous mode, approaching the intersection at Larkin Street_ When the Waymo AV reached the near-side crosswalk in the dedicated left turn lane, it came t0 a complete stop at the red traffic light. When the traffic light turned green, the Waymo AV moved forward slightly, partially entering the crosswalk, to begin staging for the turn; yielding to oncoming traffic and other road users While waiting for an adequate clearance in traffic, the traffic light turned yellow. The Waymo AV remained stopped, declining to proceed into the intersection and make the left turn_ While the AV was still stopped, the test driver took over manual control and proceeded to make the left turn_ About 4 seconds later; the manually driven Waymo AV made contact with an individual riding a motorized scooter who had entered the crosswalk from the sidewalk at about 10 MPH against both vehicle and pedestrian traffic signals. The motorized scooter was traveling about 6 MPH and the Waymo AV was traveling about MPH at the time of contact_ The Waymo AV sustained minor damage to its front license plate. The individual on the motorized scooter appeared to have sustained unknown soft tissue injuries, but left the scene independently.",17,37.78047,-122.416947,012405,1003,1,,,,,,,0,
B,6/25/21,9:50 PM,2021,Jaguar,I-Pace,Brannan Street at Division Street,San Francisco,San Francisco,94103,Stopped in Traffic,Moving,2,Minor,Autonomous,Fog/Visibility,Dark - Street Lights,Dry,No Unusual Conditions,Stopped,Proceeding Straight,Rear End,Mid-Sized Car,Intersection,Vehicle 2,0,None,"Waymo Autonomous Vehicle (""Waymo AV) was traveling in autonomous mode at the intersection of Brannan Street and Division Street in San Francisco when it was involved in a collision_ The Waymo AV was stopped in traffic for a red traffic light on southbound Brannan Street at Division Street when a passenger vehicle behind the Waymo AV made contact with the Waymo AV's rear bumper at approximately less than MPH. The Waymo AV was stationary. The Waymo AV sustained minor damage to its rear bumper, and the passenger vehicle left the scene before exchanging information: No injuries were reported at the scene.",8,37.769586,-122.407587,017700,1002,1,,,,,,,0,
B,6/26/21,12:35 AM,2021,Jaguar,I-Pace,3023 2lst Street,San Francisco,San Francisco,94110,Stopped in Traffic,Moving,2,Minor,Autonomous,Clear,Dark - Street Lights,Dry,No Unusual Conditions,Stopped,Proceeding Straight,Head On,Mid-Sized Car,Street,Vehicle 2,0,None,"Waymo Autonomous Vehicle (""Waymo AV') was traveling in autonomous mode on westbound 2lst Street heading toward Shotwell Street in San Francisco when it was involved in a collision_ The Waymo AV was stopped behind a passenger vehicle that was double-parked and also was yielding to an oncoming passenger vehicle traveling eastbound on 2lst Street: As the oncoming passenger vehicle approached the Waymo AV, it made contact with the Waymo AV's front bumper at approximately 4 MPH The Waymo AV was stationary. The Waymo AV sustained minor damage to its front bumper The passenger vehicle sustained minor damage to its front bumper. No injuries were reported at the scene.",18,37.748932,-122.416281,020900,2005,2,,,,,,,0,
Weride,6/29/21,2:54 PM,2019,Nissan,Leaf,280 S Ist Street,San Jose,Santa Clara,95113,Moving,Moving,2,Moderate,Conventional,Clear,Daylight,Dry,No Unusual Conditions,Proceeding Straight,Changing Lanes,Side Swipe,Mid-Sized Car,Street,Vehicle 2,0,None,"On June 29th 2021 at approximately 2.54 PM our safety driver was driving manually down First Street a one way street) from San Carlos Street on a sunny day at 20 MPH in downtown San Jose. While proceeding straight down First street; a car parallel to our vehicle initiated a sudden lane change and began moving towards our vehicle from the bus only lane at about 10 MPH. At this point, our driver held the horn down and applied the brakes. Our driver was unable to avoid the other vehicle due to the limited amount of space between our vehicle and the other vehicle, and the side curb to the left. At this time the car was struck; collision was unavoidable. During this time, our driver was approached by the occupants of the vehicle and information was exchanged. said were going to back up into the parking lot as security said couldn't stop there. Our driver attempted to back up but due to a grinding noise, stopped. At this point our driver went to continue to information but the occupants walked off and he couldn't abandon the vehicle: There was moderate damage to our vehicle on the front bumper and passenger side wheel well in the form of deep dents and a small portion of the passenger side front bumper detached. The glass covering the passenger side headlight was damaged as well. The other vehicle sustained minor damage on the driver side front wheel well in the form of dents. They they they get","14, 15, 16",37.333707,-121.891049,500800,3009,3,,,,,,,0,
C,7/1/21,8:21 AM,2020,Chevrolet,Bolt,400 Block of 6th St,San Francisco,San Francisco,94103,Stopped in Traffic,None,1,Minor,Autonomous,Clear,Daylight,Dry,Unknown,Stopped,Unknown,Side Swipe,Two-Wheels,Intersection,Vehicle 2,0,None,"A Cruise autonomous vehicle ( Cruise A operating in autonomous mode, was stopped at a red light on northbound 6th Street at the intersection with Harrison Street when a lane-splitting cyclist made contact with the Cruise AV's right side mirror, damaging the mirTor: The did not stop. There were no injuries and police were not called. V"") cyclist",14,37.775678,-122.412131,017803,1000,1,,,,,,,0,
AIArgo,7/1/21,3:19 PM,2019,Ford,Fusion,El Camino/Page Mill RD,Palo Alto,Santa Clara,94304,Stopped in Traffic,Moving,2,Minor,Conventional,Clear,Daylight,Dry,No Unusual Conditions,Making Right Turn,Making Right Turn,Rear End,Mid-Sized Car,Intersection,Vehicle 2,1,Later reported injured passenger,"An AI Autonomous Vehicle AV traveling southbound in manual mode on El Camino Real was involved in collision. As the Argo AV was attempting to make a right turn from El Camino Real onto Page Mill Road, a pedestrian entered the crosswalk. Argo $ Vehicle Operator brought the vehicle to complete stop and the vehicle directly behind the AV made contact with the AV's rear bumper: The Argo AV sustained minor damage to its rear bumper. The police were not called: The evening after the incident, minor injuries were reported by the Vehicle Operator located in the right seat. ",7,37.423139,-122.142,510700,1016,1,,,,,,,0,
AIArgo,7/8/21,9:18 AM,2019,Ford,Fusion,Stanford Ave/Bowdoin St,Palo Alto,Santa Clara,94304,Moving,Moving,2,Minor,Autonomous,Clear,Daylight,Unknown,No Unusual Conditions,Stopped,Stopped,Rear End,Mid-Sized Car,Intersection,Vehicle 2,0,None,"An AI Autonomous Vehicle AV"") traveling northeast bound on Stanford Ave was involved in collision_ The AV came to complete stop at the stop sign located at the intersection of Stanford Ave and Bowdoin Ave. When the Argo AV began to accelerate the vehicle directly behind the AV made contact with the AV's rear bumper. The AV sustained minor damage to its rear bumper: No injuries were reported at the scene and the police were not contacted. Argo (""Argo Argo Argo Argo Argo","8, 9",37.41911,-122.15636,513000,3022,3,,,,,,,0,
B,7/9/21,2:40 PM,2021,Jaguar,I-Pace,Bush Street and Grant Avenue,San Francisco,San Francisco,94108,Stopped in Traffic,None,2,Moderate,Autonomous,Clear,Daylight,Dry,No Unusual Conditions,Stopped,Changing Lanes,Rear End,Mid-Sized Car,Intersection,Vehicle 2,0,None,"Waymo Autonomous Vehicle (~Waymo AV"") operating in San Francisco, California was in a collision involving a passenger vehicle at Bush Street and Grant Avenue_ The Waymo AV was stopped in traffic while in autonomous mode when the passenger vehicle approached from behind while changing lanes The passenger vehicle struck the rear of the stopped Waymo AV traveling at 5.5 miles per hour and left the scene_ The left rear bumper of the Waymo AV sustained minor damage.",7,37.790565,-122.405574,011700,4006,4,,,,,,,0,
C,7/10/21,6:06 PM,2020,Chevrolet,Bolt,2500 Clement St.,San Francisco,San Francisco,94121,Moving,None,2,Minor,Autonomous,Clear,Daylight,Unknown,Unknown,Proceeding Straight,Proceeding Straight,Broadside,Mid-Sized Car,Intersection,Vehicle 2,0,None,"A Cruise autonomous vehicle (""Cruise AV""), operating in autonomous mode, was traveling westbound on Clement Street: As the Cruise AV was in the intersection with 26th Avenue, a blue Toyota Matrix traveling northbound on 26th Avenue failed to yield and entered the intersection. The Toyota made contact with the Cruise A V's front left bumper and damaged the bumper wheel and the wheel cover After the incident, the passenger in the Cruise AV reported minor shoulder soreness_ There were no additional injuries reported and police were not called.","1, 2, 18",37.782085,-122.486097,042700,1003,1,50.2,1244,524,139,367,195,19,125065
B,7/12/21,3:30 PM,2017,Chrysler,Pacifica,Broadway Street at Gough Street,San Francisco,San Francisco,94109,Moving,Moving,2,Minor,Conventional,Cloudy,Daylight,Dry,No Unusual Conditions,Making Left Turn,Proceeding Straight,Broadside,Mid-Sized Car,Intersection,Vehicle 2,0,None,"On July 12,2021 at 3.10 PM PDT, Waymo Autonomous Vehicle (""Waymo AV"") was in a collision involving a van at Broadway and Gough Street in San Francisco The Waymo AV_ while in autonomous mode, was waiting to make a left turn and yielding to oncoming traffic, when the test driver (in the driver seating position) transitioned to manual mode and proceeded with a left turn manually During the left turn, an approaching van struck the right side of the Waymo AV. At the time of the impact, the Waymo AV was in manual mode",10,37.795315,-122.4267,013102,2004,2,,,,,,,0,
A,7/13/21,2:11 PM,2016,Toyota,Highlander,Montgomery St. approaching Jackson St.,San Francisco,San Francisco,94133,Moving,Moving,2,None,Conventional,Clear,Daylight,Dry,No Unusual Conditions,Slowing/Stopping,Proceeding Straight,Side Swipe,Truck/Bus,Street,Vehicle 2,0,None,"While providing space to pass, a Zoox vehicle in conventional mode was slowly moving forward in response to an oncoming truck: While passing, the truck came into contact with the Zoox vehicle's rear radar sensor: There were no injuries and the police were not called.",0,37.799913,-122.404348,010402,3003,3,51.9,530,398,0,45,0,87,0
B,7/14/21,4:47 PM,2021,Jaguar,I-Pace,"2500 Block, Clement St",San Francisco,San Francisco,94121,Moving,Moving,2,Moderate,Autonomous,Clear,Daylight,Dry,No Unusual Conditions,Proceeding Straight,Other,Other,Mid-Sized Car,Street,Vehicle 2,0,None,"On July 14,2021 at 4:47 PM PDT, Waymo Autonomous Vehicle (""Waymo AV') was proceeding straight westbound on Clement Street in San Francisco, when a passenger vehicle struck the Waymo AV from behind two times. The passenger vehicle then struck the Waymo AV third time, on the left side of the Waymo AV as it passed on the left, then immediately fled the scene_ The San Francisco Police Department is investigating the event as a criminal act. At the time of the impact, the Waymo AV's Level 4 ADS was engaged in autonomous mode, and a test driver was present (in the driver seating position)","3, 4, 5, 6, 9, 10",37.777129,-122.491682,047801,3002,3,,,,,,,0,
C,7/15/21,9:38 PM,2020,Chevrolet,Bolt,1500 McAllister St.,San Francisco,San Francisco,94115,Stopped in Traffic,Moving,2,Minor,Autonomous,Clear,Dark - Street Lights,Dry,Unknown,Stopped,Proceeding Straight,Side Swipe,Mid-Sized Car,Intersection,Vehicle 2,0,None,"A Cruise autonomous vehicle (""Cruise AV"") operating in autonomous mode, was at a complete stop in response to a red light on eastbound McAllister Street at the intersection with Scott Street. Another vehicle approaching from the rear made contact with the Cruise AV's rear bumper, damaging the rear left bumper: The driver of the other vehicle left the scene without exchanging information. There were no injuries and police were not called.","5, 6, 7",37.778097,-122.436878,015802,1005,1,32.5,1725,911,106,241,178,242,151010
Weride,7/16/21,11:35 AM,2017,Lincoln,MKZ,2630 Orchard Parkway,San Jose,Santa Clara,95134,Moving,Moving,2,Minor,Autonomous,Clear,Daylight,Unknown,No Unusual Conditions,Proceeding Straight,Passing Other Vehicle,Rear End,Mid-Sized Car,Street,Vehicle 2,0,None,"At about 11.35 am our vehicle car 1) was waiting behind a USPS truck to make an unprotected left turn, meanwhile one other vehicle (car 2) waited behind our vehicle. Another non involved vehicle notices the queue of vehicles and passes on the right in the bike lane As the USPS truck begins to make the turn, car begins to move forward at MPH then slowed t0 3 MPH when yielding to the vehicle passing in the bike lane. Car 2 directly behind us strikes Our passenger rear bumper: The safety driver then disengaged the vehicle (car 1) and moved into parking lot to exchange information. nearby","9, 10",37.385645,-121.931016,505006,5034,5,31.3,1706,438,0,1206,35,27,170972
C,7/26/21,1:15 PM,2020,Chevrolet,Bolt,900 Blk Howard St,San Francisco,San Francisco,94103,Moving,Moving,2,Moderate,Conventional,Clear,Daylight,Dry,Unknown,Making Left Turn,Proceeding Straight,Broadside,Two-Wheels,Intersection,Vehicle 1,1,Injured driver,"A Cruise autonomous vehicle (""Cruise AV""), operating in autonomous mode, was traveling northbound on Sth Street and yielding to oncoming traffic before making a left turn onto westbound Howard Street: The Cruise AV was yielding to an oncoming electric scooterist when the light turned from green to yellow. The driver of the Cruise AV disengaged from autonomous mode to make the left turn and, shortly thereafter, the electric scooterist made contact with the right side of the Cruise AV, damaging the Cruise AV's and rear passenger doors. The electric scooterist reported soreness and bruising and the San Francisco were called. It is unknown at this time whether an investigation is being conducted by law enforcement_ front police","10, 11, 12",37.775678,-122.412131,017803,1000,1,,,,,,,0,
B,8/1/21,4:48 PM,2021,Jaguar,I-Pace,Cabrillo Street and 23rd Avenue,San Francisco,San Francisco,94121,Stopped in Traffic,None,1,Minor,Conventional,Clear,Daylight,Dry,No Unusual Conditions,Stopped,Unknown,Broadside,Two-Wheels,Intersection,Vehicle 2,0,None,"On August 1,2021 at 4.48 PM PDT, Waymo Autonomous Vehicle (""Waymo AV"" operating in San Francisco, California was struck by a bicycle at Cabrillo Street and 23rd Avenue. The Waymo AV had stopped at a stop sign on Cabrillo Street and, when the intersection was clear; began to proceed westbound through the intersection with 23rd Avenue At approximately the same time, a traveling northbound ran the stop sign on 23rd Avenue, began to turn right onto Cabrillo Street but immediately veered left to continue northbound across the crosswalk on Cabrillo Street, where it struck the rear driver's side of the Waymo AV_ The stayed upright and immediately rode away, continuing northbound on 23rd Avenue: The bicycle caused minor scratches and marks 0n the rear driver's side bumper of the Waymo AV. The Waymo AV was operating with a driver (in the driver' $ seating position), who transitioned the vehicle from autonomous to manual mode approximately second before the impact occurred: At the time of impact, the Waymo AV was in manual mode cyclist cyclist",6,37.774533,-122.482184,047702,3000,3,,,,,,,0,
C,8/2/21,12:58 PM,2020,Chevrolet,Bolt,2200 Blk Balboa St,San Francisco,San Francisco,94121,Moving,Moving,2,Minor,Conventional,Clear,Daylight,Dry,No Unusual Conditions,Proceeding Straight,Unknown,Broadside,Mid-Sized Car,Intersection,Vehicle 2,0,None,"A Cruise autonomous vehicle (""Cruise AV""), operating in autonomous mode; was traveling westbound on Balboa Street: As the Cruise AV was in the intersection with 24th Avenue, a silver Toyota Tundra traveling northbound on 24th Avenue failed to yield and continued to enter the intersection The AVTO disengaged from autonomous mode; nevertheless the Toyota made contact with the Cruise AV's left rear and damaged the rear left bumper. There were no injuries and police were not called panel","4, 5, 6",37.777129,-122.491682,047801,3002,3,,,,,,,0,
B,8/5/21,12:41 PM,2021,Jaguar,I-Pace,200 Block of Parnassus Avenue,San Francisco,San Francisco,94117,Moving,Stopped in Traffic,2,Minor,Conventional,Cloudy,Daylight,Wet,No Unusual Conditions,Proceeding Straight,Parked,Rear End,Mid-Sized Car,Parking,Vehicle 1,0,None,"Waymo Autonomous Vehicle (""Waymo AV"") operating in San Francisco, California was in collision involving a parked vehicle on the 200 block of Parnassus Avenue. While operating in manual mode, the operator of the Waymo vehicle was attempting to enter the adjacent travel lane from parallel parked position on the right-hand edge of the street, when made contact with the rear of a vehicle parked directly in front of the Waymo vehicle. The Waymo vehicle sustained minor damage to the front bumper and sensor casing The other party' $ vehicle sustained minor scratches and denting to the rear bumper. they",17,37.769079,-122.443882,017101,3001,3,,,,,,,0,
B,8/13/21,8:04 AM,2021,Jaguar,I-Pace,Oakdale Avenue and Toland Street,San Francisco,San Francisco,94124,Moving,Moving,2,Minor,Conventional,Cloudy,Daylight,Dry,No Unusual Conditions,Proceeding Straight,Proceeding Straight,Rear End,Mid-Sized Car,Intersection,Vehicle 2,0,None,"On August 13,2021 at 8:04 AM PDT, Waymo Autonomous Vehicle (Waymo AV') operating in San Francisco was in collision involving a van at Oakdale Avenue and Toland Street: While in manual mode and traveling northwest o Oakdale Avenue, the Waymo AV was approaching slower lead traffic at the stop sign intersection at Toland Street: As the Waymo AV'$ operator (in the driver'$ seating position) slowed the Waymo AV, a van made contact with the rear of the Waymo AV. The Waymo AV sustained minor damage to the underside of its rear bumper; the van did not appear to sustain damage.",19,37.740961,-122.401556,980900,1053,1,,,,,,,0,
B,8/14/21,10:11 AM,2021,Jaguar,I-Pace,Alabama Street at 24th Street,San Francisco,San Francisco,94110,Moving,None,2,Minor,Conventional,Clear,Daylight,Dry,No Unusual Conditions,Making Right Turn,Parked,Side Swipe,Mid-Sized Car,Intersection,Vehicle 1,0,None,"Waymo Autonomous Vehicle (~Waymo AV"") operating in San Francisco, California was in collision involving a parked vehicle at Alabama Street at 24th Street_ While operating in manual mode, the Waymo AV was driving southbound on Alabama Street and nearing thef intersection at 24th Street_ While navigating the narrow roadway with an oncoming vehicle, the Waymo AV made contact with a parked vehicle on the right side of the road causing minor scrapes to both vehicles",10,37.752685,-122.410963,022902,1004,1,,,,,,,0,
Apple,8/19/21,9:30 AM,2016,Lexus,RX 45h,690 University Ave.,San Diego,San Diego,92103,Stopped in Traffic,Moving,2,Minor,Conventional,Clear,Daylight,Dry,No Unusual Conditions,Stopped,Backing,Rear End,Mid-Sized Car,Parking,Vehicle 2,0,None,"An Apple vehicle, operating in manual mode and leaving a parking space in a San retail parking lot, was struck at low speed on the right front bumper by a Hyundai Sonata reversing the middle of the parking lot. To try and avoid the crash, the Apple vehicle stopped to being struck: Both vehicles sustained minor damage. At the time of the incident; no injuries were reported by either party and law enforcement was not called t0 the scene Diego - from prior","1, 18",32.748665,-117.158711,000400,1006,1,31.5,830,369,91,101,227,42,81997
B,8/21/21,3:24 PM,2021,Jaguar,I-Pace,Scott Street and Sacramento Street,San Francisco,San Francisco,94115,Stopped in Traffic,Moving,2,Minor,Conventional,Cloudy,Daylight,Dry,No Unusual Conditions,Stopped,Proceeding Straight,Rear End,Mid-Sized Car,Intersection,Vehicle 2,0,None,"Waymo Autonomous Vehicle (""Waymo AV operating in San Francisco was in a collision involving a vehicle at Scott Street and Sacramento Street_ While operating in autonomous mode, the Waymo AV was stopped at a stop sign intersection yielding to a pedestrian in the crosswalk as a passenger vehicle arrived at the intersection from the left: Once the pedestrian cleared the crosswalk, the Waymo AV started to proceed at the same time as the passenger vehicle to the left: The driver of the Waymo AV transitioned into manual mode, bringing the vehicle to a stop and the passenger vehicle behind the AV accelerated into the rear of the Waymo vehicle The Waymo AV sustained minor damage to the rear bumper:",8,37.789207,-122.43896,013401,1003,1,,,,,,,0,
Apple,8/23/21,8:21 PM,2016,Lexus,RX 45h,Main Street Cupertino Parking Roadway Intersectio,Cupertino,Santa Clara,95014,Stopped in Traffic,Moving,2,Minor,Conventional,Clear,Dark - Street Lights,Dry,No Unusual Conditions,Stopped,Backing,Rear End,Mid-Sized Car,Parking,Vehicle 2,0,None,"An Apple vehicle, operating in manual mode and stopped at a stop sign in the Main Street Cupertino retail center parking was struck on the left rear bumper by a diagonally-parked Subaru reversing out of a parking space at low Both vehicles sustained minor damage. At the time of the incident, no injuries were reported by either party and law enforcement was not called to the scene_ lot, speed.","9, 10",37.30661,-122.080628,507705,2010,2,,,,,,,0,
B,8/27/21,4:15 PM,2021,Jaguar,I-Pace,Presidio Avenue and Bush Street,San Francisco,San Francisco,94115,Stopped in Traffic,Moving,2,Minor,Autonomous,Clear,Daylight,Dry,No Unusual Conditions,Stopped,Proceeding Straight,Rear End,Mid-Sized Car,Street,Vehicle 2,0,None,"Waymo Autonomous Vehicle (""Waymo AV"") operating in San Francisco, California was in a collision involving a passenger vehicle at Presidio Avenue and Bush Street_ The Waymo AV was stopped at a red light in autonomous mode when the passenger vehicle behind the AV made contact with the rear of the Waymo vehicle. The Waymo AV sustained minor damage to the rear bumper: The passenger vehicle appeared to sustain minor scuffing O no damage.","7, 8, 9",37.785548,-122.44502,015401,1001,1,,,,,,,0,
C,8/28/21,9:05 PM,2020,Chevrolet,Bolt,900 Steiner St,San Francisco,San Francisco,94117,Moving,Moving,1,Minor,Autonomous,Clear,Dark - Street Lights,Dry,No Unusual Conditions,Proceeding Straight,Proceeding Straight,Broadside,Two-Wheels,Intersection,Vehicle 2,0,None,"A Cruise autonomous vehicle (""Cruise AV"") , operating in autonomous mode, was traveling southbound on Steiner Street between McAllister Street and Fulton Street. The Cruise AV was traveling 24.4 mph upon entering the intersection with Fulton Street on a green light: As the Cruise AV continued through the intersection; a bicyclist traveling eastbound on Fulton Street failed to stop for their red light and entered the intersection. The Cruise AV was disengaged from autonomous mode and the Cruise AV operator braked to a of 8.7 mph and, shortly thereafter, the bicyclist made contact with the Cruise AV, damaging the front of the Cruise AV and the bicycle The cyclist] verbally reported were okay: However, the Cruise AV Operator noticed minor injuries to the cyclict: Police and Emergency Medical Services were called, but the cyclist left the scene before the police o EMS arrived. speed they","15, 16, 17, 18",37.77734,-122.433219,016400,3000,3,32,1390,675,94,120,425,76,154732
C,8/30/21,8:40 PM,2020,Chevrolet,Bolt,1096 Fulton St,San Francisco,San Francisco,94117,Moving,Moving,2,Minor,Conventional,Clear,Dark - Street Lights,Dry,No Unusual Conditions,Parked,Parking Maneuver,Rear End,Mid-Sized Car,Parking,Vehicle 2,0,None,"A Cruise autonomous vehicle (""Cruise AV"") in conventional mode was involved in a collision on eastbound Fulton Street between Steiner Street and Pierce Street_ While the Cruise AV was parked parallel to the curb on the street; another vehicle attempting to park made contact with the rear bumper of the Cruise AV, damaging the Cruise AV's rear bumper: There were no injuries and police were not called","7, 8, 9",37.777532,-122.434731,015802,2000,2,32.7,1864,1055,191,156,308,147,121543
B,8/31/21,5:43 PM,2021,Jaguar,I-Pace,Cook Street and Geary Street,San Francisco,San Francisco,94118,Moving,None,2,Minor,Conventional,Clear,Daylight,Dry,No Unusual Conditions,Backing,Parked,Unknown,Mid-Sized Car,Parking,Vehicle 1,0,None,"On August 31, 2021 at 5:41 PM PDT, Waymo Autonomous Vehicle (""Waymo AV"") operating in San Francisco was in collision involving an unoccupied parked passenger vehicle at 20 Cook Street: While performing a multipoint turn at the north end of Cook Street a dead-end road), the Waymo AV was in reverse at approximately 2 MPH when it made contact with the front driver's side door of an unoccupied parked passenger vehicle: The Waymo AV was in autonomous mode until just before making contact; when the test driver transitioned the Waymo AV into manual mode. The contact caused minor scuffing and a small dent in the door handle of the parked vehicle'$ driver door and minor damage to the plastic sensor housing on the Waymo AV'$ rear passenger s side.",9,37.781853,-122.452143,015701,1012,1,,,,,,,0,
B,8/31/21,7:30 AM,2021,Jaguar,I-Pace,25th Street at York Street,San Francisco,San Francisco,94110,Moving,Moving,2,Minor,Conventional,Clear,Daylight,Dry,No Unusual Conditions,Entering Traffic,Passing Other Vehicle,Side Swipe,Mid-Sized Car,Intersection,Vehicle 2,0,None,"On August 31,2021 at 7:30 AM PDT, Waymo Autonomous Vehicle (""Waymo AF operating in San Francisco, California was in a collision involving another vehicle near the intersection of 2Sth Street at York Street: The Waymo AV was stopped near the end of the 2500 block of 2Sth Street after having executed pull-over in autonomous mode, at which time the operator of the Waymo AV took manual control of the Waymo AV and proceeded into the driving lane. The Waymo AV then made contact with the right rear fender of a passenger vehicle passing the Waymo AV on the left side. Both vehicles incurred minor damage. V)",1,37.751256,-122.408037,022903,3002,3,,,,,,,0,
B,9/2/21,1:56 AM,2021,Jaguar,I-Pace,Sth Avenue at Lake Street,San Francisco,San Francisco,94118,Moving,None,2,Minor,Autonomous,Clear,Dark - Street Lights,Dry,No Unusual Conditions,Backing,Parked,Other,Mid-Sized Car,Street,Vehicle 1,0,None,"On September 2, 2021 at 1.56 AM PDT, Waymo Autonomous Vehicle Waymo AV"") operating in San Francisco was in a collision involving an unoccupied parked passenger vehicle at the north end of &th Avenue a dead-end road) While performing a multipoint turn in autonomous mode, the Waymo AV was reversing at approximately 2 MPH when it made contact with the rear tail light of an unoccupied parked passenger vehicle. The contact caused small break in the tail light cover of the parked vehicle and minor damage to the rear bumper of the Waymo AV.",9,37.778779,-122.459982,045100,1002,1,,,,,,,0,
A,9/2/21,8:02 PM,2019,Toyota,Highlander,Folsom St. and Essex St. Intersection,San Francisco,San Francisco,94107,Moving,Moving,1,Minor,Autonomous,Clear,Dark - Street Lights,Dry,No Unusual Conditions,Making Right Turn,Making Right Turn,Side Swipe,Mid-Sized Car,Intersection,Vehicle 2,0,None,"A Zoox vehicle in autonomous mode making a right turn onto Essex St, fro Folsom when a passenger vehicle in the left adjacent turn lane encroached into its lane and made contact with the left bumper and sensors of the Zoox vehicle There were no injuries and the police were not called. St ,",1,37.786378,-122.395645,061503,2002,2,,,,,,,0,
B,9/16/21,5:14 PM,2021,Jaguar,I-Pace,Industrial Street and Palou Avenue,San Francisco,San Francisco,94124,Moving,Moving,2,Minor,Conventional,Clear,Daylight,Dry,No Unusual Conditions,Making Left Turn,Passing Other Vehicle,Side Swipe,Mid-Sized Car,Intersection,Vehicle 2,0,None,"On September 16, 2021 at 5.14 PM PDT a Waymo Autonomous Vehicle Waymo AV' operating in San Francisco, California was in a collision involving a passenger vehicle at Palou Avenue and Selby Avenue. While making a left turn from Palou Avenue oto Selby Avenue in manual mode, the Waymo AV was struck by a passenger vehicle attempting to pass the Waymo AV on the left side using the oncoming traffic lane. The Waymo AV sustained minor damage to the left front fender: The other vehicle left the scene without exchanging information",1,37.739658,-122.400899,023001,1001,1,,,,,,,0,
B,9/17/21,11:39 AM,2021,Jaguar,I-Pace,444 Washington Street,San Francisco,San Francisco,94111,Stopped in Traffic,Moving,2,Minor,Conventional,Clear,Daylight,Dry,No Unusual Conditions,Stopped,Backing,Side Swipe,Mid-Sized Car,Street,Vehicle 2,0,None,"On September 17,2021 at 11:39 AM PDT a Waymo Autonomous Vehicle (""Waymo AV"" operating in San Francisco, California was in a collision involving a passenger vehicle on the 400 block of Washington Street: While in autonomous mode, the Waymo AV was stopped behind a double-parked passenger vehicle in the right-hand lane of traffic with slow-moving (same directional) traffic to its left: The driver of the Waymo AV transitioned the vehicle to manual mode and initiated a lane change into the congested left-hand lane. Before the driver of the Waymo AV could complete this maneuver; the passenger vehicle in front of the Waymo AV shifted into reverse and proceeded to make contact with the rear right sensor of the Waymo AV. Both vehicles sustained minor damage.",10,37.795985,-122.400732,061101,2012,2,51.1,1045,46,0,931,14,54,14943
B,9/17/21,12:30 PM,2021,Jaguar,I-Pace,York Street and Cesar Chavez,San Francisco,San Francisco,94110,Stopped in Traffic,Moving,2,Minor,Conventional,Clear,Daylight,Dry,No Unusual Conditions,Stopped,Proceeding Straight,Side Swipe,Mid-Sized Car,Intersection,Vehicle 2,0,None,"On September 17,2021 at 12.30 PM PDT Waymo Autonomous Vehicle (""Waymo operating in San Francisco, California was in a collision involving a passenger vehicle at York Street and Cesar Chavez The Waymo AV was waiting to turn right onto Cesar Chavez in autonomous mode when the driver transitioned to manual mode_ A passenger vehicle was in the process of completing a right turn from Cesar Chavez onto York Street and made contact with the front left fender of the stopped Waymo AV, before proceeding straight through the narrow roadway. The Waymo sustained minor damage to the fender: The other vehicle left the scene without exchanging information AV)",1,37.748405,-122.407882,025100,1004,1,,,,,,,0,
A,9/21/21,3:15 PM,2016,Toyota,Highlander,Intersection of Broadway and Sansome,San Francisco,San Francisco,94133,Stopped in Traffic,Moving,2,Moderate,Conventional,Clear,Daylight,Dry,No Unusual Conditions,Stopped,Other Unsafe Turning,Broadside,Mid-Sized Car,Street,Vehicle 2,0,None,"A Zoox vehicle in manual mode was stopped in the left turn lane, when passenger vehicle approaching from the rear in the right adjacent lane collided into the right passenger side doors of the Zoox vehicle. The passenger vehicle immediately fled the scene. The Zoox vehicle incurred moderate damage to the right side passenger doors  The police were not called at the scene but a police report was filed There were no injuries:","11, 12, 13, 14",37.804826,-122.410979,010101,2006,2,37.5,1337,429,17,714,139,38,56050
B,9/22/21,4:29 AM,2021,Jaguar,I-Pace,Lombard Street and Scott Street,San Francisco,San Francisco,94123,Stopped in Traffic,Moving,2,Major,Conventional,Clear,Dark - Street Lights,Dry,No Unusual Conditions,Stopped,Proceeding Straight,Rear End,Mid-Sized Car,Street,Vehicle 2,0,None,"On September 22, 2021 at 429 AM PDT a Waymo Autonomous Vehicle (""Waymo AV') operating in San Francisco was in a collision involving passenger vehicle at Lombard Street and Scott Street_ The Waymo AV was stopped at a red light facing west o Lombard Street in manual mode_ A passenger vehicle approaching the rear of the Waymo AV at approximately 26 miles per hour collided with the right rear bumper of the vehicle. Both vehicles sustained major damage. Occupants of the Waymo vehicle reported soreness in their shoulders after leaving the scene.","8, 9",37.799212,-122.440978,012801,3000,3,,,,,,,0,
C,9/25/21,10:56 AM,2020,Chevrolet,Bolt,3100 3rd St,San Francisco,San Francisco,94124,Stopped in Traffic,Moving,2,Minor,Conventional,Clear,Daylight,Unknown,No Unusual Conditions,Stopped,Proceeding Straight,Rear End,Mid-Sized Car,Street,Vehicle 2,1,Injured passenger,"A Cruise autonomous vehicle (""Cruise AV""), operating in manual mode, was traveling northbound on 3rd Street between Marin Street and Cesar Chavez Street_ As the Cruise AV was stopped behind another vehicle, 2020 Chevy Bolt behind the Cruise AV made contact with the Cruise AV, damaging the rear center bumper of the Cruise AV. The Cruise AV operator reported injuries. Police were not called to the scene_",8,37.750072,-122.38805,980900,1000,1,32.5,296,82,16,169,10,19,137750
Apple,9/27/21,10:53 AM,2017,Lexus,RX 45h,N Mathilda Ave and DelAveRey,Sunnyvale,Santa Clara,94085,Moving,None,1,Minor,Autonomous,Cloudy,Daylight,Dry,No Unusual Conditions,Making Right Turn,Unknown,Hit Object,Mid-Sized Car,Street,Vehicle 1,0,None,"A test vehicle, operating in autonomous mode in Sunnyvale and turning right from Mathilda Avenue onto Del Avenue, made contact with a curb at approximately 13 miles per hour: While there was no tire Or wheel damage, the contact resulted in misalignment: No other agents were involved, no injuries were reported, and law enforcement was not called to the scene. Ray","10, 11, 14",37.390023,-122.030379,509001,1011,1,34.9,1508,261,47,392,689,119,177083
B,10/1/21,3:51 PM,2021,Jaguar,I-Pace,John F. Kennedy Drive at Stanyayn Street,San Francisco,San Francisco,94117,Stopped in Traffic,Moving,2,Minor,Autonomous,Clear,Daylight,Dry,No Unusual Conditions,Stopped,Proceeding Straight,Rear End,Mid-Sized Car,Intersection,Vehicle 2,1,Injured driver,"On October 1, 2021 at 3.51 PM PDT a Waymo Autonomous Vehicle ""~Waymo AV"") operating in San Francisco, California was in a collision involving an SUV at John F. Kennedy Drive at Stanyan Street: The Waymo AV was traveling in autonomous mode westbound on Fell Street John F. Kennedy Drive when it stopped for pedestrians who were in a crosswalk and between the westbound and eastbound lanes of John F. Kennedy Drive. An SUV following behind the Waymo AV struck the rear of the Waymo AV_ The Waymo AV sustained minor damage to its rear bumper and trunk, and the SUV sustained minor damage to its front bumper and hood The Waymo AV test driver later reported lower back pain.",8,37.77093,-122.455289,980300,1002,1,,,,,,,0,
C,10/2/21,1:56 AM,2020,Chevrolet,Bolt,700StCapp,San Francisco,San Francisco,94110,Stopped in Traffic,Moving,2,Minor,Autonomous,Clear,Dark - Street Lights,Dry,No Unusual Conditions,Stopped,Backing,Rear End,Mid-Sized Car,Intersection,Vehicle 2,0,None,"A Cruise autonomous vehicle (""Cruise AV""), operating in autonomous mode, was at a complete in response a stop sign on northbound Capp Street at the intersection with 22nd Street. An SFPD 2016 Ford Explorer that was in front of the Cruise AV reversed from the intersection of Capp Street and 22nd Street and made contact with the Cruise A V's front bumper, damaging the front bumper. There were no injuries and the officer that struck the Cruise AV filed a police report: stop",17,37.748932,-122.416281,020900,2005,2,,,,,,,0,
B,10/7/21,11:12 PM,2021,Jaguar,I-Pace,Mission St and Highland Ave,San Francisco,San Francisco,94110,Stopped in Traffic,Moving,2,Minor,Conventional,Clear,Dark - Street Lights,Dry,No Unusual Conditions,Stopped,Unknown,Side Swipe,Mid-Sized Car,Street,Vehicle 2,0,None,"On October 4, 2021 at 11:12 PM PDT a Waymo Autonomous Vehicle (""Waymo AV' operating in San Francisco, California was in a collision involving a passenger vehicle at Mission Street and Highland Street  While operating in manual mode, Waymo AV was waiting at a red light southbound on Mission Street when a passenger vehicle approached from behind and made contact with the right rear sensor housing of the Waymo AV. The Waymo AV sustained minor damage to the sensor housing The passenger vehicle left the scene. facing",9,37.737406,-122.424039,025401,1006,1,,,,,,,0,
B,10/8/21,8:39 AM,2021,Jaguar,I-Pace,301 Ellsworth Street,San Francisco,San Francisco,94110,Moving,None,2,Minor,Conventional,Cloudy,Dusk-Dawn,Dry,No Unusual Conditions,Parking Maneuver,Parked,Head On,Mid-Sized Car,Parking,Vehicle 1,0,None,"On October 8, 2021 at 8.39 AM PDT a Waymo Autonomous Vehicle (""Waymo AV') operating in San Francisco, California was in a collision involving a passenger vehicle at Ellsworth Street and Jarboe Avenue. While operating in manual mode, the driver of the Waymo AV pulled into the right parking lane to In the process; the Waymo AV made contact with the bumper of a parked vehicle. Both vehicles sustained minor bumper damage. park",17,37.738695,-122.414467,025402,1000,1,50,1454,282,16,159,902,95,153594
B,10/8/21,6:39 PM,2021,Jaguar,I-Pace,4423 Mission Street,San Francisco,San Francisco,94112,Stopped in Traffic,Moving,2,Minor,Conventional,Clear,Dusk-Dawn,Dry,No Unusual Conditions,Stopped,Backing ,Head On,Mid-Sized Car,Street,Vehicle 2,0,None,"On October 8, 2021 at 6.39 PM PDT a Waymo Autonomous Vehicle ""Waymo AV"") operating in San Francisco, California was in a collision involving a passenger vehicle at Mission Street at Avalon Avenue While traveling northwest on Mission Street in autonomous mode, the Waymo AV navigated around double-parked vehicle stopped in the right lane. After re-entering the right lane, the Waymo AV came t0 a complete stop behind a second passenger vehicle, at which time the driver of the Waymo AV transitioned into manual mode. The second passenger vehicle reversed into the Waymo AV making contact with its front bumper. Both vehicles sustained minor bumper damage.",16,37.727223,-122.432537,026001,1003,1,37.1,1591,318,10,980,193,90,190909
B,10/18/21,12:57 PM,2021,Jaguar,I-Pace,Cesar Chavez and Evans Avenue,San Francisco,San Francisco,94124,Moving,Moving,2,Minor,Autonomous,Clear,Daylight,Dry,No Unusual Conditions,Slowing/Stopping,Proceeding Straight,Rear End,Mid-Sized Car,Intersection,Vehicle 2,0,None,"On October 18,2021 at 12.57 PM PDT a Waymo Autonomous Vehicle (""Waymo AV') operating in San Francisco, CA was in a collision involving an SUV at Cesar Chavez and Evans Avenue As the Waymo AV approached a right turn from Cesar Chavez onto Evans Avenue, it braked behind stopped traffic. An SUV following behind the Waymo AV made contact with the rear of the Waymo AV. At the time of the impact, the Waymo AV's Level 4 ADS was engaged in autonomous mode, and a test driver was present in the driver s seating position:  The Waymo AV sustained minor damage to its rear bumper and trunk, and the SUV sustained minor damage to its front bumper and hood.","7, 8, 9",37.749685,-122.397285,980900,1018,1,,,,,,,0,
B,10/19/21,12:33 PM,2021,Jaguar,I-Pace,California Street and Jordan Avenue,San Francisco,San Francisco,94118,Moving,Moving,2,Minor,Conventional,Clear,Daylight,Dry,No Unusual Conditions,Changing Lanes,Proceeding Straight,Side Swipe,Mid-Sized Car,Street,Vehicle 1,0,None,"On October 19,2021 at 12.33 PM PDT a Waymo Autonomous Vehicle (""Waymo AV') operating in San Francisco, CA was in a collision involving passenger car on California Street between Jordan Avenue and Cherry Street While in manual mode and stopped behind traffic waiting to make an unprotected left turn from California Street oto Cherry Street, the Waymo AV test driver attempted to make a right lane change to proceed around its stopped lead vehicle, and made contact with passenger vehicle traveling in the right adjacent lane. At the time of the impact, the Waymo AV's Level 4 ADS was not engaged and a test driver was operating the Waymo AV in manual mode. The Waymo AV sustained minor damage to its front passenger side bumper corner and sensor hardware, and the passenger vehicle sustained moderate scraping and denting on the driver's side rear passenger dOor.",16,37.785964,-122.456963,015402,2003,2,,,,,,,0,
AIArgo,10/19/21,2:25 PM,2020,Ford,Escape,Grant Ave/El Camino Real,Palo Alto,Santa Clara,94306,Stopped in Traffic,Moving,2,Minor,Autonomous,Clear,Daylight,Dry,No Unusual Conditions,Stopped,Making Right Turn,Rear End,Mid-Sized Car,Intersection,Vehicle 2,0,None,"An AI Autonomous Vehicle AV') was involved in a rear-end collision on Grant Ave. The AV came to a complete stop at the stop sign located at the intersection of Grant Ave. and El Camino Real. After the Argo AV began to initiate a right-hand turn, the AV came to a stop in response to oncoming traffic. A vehicle trailing behind the AV moved forward and contacted the AV's left rear bumper: The AV sustained minor damage to its left rear bumper. ",7,37.415728,-122.130765,510600,2002,2,,,,,,,0,
A,10/21/21,3:05 PM,2016,Toyota,Highlander,Intersection of Columbus and Mason St:,San Francisco,San Francisco,94133,Moving,Moving,2,Minor,Conventional,Cloudy,Daylight,Dry,No Unusual Conditions,Proceeding Straight,Traveling Wrong Way,Side Swipe,Truck/Bus,Street,Vehicle 2,0,None,"While in manual mode, the Zoox vehicle was proceeding straight on Columbus St through the intersection at Mason, when a pickup truck in the left adjacent lane turned right in front of the Zoox vehicle. The truck contacted the Zoox vehicle which incurred minor damage to its front left bumper: There were no injuries and the police were not called:","10, 11, 12, 13",37.804684,-122.413429,010102,1004,1,,,,,,,0,
B,10/27/21,3:54 PM,2021,Jaguar,I-Pace,Bayshore Blvd and Flower Street,San Francisco,San Francisco,94124,Stopped in Traffic,Moving,2,Minor,Conventional,Clear,Daylight,Dry,No Unusual Conditions,Stopped,Proceeding Straight,Rear End,Mid-Sized Car,Intersection,Vehicle 2,0,None,"On October 27, 2021 at 3.54 PM PST a Waymo Autonomous Vehicle (""Waymo AV"") operating in San Francisco was in a collision involving passenger vehicle at Flower Street and Bayshore Avenue While in manual mode, the operator of the Waymo AV was at a complete stop while yielding to traffic approaching from the left, waiting to make a left turn onto Bayshore Avenue from northwest Flower Street: A passenger vehicle approached from behind and made contact with the rear of the Waymo AV. At the time of the impact, the Waymo AV's Level 4 ADS was not engaged and a test driver was operating the Waymo AV in manual mode. Both vehicles sustained minor damage.",7,37.73123,-122.382857,023102,2004,2,,,,,,,0,
B,10/28/21,9:35 PM,2021,Jaguar,I-Pace,Silver Avenue and Bayshore Blvd.,San Francisco,San Francisco,94124,Moving,Moving,2,Minor,Conventional,Clear,Dark - Street Lights,Dry,No Unusual Conditions,Making Left Turn,Proceeding Straight,Head On,Mid-Sized Car,Intersection,Vehicle 2,0,None,"On October 28,2021 at 9.35 PM PDT a Waymo Autonomous Vehicle (""Waymo AV"" operating in San Francisco, CA was in collision involving a van at Silver Avenue at Bayshore Boulevard. The Waymo AV while in autonomous mode, was waiting to make a left turn Silver Avenue onto Bayshore Boulevard and yielding to oncoming traffic, when the test driver (in the driver seating position; transitioned to manual mode and proceeded with a left turn manually During the left turn, an approaching van made contact with the front bumper of the Waymo AV. At the time of the impact, the Waymo AV's Level 4 ADS was not engaged and a test driver was operating the Waymo AV in manual mode The Waymo AV sustained minor damage to its front bumper, and the van sustained minor damage to its front bumper: from",18,37.729357,-122.402751,023001,3006,3,,,,,,,0,
Pony.ai,10/28/21,10:50 AM,2021,Hyundai,Kona EV,Southbound on Fremont Blvd past Cushing Pkwy,Fremont,Alameda,94538,Moving,None,1,Moderate,Autonomous,Clear,Daylight,Dry,No Unusual Conditions,Changing Lanes,Unknown,Hit Object,Mid-Sized Car,Intersection,Vehicle 1,0,None,"On October 28,2021 after turning right onto Fremont Blvd from Cushing Pkwy, the Pony.ai Autonomous Vehicle (""Pony.ai AV"") performed left lane change maneuver in autonomous mode. While performing the lane the Pony.ai AV came into contact with a center divider on Fremont Blvd and the traffic sign that was posted on the divider: The Pony.ai AV suffered moderate damage to the front of the vehicle and the undercarriage. There were no injuries and no other vehicles involved. Fremont Police Department were called to report the incident and the damaged street sign. Pony.ai has subsequently worked with local authorities to resolve all issues related to the damaged sign. change,","16, 17, 18, 19",37.509453,-121.95832,441503,2003,2,,,,,,,0,
A,11/3/21,4:09 PM,2016,Toyota,Highlander,Intersection of Oakdell and Lemon St.,Menlo Park,San Mateo,94025,Moving,Moving,2,Minor,Conventional,Clear,Daylight,Dry,No Unusual Conditions,Making Left Turn,Proceeding Straight,Broadside,Mid-Sized Car,Intersection,Vehicle 2,0,None,A Zoox vehicle was in manual mode making a left turn from Lemon St: onto Oakdell St A passenger vehicle passed through a stop sign without slowing and made contact with the rear and left side of the Zoox vehicle The Zoox vehicle incurred minor damage to its rear; left bumper and rear sensor: There were no injuries and the police were not called.,"5, 6, 7",37.439616,-122.186373,612800,1007,1,,,,,,,0,
Weride,11/3/21,3:27 PM,2019,Nissan,Leaf,87 S On-ramp from Charcot Ave,San Jose,Santa Clara,95131,Stopped in Traffic,Moving,2,Minor,Autonomous,Clear,Daylight,Dry,No Unusual Conditions,Stopped,Proceeding Straight,Rear End,Mid-Sized Car,Highway/Freeway,Vehicle 2,0,None,"At 3.27 PM on 11/03/2021, a driver from Weride was operating one of our autonomous vehicles in autonomous mode on the on-ramp to CA  87 S Charcot Avenue in North San Jose_ Our car was in the queue of traffic waiting for the metering light: While our car was stationary (0 MPH), the other car involved accelerated slightly to about 5 MPH, which resulted in a minor rear end collision: Our driver and the other party pulled over onto the shoulder: There were no injuries and information was exchanged. Since damage to OUT car was minimal, it was driven back to the office in manual mode. from",8,37.388389,-121.886316,504322,2012,2,,,,,,,0,
B,11/4/21,6:41 AM,2021,Jaguar,I-Pace,Green Street at Icehouse Alley,San Francisco,San Francisco,94111,Moving,None,1,Minor,Autonomous,Clear,Dark - Street Lights,Dry,No Unusual Conditions,Proceeding Straight,Unknown,Other,Mid-Sized Car,Intersection,Vehicle 1,0,None,"On November 4,2021 at 6.41 AM PST a Waymo Autonomous Vehicle (""Waymo AV"") operating in San Francisco, CA made contact with fixed object at the intersection of Icehouse Alley and Green Street. The Waymo AV was traveling eastbound on Green Street when the vehicle approached a partially covered manhole. The manhole cover made contact with the underside of the Waymo AV. At the time of the impact, the Waymo AV s Level 4 ADS was engaged in autonomous mode, and a test driver was present (in the driver' $ seating position). The Waymo AV sustained minor damage to the underside of the car_",19,37.800384,-122.402015,010500,1015,1,,,,,,,0,
B,11/6/21,4:28 PM,2021,Jaguar,I-Pace,Powell Street and Pacific Avenue,San Francisco,San Francisco,94133,Stopped in Traffic,Moving,2,Minor,Autonomous,Cloudy,Daylight,Dry,No Unusual Conditions,Stopped,Proceeding Straight,Rear End,Mid-Sized Car,Intersection,Vehicle 2,0,None,"On November 6, 2021 at 4.28 PM PDT a Waymo Autonomous Vehicle (""Waymo AV') operating in San Francisco, California was in a collision involving a passenger vehicle on Powell Street at Pacific Avenue_ The Waymo AV was traveling in autonomous mode southbound on Powell Street when it activated its right turn signal and prepared to make a right turn onto Pacific Avenue The Waymo AV stopped to yield to pedestrian who was in the adjacent crosswalk on Pacific Avenue A passenger vehicle behind the Waymo AV made contact with the rear of the Waymo AV. At the time of the impact, the Waymo AV's Level 4 ADS was engaged in autonomous mode; and a test driver was present (in the driver seating position). The Waymo AV sustained minor damage to its rear bumper; and the trailing passenger vehicle sustained minor damage to its front bumper.",8,37.796493,-122.410076,010701,1002,1,,,,,,,0,
B,11/6/21,1:50 AM,2021,Jaguar,I-Pace,Waller St at Alpine Terrace,San Francisco,San Francisco,94117,Stopped in Traffic,Moving,2,Minor,Autonomous,Clear,Dark - Street Lights,Dry,No Unusual Conditions,Stopped,Proceeding Straight,Side Swipe,Mid-Sized Car,Street,Vehicle 2,0,None,"On November 6, 2021 at 1.50 AM PST a Waymo Autonomous Vehicle (""Waymo AV') operating in San Francisco, CA was in a collision involving passenger vehicle at Waller Street at Alpine Terrace_ The Waymo AV was traveling westbound on Waller Street when it yielded to an oncoming passenger vehicle. As the passenger vehicle passed the stopped Waymo AV, its driver side rearview mirror made contact with Waymo AV sensor At the time of the impact, the Waymo Level 4 ADS was engaged in autonomous mode, and a test driver was present (in the driver  $ seating position). Both vehicles sustained minor damage. V's",3,37.770213,-122.437802,016700,3004,3,,,,,,,0,
Apple,11/11/21,5:01 PM,2016,Lexus,RX 45h,North Fair Oaks Ave and Kifer Road,Sunnyvale,Santa Clara,94086,Stopped in Traffic,Moving,2,None,Conventional,Clear,Daylight,Dry,No Unusual Conditions,Stopped,Passing Other Vehicle,Side Swipe,Mid-Sized Car,Street,Vehicle 2,0,None,"A test vehicle, stopped at a red light in Sunnyvale while operating in manual mode, was lightly struck 0n a sensor attached to the rear driver side wheel by a white minivan attempting to maneuver around the vehicle to enter a left turn lane. The test vehicle's sensor was not damaged. The minivan left the scene without stopping, $o any damage to the minivan is unknown: No injuries were reported, and law enforcement was not called t0 the scene",0,37.37693,-122.01982,508707,2019,2,,,,,,,0,
B,11/12/21,1:23 PM,2021,Jaguar,I-Pace,Divisadero Street and Golden Gate Avenue,San Francisco,San Francisco,94115,Stopped in Traffic,Moving,2,Minor,Autonomous,Clear,Daylight,Dry,No Unusual Conditions,Stopped,Proceeding Straight,Rear End,Mid-Sized Car,Street,Vehicle 2,0,None,"On November 12,2021 at 1.23 PM PST a Waymo Autonomous Vehicle (""Waymo AV"") operating in San Francisco, CA was in a collision involving passenger vehicle at Divisadero Street at Turk Street_ The Waymo AV was stopped at a red light on Divisadero Street at Turk Street: When the traffic light turned green, the passenger vehicle behind the Waymo AV made contact with the rear of the Waymo AV. At the time of the impact, the Waymo AV's Level 4 ADS was engaged in autonomous mode, and a test driver was present (in the driver's seating position). The Waymo AV sustained minor damage, and the trailing passenger vehicle sustained minor damage.",8,37.778724,-122.438552,015802,1002,1,,,,,,,0,
C,11/13/21,4:49 PM,2020,Chevrolet,Bolt,1100 Ocean Ave,San Francisco,San Francisco,94112,Moving,Moving,2,Minor,Autonomous,Clear,Daylight,Dry,No Unusual Conditions,Proceeding Straight,Other Unsafe Turning,Side Swipe,Mid-Sized Car,Intersection,Vehicle 2,0,None,"A Cruise autonomous vehicle (Cruise AV), operating in supervised autonomous mode, was traveling westbound on Ocean Avenue between Lee Avenue and Harold Avenue. The Cruise AV was traveling 18.8 mph upon coming to the intersection with Lee Avenue on green light. As the Cruise AV entered the intersection, a 2014 Audi made a prohibited left turn from the rightmost westbound lane 0n Ocean Ave. The Cruise AV hard braked to the Cruise AV operator disengaging the Cruise AV from autonomous mode. The Cruise AV operator continued to hard brake while steering away from the approaching vehicle but; shortly thereafter, the 2014 Audi made contact with the Cruise AV, damaging the front right of the Cruise AV and the front left bumper of the 2014 Audi. The Cruise AV was traveling 11.4 mph at the time of contact. Police were not called to the scene and no injuries were reported. prior","14, 15",37.723507,-122.453583,031000,2015,2,39.8,1675,519,87,714,275,80,131019
C,11/14/21,8:38 PM,2020,Chevrolet,Bolt,385 4th Ave,San Francisco,San Francisco,94118,Stopped in Traffic,None,2,Minor,Autonomous,Clear,Dark - Street Lights,Dry,No Unusual Conditions,Stopped,Proceeding Straight,Rear End,Mid-Sized Car,Street,Vehicle 2,0,None,"A Cruise autonomous vehicle (""Cruise AV""), operating in autonomous mode, was at a complete stop in response to a red light on southbound 4th Avenue at the intersection with Geary Boulevard: Another vehicle approaching from the rear made contact with the Cruise AV's rear bumper, damaging the rear bumper The driver of the other vehicle left the scene without exchanging information. There were no injuries and police were not called.","7, 8, 9",37.781393,-122.462318,040100,3003,3,33.6,1348,416,19,645,198,70,121397
B,11/15/21,2:20 AM,2021,Jaguar,I-Pace,40th Ave and Noriega Street,San Francisco,San Francisco,94122,Stopped in Traffic,Moving,2,Moderate,Autonomous,Clear,Dark - Street Lights,Dry,No Unusual Conditions,Stopped,Proceeding Straight,Rear End,Mid-Sized Car,Street,Vehicle 2,0,None,"On November 15,2021 at 2.20 AM PST a Waymo Autonomous Vehicle (""Waymo AV"") operating in San Francisco, CA was in collision involving a passenger vehicle at Noriega Street at 4Oth Avenue. The Waymo AV was stopped at a stop sign at Noriega Street at 4Oth Avenue when passenger vehicle made contact with the rear of the Waymo AV. At the time of the impact, the Waymo AV's Level 4 ADS was engaged in autonomous mode, and a test driver was present (in the driver' s seating position) The Waymo AV's rear bumper and undercarriage sustained moderate damage, and the passenger vehicle'$ front bumper and hood sustained moderate damage.","7, 8, 9",37.753248,-122.498972,035102,3004,3,,,,,,,0,
C,11/15/21,8:44 AM,2020,Chevrolet,Bolt,4485 I7th St,San Francisco,San Francisco,94114,Stopped in Traffic,Moving,2,None,Autonomous,Clear,Daylight,Dry,No Unusual Conditions,Stopped,Slowing/Stopping,Rear End,Mid-Sized Car,Intersection,Vehicle 2,0,None,"A Cruise autonomous vehicle (""Cruise A V"") operating in supervised autonomous mode, was at a complete stop in response to a stop sign on westbound [7th Street at the intersection with Roosevelt Another vehicle approaching from the rear made contact with the Cruise AV's rear bumper: There were no injuries and police were not called. The Cruise AV test operator later mentioned neck pain: Way.","7, 8",37.77472,-122.405119,018000,4002,4,40.7,895,436,89,201,99,70,250001
B,11/20/21,11:11 AM,2021,Jaguar,I-Pace,Steiner Street and Post Street,San Francisco,San Francisco,94115,Stopped in Traffic,Moving,2,Minor,Conventional,Clear,Daylight,Dry,No Unusual Conditions,Stopped,Xing Into Opposing Lane,Side Swipe,Mid-Sized Car,Street,Vehicle 2,0,None,"On November 20, 2021 at 11:11 AM PST a Waymo Autonomous Vehicle (""Waymo AV"") operating in San Francisco, CA was in a collision involving an SUV on the 1700 block of Steiner Street: The Waymo AV was in autonomous mode and traveling northbound o Steiner Street as it crossed the intersection at Post Street: SUV then turned right from Post Street onto Steiner Street and began closely following the Waymo AV: The Waymo AV test driver then took manual control and stopped the Waymo AV. The SUV then stopped, reversed, and drove around the Waymo AV and made contact with the Waymo AV's driver side rear fender: At the time of the impact the Waymo AV's Level 4 ADS was not engaged and a test driver was operating the Waymo AV in manual mode. The Waymo AV sustained minor damage and the SUV left the scene without exchanging information An",7,37.784943,-122.43473,015500,1004,1,,,,,,,0,
C,11/21/21,2:05 PM,2020,Chevrolet,Bolt,1277 Cayuga St,San Francisco,San Francisco,94112,Moving,Moving,2,Minor,Autonomous,Clear,Daylight,Dry,No Unusual Conditions,Proceeding Straight,Making Left Turn,Side Swipe,Mid-Sized Car,Intersection,Vehicle 2,0,None,"A Cruise autonomous vehicle (""Cruise AV""), operating in supervised autonomous mode, was at a complete stop in response to a red light on] southbound Cayuga Street at the intersection with Geneva Street: As the Cruise AV entered the intersection on green light and continued southbound on Cayuga Street, a Honda Civic traveling northbound on Cayuga Street initiated an unprotected left turn in the intersection: The Cruise AV hard braked but, shortly thereafter, the Honda Civic made contact with the Cruise A V, damaging the back left bumper of the Cruise AV. Police were not called t0 the scene and no injuries were reported.","5, 6",37.718901,-122.44338,026100,2000,2,42.3,2791,104,0,2240,403,44,99531
B,11/25/21,1:31 PM,2021,Jaguar,I-Pace,32nd Avenue and Taraval Street,San Francisco,San Francisco,94116,Moving,None,1,Minor,Conventional,Clear,Daylight,Dry,No Unusual Conditions,Making Right Turn,Unknown,Hit Object,Mid-Sized Car,Street,Vehicle 1,0,None,"On November 25, 2021 at 1.31 PM PST a Waymo Autonomous Vehicle (""Waymo AV"") operating in San Francisco, CA made contact with curb at 32nd Avenue and Taraval Street While in manual mode, the Waymo AV test driver was completing a right turn northbound 32nd Avenue onto eastbound Taraval Street when the Waymo AV's passenger side rear tire made contact with the curb at the corner of the intersection: At the time of the impact, the Waymo AV's Level 4 ADS was not engaged and a test driver was operating the Waymo AV in manual mode. The Waymo AV'$ passenger side rear tire and wheel sustained minor damage.",11,37.742436,-122.48962,033001,2004,2,,,,,,,0,
B,11/26/21,8:02 PM,2021,Jaguar,I-Pace,"Scotia Ave, Thornton Ave, and Bridgeview Dr",San Francisco,San Francisco,94124,Stopped in Traffic,Moving,2,Minor,Autonomous,Clear,Dark - Street Lights,Dry,No Unusual Conditions,Stopped,Making Left Turn,Side Swipe,Mid-Sized Car,Intersection,Vehicle 2,0,None,"On November 26,2021 at 8.02 PM PST a Waymo Autonomous Vehicle (""Waymo AV' operating in San Francisco, CA was in a collision involving a passenger vehicle at Scotia Avenue; Thornton Avenue, and Bridgeview Drive. The Waymo AV was traveling southbound on Scotia Avenue, a narrow road with vehicles parked on both sides, and approaching the intersection with Thornton Avenue and Bridgeview Drive. A passenger vehicle approaching the right of the Waymo AV on eastbound Thornton Avenue made a left turn in front of the Waymo AV to head northbound on Scotia Avenue The Waymo AV slowed to a near and nudged to its right in order to share the narTow road with the oncoming vehicle and then came to a stop at the stop sign as the oncoming vehicle completed its turn At approximately 5 mph, the turning passenger vehicle made contact with Waymo AV's sensor hardware housing on the driver side rear corner fender of the stopped Waymo AV. At the time of the impact, the Waymo AV's Level 4 ADS was engaged in autonomous mode, and a test driver was present (in the driver seating position) The Waymo AV sustained minor damage to the sensor hardware housing (which was the reason for towing the Waymo AV) and the passenger vehicle left the scene without exchanging information. from stop",6,37.733278,-122.397689,023003,2000,2,,,,,,,0,
B,11/28/21,6:08 PM,2021,Jaguar,I-Pace,Street and Franklin StreetClay,San Francisco,San Francisco,94109,Stopped in Traffic,Moving,2,Minor,Autonomous,Clear,Dark - Street Lights,Dry,No Unusual Conditions,Stopped,Proceeding Straight,Rear End,Mid-Sized Car,Street,Vehicle 2,0,None,"On November 28,2021 at 6:08 PM PST a Waymo Autonomous Vehicle (""Waymo AV"") operating in San Francisco, CA was in a collision involving a passenger vehicle at Clay Street at Franklin Street: The Waymo AV was stopped at a red light on eastbound Street at Franklin Street when a passenger vehicle struck the Waymo AV'$ rear bumper_ At the time of the impact, the Waymo AV's Level 4 ADS was engaged in autonomous mode, and a test driver was present (in the driver'$ seating position). The Waymo AV'$ rear bumper sustained damage, and the passenger vehicle's front bumper sustained damage. Clay",7,37.802997,-122.426565,012901,2005,2,,,,,,,0,
B,11/30/21,12:21 PM,2021,Jaguar,I-Pace,10 block of Castro Street,San Francisco,San Francisco,94117,Moving,Stopped in Traffic,2,Minor,Conventional,Clear,Daylight,Dry,No Unusual Conditions,Proceeding Straight,Parked,Side Swipe,Mid-Sized Car,Street,Vehicle 1,0,None,"On November 30,2021 at 12:2lpm PM PST a Waymo Autonomous Vehicle (""Waymo AV"") operating in San Francisco, CA was in a collision involving an SUV on the 10 block of Castro Street: As the Waymo AV test driver drove the Waymo AV in manual mode on southbound Castro Street between Waller Street and Lloyd Street, the passenger side mirTror of the Waymo AV made contact with a parked SUV. At the time of the impact, the Waymo AV's Level 4 ADS was not engaged and a test driver was operating the Waymo AV in manual mode. The Waymo AV sustained damage to its passenger side rearview mirror.",14,37.769079,-122.443882,017101,3001,3,,,,,,,0,
C,12/1/21,5:22 PM,2020,Chevrolet,Bolt,900 Laguna St,San Francisco,San Francisco,94115,Moving,Moving,2,Minor,Autonomous,Clear,Dark - Street Lights,Unknown,No Unusual Conditions,Stopped,Making Right Turn,Rear End,Mid-Sized Car,Street,Vehicle 2,0,None,"A Cruise autonomous vehicle (""Cruise AV""), operating in supervised autonomous mode, was at a complete stop in response to a red light onf southbound Laguna Street at the intersection with McAllister Street Another vehicle approaching from the rear made contact with the Cruise AV's rear bumper, damaging the rear right bumper: The driver of the other vehicle left the scene without exchanging information. There were no injuries and police were not called.",9,37.779108,-122.426829,016102,2005,2,44.9,2152,177,1225,341,325,84,20512
C,12/1/21,5:35 PM,2020,Chevrolet,Bolt,1219 Hayes St,San Francisco,San Francisco,94117,Moving,None,2,Minor,Conventional,Clear,Dark - Street Lights,Unknown,No Unusual Conditions,Proceeding Straight,Stopped,Rear End,Compact Car,Street,Vehicle 2,1,Injured passenger,"A Cruise autonomous vehicle (""Cruise AV""), operating in manual mode, was traveling eastbound on Hayes Street between Scott Street and Divisadero Street: As the Cruise AV approached the intersection with Divisadero Street, the Cruise AV made contact with the rear bumper ofa 2017 Toyota Prius that was stopped at the intersection: This caused damage to the front bumper of the Cruise AV and the rear bumper of the 2017 Toyota Prius. No injuries were reported at the scene by either party. A Cruise AV test driver later sought medical evaluation.","16, 17, 18",37.774924,-122.436501,016400,2004,2,36.4,692,435,90,72,57,23,147120
B,12/3/21,12:23 PM,2021,Jaguar,I-Pace,16th Street at Market and Noe Street,San Francisco,San Francisco,94114,Stopped in Traffic,Moving,2,Minor,Autonomous,Clear,Daylight,Dry,No Unusual Conditions,Stopped,Backing,Broadside,Mid-Sized Car,Street,Vehicle 2,0,None,"On December 3, 2021 at 12.23 PM PST a Waymo Autonomous Vehicle (""Waymo AV"") operating in San Francisco, CA was in collision involving a passenger vehicle at I6th Street at Market and Street. As the Waymo AV approached the intersection of I6th Street and Market Street, it stopped behind traffic at a red light After the Waymo AV was fully stopped, passenger vehicle reversed out of a parking spot perpendicular to the Waymo AV and made contact with the passenger side rear corner of the Waymo AV_ At the time of the impact, the Waymo AV's Level ADS was engaged in autonomous mode_ and a test driver was present in the driver seating position. Both vehicles sustained minor damage to their rear bumpers. Noe","8, 9",37.764196,-122.433074,020300,3004,3,,,,,,,0,
B,12/4/21,4:10 PM,2021,Jaguar,I-Pace,19th Avenue and Winston Drive,San Francisco,San Francisco,94132,Moving,Moving,2,Minor,Conventional,Clear,Daylight,Dry,No Unusual Conditions,Proceeding Straight,Changing Lanes,Broadside,Mid-Sized Car,Street,Vehicle 1,0,None,"On December 4, 2021 at 4:10 PM PST a Waymo Autonomous Vehicle ""~Waymo AV"") operating in San Francisco, CA was in collision involving an SUV on Winson Drive between 19th and 2Oth Avenues_ While in autonomous mode, the Waymo AV turned right from southbound 19th Avenue onto westbound Winston Drive. As the Waymo AV proceeded onto Winston Drive in the far right lane, an SUV also proceeding westbound on Winston Drive made a continuous right lane change from the far left lane, through the middle lane, and entered the far right lane in front of the Waymo AV. The Waymo AV was decelerating when the test driver transitioned to manual mode. The Waymo AV then made contact with the SUV. At the time of the impact, the Waymo AV s Level 4 ADS was not engaged and a test driver (in the driver's seating position) was operating the Waymo AV in manual mode. The Waymo AV sustained damage to its front driver side fender and the SUV sustained damage to its front passenger side fender","1, 18",37.726991,-122.4749,030900,6024,6,,,,,,,0,
Apple,12/6/21,5:53 PM,2016,Lexus,RX 45h,El Camino Real & 604 El Camino Real Parking Exit,Sunnyvale,Santa Clara,94087,Moving,Moving,2,Moderate,Conventional,Cloudy,Dark - Street Lights,Dry,No Unusual Conditions,Proceeding Straight,Making Right Turn,Head On,Mid-Sized Car,Street,Vehicle 1,0,None,"A test vehicle operating in manual mode was traveling Southeast on El Camino Real in Sunnyvale, and had just crossed Fair Oaks Avenue when a white Lexus RX 350 vehicle pulled out ofa parking lot without yielding to oncoming traffic. The driver of the test vehicle braked but was unable to stop before making contact with the front driver's side of the Lexus. No injuries were reported and law enforcement was not called to the scene_","16, 17, 18",37.360964,-122.024933,508503,2000,2,38.4,1593,328,0,1130,75,0,169722
B,12/7/21,10:47 AM,2021,Jaguar,I-Pace,Oak Street & Stanyan Street,San Francisco,San Francisco,94117,Stopped in Traffic,Moving,2,Minor,Autonomous,Clear,Daylight,Dry,No Unusual Conditions,Stopped,Proceeding Straight,Rear End,Mid-Sized Car,Street,Vehicle 2,0,None,"On December 7, 2021 at 10.47 AM PST a Waymo Autonomous Vehicle (""Waymo AV"") operating in San Francisco, CA was in a collision involving an SUV at Oak Street at Stanyan Street. While in autonomous mode, the Waymo AV came to a stop at a stop sign on Oak Street  While the ADV was stopped, waiting for a pedestrian to cross and for traffic o Stanyan Street to clear; an SUV approached the Waymo AV from behind and made contact with the rear of the Waymo AV_ At the time of the impact, the Waymo AV's Level 4 ADS was engaged in autonomous mode, and a test driver was present (in the driver's seating position) The Waymo AV sustained minor damage to the rear bumper:","7, 8, 9",37.771229,-122.452242,016602,1002,1,,,,,,,0,
A,12/8/21,10:00 AM,2016,Toyota,Highlander,Intersection of Montgomery and Pacific,San Francisco,San Francisco,94112,Stopped in Traffic,Moving,2,Minor,Conventional,Clear,Daylight,Dry,No Unusual Conditions,Making Left Turn,Proceeding Straight,Side Swipe,Truck/Bus,Intersection,Vehicle 2,0,None,"A Zoox vehicle was stopped in manual mode while exiting the intersection of Montgomery St. and Pacific St. as a truck entered the intersection_ While the truck began to make a left turn behind the Zoox vehicle, it made contact with the Zoox rear radar and camera on the driver's side. There were no injuries and the police were not called: large pod",6,37.721981,-122.439382,026100,1003,1,,,,,,,0,
B,12/11/21,2:28 AM,2021,Jaguar,I-Pace,1900 Noriega Street,San Francisco,San Francisco,94122,Moving,None,1,Minor,Conventional,Cloudy,Dark - Street Lights,Dry,No Unusual Conditions,Parking Maneuver,Unknown,Hit Object,Mid-Sized Car,Parking,Vehicle 1,0,None,"On December 11,2021 at 2.28 AM PST a Waymo Autonomous Vehicle (""Waymo AV') operating in San Francisco was in a collision involving a concrete post in the parking lot at 1900 Noriega Street: At the time of the impact, the Waymo AV's Level 4 ADS was not engaged and a test driver was operating the Waymo in manual mode_ The operator of the vehicle was attempting to reverse into a parking spot when the right rear sensor of the vehicle struck a concrete post adjacent to the parking spot The Waymo AV sustained minor damage to the right rear sensor housing: AV casing",10,37.754153,-122.484342,032802,3004,3,43.1,1295,471,8,791,25,0,179853
C,12/11/21,4:47 PM,2020,Chevrolet,Bolt,460 Larkin St,San Francisco,San Francisco,94102,Stopped in Traffic,Moving,2,Minor,Autonomous,Clear,Daylight,Dry,No Unusual Conditions,Stopped,Making Left Turn,Rear End,Mid-Sized Car,Intersection,Vehicle 1,0,None,"A Cruise autonomous vehicle (""Cruise AV""), operating in supervised autonomous mode, was at a complete stop in response to a red light on] northbound Larkin Street at the intersection with Turk Street The Cruise AV entered the intersection on a green light and continued straight when a traveling eastbound on Turk Street entered the crosswalk: The Cruise AV braked to the cyclist and, shortly thereafter; another vehicle traveling behind the Cruise AV made contact with the Cruise A rear bumper, damaging the rear left bumper: The driver of the other vehicle left the scene without exchanging information. There were no injuries and were not called. cyclist- V's police","7, 8",37.782202,-122.417089,012403,2000,2,50.7,891,95,20,451,248,77,0
C,12/15/21,8:44 AM,2020,Chevrolet,Bolt,4485 17th St,San Francisco,San Francisco,94114,Stopped in Traffic,Moving,2,None,Autonomous,Clear,Daylight,Dry,No Unusual Conditions,Stopped,Slowing/Stopping,Rear End,Mid-Sized Car,Intersection,Vehicle 2,1,Later reported neck pain,"A Cruise autonomous vehicle (""Cruise AV""), operating in supervised autonomous mode, was at a complete stop in response to a stop sign on westbound 17th Street at the intersection with Roosevelt Way. Another vehicle approaching from the rear made contact with the Cruise AV's rear bumper. There were no injuries and police were not called. The Cruise AV test operator later mentioned neck pain.","7, 8",37.761674,-122.444946,020401,1000,1,45.2,1218,788,33,97,170,130,172788
B,12/19/21,10:30 AM,2021,Jaguar,I-Pace,Fulton Street and Sth Avenue,San Francisco,San Francisco,94118,Stopped in Traffic,Moving,2,Minor,Autonomous,Clear,Daylight,Dry,No Unusual Conditions,Stopped,Backing,Broadside,Mid-Sized Car,Street,Vehicle 2,0,None,"On December 19,2021 at 10.30 AM PST a Waymo Autonomous Vehicle (""Waymo AV') operating in San Francisco, CA was in a collision involving a passenger vehicle at Fulton Street and Sth Avenue  At the time of the impact, the Waymo AV's Level 4 ADS was engaged in autonomous mode; and a test driver was present (in the driver seating position) The Waymo AV was stopped southwest on Fulton Street while yielding to pedestrians in crosswalk when a passenger vehicle reversed at a low an adjacent driveway into the right rear bumper of the Waymo AV. Both vehicles sustained minor damage. facing speed from",10,37.778779,-122.459982,045100,1002,1,,,,,,,0,
B,12/22/21,12:35 AM,2021,Jaguar,I-Pace,Cesar Chavez and Valencia St,San Francisco,San Francisco,94110,Moving,Moving,2,Moderate,Conventional,Raining,Dark - Street Lights,Wet,No Unusual Conditions,Proceeding Straight,Proceeding Straight,Broadside,Mid-Sized Car,Intersection,Vehicle 2,0,None,"On December 22,2021 at 12.35 AM PST a Waymo Autonomous Vehicle (""Waymo AV') operating in San Francisco, California was in a collision involving a passenger vehicle at Cesar Chavez and Valencia Street: While traveling in manual mode at approximately 25 MPH 0n westbound Cesar Chavez, the Waymo AV proceeded through a green light into the intersection at Valencia Street: A passenger vehicle traveling southbound on Valencia Street with no headlights on entered the same intersection against the light; making contact with the Waymo AV at approximately 14 MPH: At the time of the impact, the Waymo AV'$ Level 4 ADS was not engaged and a test driver was operating the Waymo AV in manual mode. The Waymo AV sustained moderate damage to the passenger side rear quarter panel. The other vehicle left the scene without exchanging information.","10, 11",37.748125,-122.420279,025300,4001,4,,,,,,,0,
C,12/26/21,6:41 PM,2020,Cruise,AV,799 14th Ave,San Francisco,San Francisco,94118,Moving,Moving,2,Minor,Autonomous,Raining,Dark - Street Lights,Wet,No Unusual Conditions,Proceeding Straight,Entering Traffic,Broadside,Mid-Sized Car,Intersection,Vehicle 2,0,None,"A Cruise autonomous vehicle (""Cruise operating in supervised autonomous mode, was traveling eastbound on Fulton Street in the leftmost lane between 14th Avenue and Park Presidio Boulevard. Toyota Sienna traveling southbound on [4th Avenue made an unprotected left turn to merge onto eastbound Fulton Street: The Cruise AV braked to the Cruise AV operator disengaging the Cruise AV autonomous mode_ The Cruise AV operator continued to brake but, shortly thereafter, the Toyota Sienna made contact with the Cruise AV, damaging the front left fender of the Cruise AV. Police were not called to the scene and no injuries were reported: AV""); prior from","1, 2",37.773105,-122.472475,980300,1007,1,34.7,25,14,0,5,6,0,149688
B,1/1/22,2:04 AM,2021,Jaguar,I-Pace,Marin Street at Kansas Street,San Francisco,San Francisco,94124,Moving,Moving,2,Moderate,Conventional,Clear,Dark - Street Lights,Dry,No Unusual Conditions,Proceeding Straight,Xing Into Opposing Lane,Side Swipe,Mid-Sized Car,Street,Vehicle 2,0,None,"On January 1,2021 at 2.04 AM PST a Waymo Autonomous Vehicle (~Waymo AV"") operating in San Francisco, California was in a collision involving a passenger vehicle at Marin Street and Kansas Street: While proceeding straight in autonomous mode on westbound Marin Street, passenger vehicle turned right onto Marin Street Kansas Street; crossing the center lane line and traveling in the oncoming traffic lane_ The driver of the Waymo AV transitioned the system into manual mode and slowed, and moved to the right most edge of the lane. The oncoming passenger vehicle struck the left side of the Waymo AV and immediately proceeded to leave the scene of the collision. At the time of the impact, the Waymo AV's Level 4 ADS was not engaged and a test driver was operating the Waymo AV in manual mode. The Waymo AV sustained moderate damage to the left front panell and both doors on the left side of the vehicle. from","2, 3, 4",37.749396,-122.402062,980900,1021,1,,,,,,,0,
B,1/3/22,9:00 AM,2021,Jaguar,I-Pace,100 Block of Bayshore Blvd,San Francisco,San Francisco,94124,Moving,Moving,2,Minor,Autonomous,Clear,Daylight,Dry,No Unusual Conditions,Slowing/Stopping,Proceeding Straight,Rear End,Truck/Bus,Intersection,Vehicle 2,0,None,"On January 3, 2021 at 9.00 AM PST a Waymo Autonomous Vehicle (""Waymo AV"") operating in San Francisco, California was in a collision involving a heavy truck at the northbound merge lane on the 100 block of Bayshore Boulevard At the time of the impact, the Waymo AV's Level 4 ADS was engaged in autonomous mode; and a test driver was present (in the driver $ seating position) While attempting merge onto northbound Bayshore Boulevard from southbound Bayshore Boulevard, the Waymo AV came to a stop to yield for approaching traffic on the right: The Waymo AV was rear ended by the truck, causing minor damage to the right rear bumper of the Waymo AV. The truck sustained damage to the left front bumper:","9, 10",37.73123,-122.382857,023102,2004,2,,,,,,,0,
A,1/4/22,11:30 AM,2016,Toyota,Highlander,Montgomery Street after theStreet IntersectionClay,San Francisco,San Francisco,94111,Stopped in Traffic,Moving,2,None,Conventional,Cloudy,Daylight,Wet,No Unusual Conditions,Stopped,Backing,Head On,Mid-Sized Car,Street,Vehicle 2,0,None,"A Zoox vehicle in manual mode came to a stop behind a passenger vehicle that was attempting to parallel park o Montgomery Street While reversing, the passenger vehicle made contact with the front vehicle sensors of the Zoox vehicle. There were no injuries and the police were not called.","8, 17",37.795323,-122.403111,061101,2014,2,51.1,1045,46,0,931,14,54,14943
B,1/6/22,9:25 AM,2021,Jaguar,I-Pace,Divisadero Street and Geary Boulevard,San Francisco,San Francisco,94115,Moving,Moving,2,Moderate,Conventional,Clear,Daylight,Dry,No Unusual Conditions,Proceeding Straight,Changing Lanes,Side Swipe,Compact Car,Street,Vehicle 2,0,None,"On January 6, 2022 at 9.25 AM PST a Waymo Autonomous Vehicle (""Waymo AV"") operating in San Francisco, California was in a collision involving a passenger vehicle at Divisadero Street and Geary Boulevard. While the Waymo AV was proceeding straight in manual mode in the right lane on northbound Divisadero Street; a passenger vehicle in the left lane attempted an abrupt lane change at the entrance to the intersection at Geary Boulevard as the Waymo AV was approaching the intersection. The front left fender of the Waymo AV made contact with the right panel of the passenger vehicle: At the time of the impact, the Waymo AV's Level 4 ADS was not engaged and a test driver was operating the Waymo AV in manual mode. Both vehicles sustained moderate damage: front","1, 18",37.783308,-122.43948,015801,2005,2,,,,,,,0,
A,1/11/22,8:55 AM,2016,Toyota,Highlander,13th and Bryant St.,San Francisco,San Francisco,94103,Stopped in Traffic,Moving,2,Moderate,Autonomous,Clear,Daylight,Dry,No Unusual Conditions,Stopped,Proceeding Straight,Rear End,Mid-Sized Car,Street,Vehicle 2,0,None,A stopped Zoox vehicle in autonomous mode was struck by a passenger vehicle that approached it at low speed from behind. The Zoox vehicle incurred damage to its sensors and rear bumper: There were no injuries and the police were not called:,8,37.769577,-122.413347,017700,1007,1,,,,,,,0,
A,1/16/22,1:57 PM,2016,Toyota,Highlander,Alameda St: & Potrero Ave_,San Francisco,San Francisco,94103,Stopped in Traffic,Moving,2,Minor,Conventional,Clear,Daylight,Dry,No Unusual Conditions,Stopped,Proceeding Straight,Rear End,Mid-Sized Car,Intersection,Vehicle 2,0,None,"A Zoox vehicle in manual mode was stopped while waiting to make a left turn, when it was rear-ended by a passenger vehicle. The Zoox vehicle incurred minor damage to its sensors and rear bumper. There were no injuries and the police were not called.","7, 8, 9",37.768353,-122.407813,017700,1005,1,,,,,,,0,
B,1/18/22,5:20 PM,2021,Jaguar,I-Pace,14 Street and S Van Ness Avenue,San Francisco,San Francisco,94103,Moving,Moving,2,Moderate,Conventional,Clear,Daylight,Dry,No Unusual Conditions,Proceeding Straight,Proceeding Straight,Broadside,Compact Car,Intersection,Vehicle 2,0,None,"On January 18,2022 at 5.20 PM PST a Waymo Autonomous Vehicle ~~Waymo AV"") operating in San Francisco, CA was in a collision involving passenger vehicle on ]4th Street at S_ Van Ness Avenue_ The Waymo AV was in autonomous mode on eastbound ]4th Street as it approached S. Ness Avenue. The test driver (in the driver' $ seating position) transitioned to manual mode before reaching the intersection_ The Waymo AV then proceeded through a green light into the intersection in manual mode. A passenger vehicle traveling northbound on S. Ness Avenue then entered the intersection against its red light, making contact with the front of the Waymo AV. At the time of the impact; the Waymo AV'$ Level 4 ADS was not engaged and test driver was operating the Waymo AV in manual mode. The Waymo AV sustained damage to its front fascia and the passenger vehicle sustained damage to its driver side doors. Van Van","16, 17, 18",37.768405,-122.417802,017700,2009,2,,,,,,,0,
B,1/20/22,2:24 PM,2021,Jaguar,I-Pace,Polk Street at Sacramento Street,San Francisco,San Francisco,94109,Stopped in Traffic,Moving,2,Minor,Autonomous,Clear,Daylight,Dry,No Unusual Conditions,Stopped,Entering Traffic,Rear End,Mid-Sized Car,Intersection,Vehicle 2,0,None,"On January 20, 2022 at 2.24 PM PST a Waymo Autonomous Vehicle ~~Waymo AV"") operating in San Francisco, California was in a collision involving a passenger vehicle on Polk Street at Sacramento Street: The Waymo AV was stopped at a red light facing north on Polk Street in autonomous mode at the Sacramento Street intersection: The light turned green and the Waymo AV proceeded partially into the intersection, yielding to pedestrians in the left crosswalk while preparing to make a left turn_ A passenger vehicle parked behind the Waymo AV on the right shoulder of Sacramento street pulled out of the shoulder and made contact with the right side of the rear of the Waymo AV. At the time of the impact, the Waymo AV's Level 4 ADS was engaged in autonomous mode, and a test driver was present: The Waymo AV sustained minor damage.",9,37.791495,-122.420873,011101,1002,1,,,,,,,0,
B,1/20/22,8:36 PM,2021,Jaguar,I-Pace,Sunset Boulevard and Judah Street,San Francisco,San Francisco,94122,Moving,Moving,2,Minor,Conventional,Other,Dark - Street Lights,Dry,No Unusual Conditions,Proceeding Straight,Proceeding Straight,Rear End,Mid-Sized Car,Intersection,Vehicle 2,0,None,"On January 20, 2022 at 8.36 PM PST a Waymo Autonomous Vehicle (""Waymo AV"") operating in San Francisco, California was in a collision involving a passenger vehicle on Sunset Boulevard and Judah Street: While proceeding straight on northbound Sunset Boulevard in manual mode, the operator of the Waymo AV slowed the vehicle while approaching stopped traffic at the Judah Street intersection. A passenger vehicle approached from behind and made contact with the rear of the Waymo AV, then immediately left the scene of the collision: At the time of the impact, the Waymo AV's Level ADS was not engaged and a test driver was operating the Waymo AV in manual mode. The Waymo AV sustained minor damage.","7, 8, 9",37.760874,-122.495749,032700,7006,7,,,,,,,0,
B,1/22/22,2:11 AM,2021,Jaguar,I-Pace,Folsom Street and 23rd Street,San Francisco,San Francisco,94110,Moving,Moving,2,Minor,Conventional,Clear,Dark - Street Lights,Dry,No Unusual Conditions,Proceeding Straight,Making Left Turn,Side Swipe,Two-Wheels,Intersection,Vehicle 2,0,None,"On January 22,2022 at 2:11 AM PST a Waymo Autonomous Vehicle (""Waymo AV"") operating in San Francisco, CA was in a collision involving motorcycle on Folsom Street at 23rd Street: The Waymo AV was in autonomous mode on southbound Folsom Street in the intersection with 23rd Street, when the Waymo AV to slow for a motorcyclist traveling on northbound Folsom Street signaling to make an unprotected left turn onto 23rd Street The test driver (in the driver's seating position) transitioned to manual mode and continued to slow the Waymo AV. The motorcyclist attempted to turn behind the Waymo AV and made contact with the left rear corner of the Waymo AV. The motorcyclist remained upright and rode away without stopping to provide any information. At the time of the impact, the Waymo AV's Level 4 ADS was not engaged and a test driver was operating the Waymo AV in manual mode. The Waymo AV sustained damage to the driver's side of the rear bumper. began",6,37.754099,-122.414234,022803,1002,1,,,,,,,0,
C,1/26/22,3:56 AM,2020,Cruise,AV,198 10 St,San Francisco,San Francisco,94103,Moving,Moving,2,Minor,Autonomous,Clear,Dark - Street Lights,Dry,No Unusual Conditions,Proceeding Straight,Traveling Wrong Way,Broadside,Mid-Sized Car,Intersection,Vehicle 2,0,None,"A Cruise autonomous vehicle (""Cruise AV"") , operating in supervised autonomous mode, was traveling southbound on 1Oth Street between Howard Street and Mission Street: The Cruise AV was traveling 24.9 mph upon coming to the intersection with Howard Street on a green light: As the Cruise A V entered the intersection, 2021 Range Rover was traveling the wrong way on a one-way section of Howard Street: The 2021 Range Rover was traveling eastbound on Howard Street and entered the intersection on red light: The Cruise AV braked prior to the Cruise AV operator disengaging the Cruise AV from autonomous mode The Cruise AV operator continued to brake while steering away the approaching vehicle but, shortly thereafter, the 2021 Range Rover made contact with the Cruise AV, damaging the front right of the Cruise AV and the front left bumper of the 2021 Range Rover: The Cruise AV was traveling 11.2 mph at the time of contact Police were called to the scene and no injuries were reported from","14, 15, 16",37.774193,-122.414368,017603,3004,3,49.2,574,120,0,185,259,10,11657
B,1/28/22,8:40 PM,2021,Jaguar,I-Pace,Noriega Street at 2Sth Avenue,San Francisco,San Francisco,94122,Moving,Moving,2,Moderate,Autonomous,Clear,Dark - Street Lights,Dry,No Unusual Conditions,Proceeding Straight,Proceeding Straight,Rear End,Mid-Sized Car,Intersection,Vehicle 2,0,None,"On January 28,2022 at 8:40 PM PST a Waymo Autonomous Vehicle ~~Waymo AV"") operating in San Francisco, CA was in a collision involving SUV on Noriega Street at 2Sth Avenue_ While proceeding straight on eastbound Noriega Street in autonomous mode, the Waymo AV slowed down and came to a halt at the stop sign at the intersection with 2Sth Avenue. As the Waymo began to proceed, a SUV approached the Waymo A V from behind and made contact with the rear of the Waymo AV. At the time of the impact; the Waymo AV's Level 4 ADS was engaged in autonomous mode, and a test driver was present (in the driver' $ seating position). Both vehicles sustained moderate damage.","7, 8",37.753941,-122.486547,032902,1000,1,48.7,1202,245,0,880,41,36,93000
B,1/28/22,6:30 AM,2021,Jaguar,I-Pace,Franklin Street at Golden Gate Avenue,San Francisco,San Francisco,94102,Moving,Moving,2,Minor,Autonomous,Clear,Dusk-Dawn,Dry,No Unusual Conditions,Proceeding Straight,Proceeding Straight,Rear End,Compact Car,Street,Vehicle 2,0,None,"On January 28,2022 at 6.30 AM PST a Waymo Autonomous Vehicle (""Waymo AV"") operating in San Francisco, California was in a collision involving a passenger vehicle on Franklin Street at Golden Gate Avenue. The Waymo AV was stopped at a red light on northbound Franklin Street at Golden Gate Avenue. After the traffic light turned green and the Waymo AV had begun to accelerate, the passenger vehicle behind the Waymo A V struck the rear of the Waymo AV. At the time of the impact, the Waymo AV's Level 4 ADS was engaged in autonomous mode, and a test driver was present (in the driver's seating position). The Waymo AV sustained minor damage, and the trailing passenger vehicle sustained minor damage.","8, 9",37.78082,-122.422087,016000,1007,1,,,,,,,0,
C,1/29/22,1:10 PM,2020,Cruise,AV,280 Potrero AV,San Francisco,San Francisco,94103,Moving,None,1,None,Autonomous,Clear,Daylight,Dry,Unknown,Making Right Turn,Proceeding Straight,Rear End,Two-Wheels,Intersection,Vehicle 2,1,Cyclist 3 reported minor injuries ,"A Cruise autonomous vehicle (""Cruise AV"") , operating in supervised autonomous mode, was traveling southbound on Potrero Avenue between ]Sth Street and I6th Street_ The Cruise A V approached the intersection with I6th Street as Toyota Tundra traveling southbound on Potrero Avenue was making a right turn onto westbound 16th street_ The Toyota Tundra was yielding for pedestrians and blocking the bike lane on southbound Potrero Avenue with Cyclist 1 and Cyclist 2 approaching: The Cruise AV braked for the two cyclists as Cyclist 3 traveling behind the Cruise AV veered left to avoid another vehicle pulling out of a curbside parking spot: Cyclist 3 then made contact with the right rear bumper of the Cruise AV, falling off their bike. Cyclist 3 reported minor injuries related to the incident and police were not called.",0,37.766008,-122.407737,017700,1015,1,33.9,372,165,5,86,98,18,165789
B,2/1/22,8:44 AM,2021,Jaguar,I-Pace,Clipper Street and Noe Street,San Francisco,San Francisco,94114,Stopped in Traffic,Moving,2,Minor,Autonomous,Clear,Daylight,Dry,No Unusual Conditions,Stopped,Xing Into Opposing Lane,Rear End,Mid-Sized Car,Street,Vehicle 2,0,None,"On February 1, 2022 at 844 AM PST a Waymo Autonomous Vehicle (""Waymo AV"") operating in San Francisco, California was in a collision involving a SUV on Clipper Street and Noe Street The Waymo AV was stopped at a stop sign facing west on Clipper Street in autonomous mode while yielding to pedestrians in the crosswalk After the pedestrians had crossed, the Waymo started to edge forward when an SUV to the Waymo AV S rear passed the Waymo AV by driving in the oncoming traffic lane and made contact with the left rear sensor housing of the Waymo AV. At the time of the impact, the Waymo AV s Level 4 ADS was engaged in autonomous mode and a test driver was present (in the driver's seating position) The Waymo AV sustained minor damage.",7,37.749027,-122.43164,021400,3006,3,,,,,,,0,
B,2/4/22,11:00 AM,2021,Jaguar,I-Pace,2nd Avenue and Fulton Street,San Francisco,San Francisco,94118,Moving,Moving,2,Minor,Conventional,Clear,Daylight,Dry,No Unusual Conditions,Parked,Backing,Broadside,Mid-Sized Car,Parking,Vehicle 2,0,None,"On February 4,2022 at 11:00 AM PST a Waymo Autonomous Vehicle (""Waymo AV') operating in San Francisco, California was in a collision involving a passenger vehicle on 2nd Avenue at Fulton Street: While the Waymo AV was parked on the right side of the road on Znd Avenue, a passenger vehicle reversed out of an adjacent driveway and made contact with the front right bumper of the Waymo AV. At the time of the impact, the Waymo AV's Level 4 ADS was not engaged and a test driver was operating the Waymo AV in manual mode. Both vehicles sustained minor damage.",15,37.775566,-122.459589,045100,1007,1,,,,,,,0,
A,2/5/22,8:55 PM,2016,Toyota,Highlander,Brannan and 7th Intersection,San Francisco,San Francisco,94103,Stopped in Traffic,Moving,2,None,Autonomous,Clear,Daylight,Dry,No Unusual Conditions,Stopped,Proceeding Straight,Rear End,Mid-Sized Car,Street,Vehicle 2,0,None,A Zoox vehicle in autonomous mode was stopped at a traffic light on Brannan Street at 7th Street when passenger vehicle hit the Zoox vehicle behind. The passenger vehicle left the scene without exchanging information There were no injuries and the police were not called: from,0,37.77305,-122.403205,018000,3001,3,,,,,,,0,
A,2/6/22,8:40 AM,2016,Toyota,Highlander,Treat Avenue,San Francisco,San Francisco,94103,Stopped in Traffic,Moving,2,None,Conventional,Clear,Daylight,Dry,No Unusual Conditions,Stopped,Xing Into Opposing Lane,Head On,Two-Wheels,Street,Vehicle 2,0,None,A Zoox vehicle in manual mode was stopped on Treat when bicyclist on the wrong side of the street rode into the front bumper of the Zoox vehicle. The Zoox vehicle did not incur any damage. There were no injuries and the police were not called: riding Ave;,0,37.758151,-122.413689,022801,3006,3,37.9,1380,684,1,110,468,117,140288
B,2/6/22,1:53 PM,2021,Jaguar,I-Pace,Pine Street at Fillmore Street,San Francisco,San Francisco,94115,Stopped in Traffic,Moving,3,Moderate,Conventional,Clear,Daylight,Dry,No Unusual Conditions,Stopped,Changing Lanes,Side Swipe,Mid-Sized Car,Street,Vehicle 2,1,Reported minor discomfort but did not require medical attention ,"On February 6, 2022 at 1:53 PM PST a Waymo Autonomous Vehicle ~~Waymo AV"") operating in San Francisco, California was in a collision involving a passenger vehicle on Pine Street at Fillmore Street The Waymo AV was stopped in the right lane of a three lane, one-way street in manual mode while boarding a passenger: A passenger vehicle stopped behind the Waymo AV then attempted to go around the Waymo AV, attempting to merge with traffic in the center lane but colliding instead with a third passenger vehicle and also making contact with the Waymo AV At the time of the impact, the Waymo A Level 4 ADS was not engaged and a test driver was operating the Waymo AV in manual mode. The Waymo AV and the passenger vehicle that made contact with it sustained moderate damage. The third vehicle sustained minor damage. The Waymo AV passenger reported minor discomfort at the scene but advised they did not require medical attention: V's",6,37.787949,-122.433647,015202,2003,2,,,,,,,0,
B,2/8/22,8:56 AM,2021,Jaguar,I-Pace,Harrison Street and 9th Street,San Francisco,San Francisco,94103,Moving,Stopped in Traffic,2,None,Conventional,Clear,Daylight,Dry,No Unusual Conditions,Slowing/Stopping,Stopped,Other,Mid-Sized Car,Intersection,Vehicle 2,0,None,"On February 8, 2022 at 8.56 AM PST, Waymo Autonomous Vehicle (""Waymo AV"") operating in San Francisco, California was in a collision involving a passenger vehicle on Harrison Street at 9th Street: The Waymo AV was traveling southbound on Harrison Street in manual mode, and began slowing for a red light as it approached the intersection of 9th Street: The Waymo AV was in the second lane from the left on a one-way street_ A passenger in a taxi cab that was stopped in the lane to the left of the Waymo AV opened the rear passenger door as the Waymo AV was coming to a stop. The edge of the taxi cab s door made contact with the Waymo AV. At the time of the impact, the Waymo AV's Level 4 ADS was not engaged and a test driver was operating the Waymo AV in manual mode. The other vehicle sustained minor damage.",0,37.772526,-122.410077,017803,2002,2,,,,,,,0,
B,2/9/22,5:46 PM,2021,Jaguar,I-Pace,Parker Avenue at McAllister Street,San Francisco,San Francisco,94118,Moving,Moving,1,Minor,Conventional,Clear,Daylight,Dry,No Unusual Conditions,Proceeding Straight,Unknown,Side Swipe,Two-Wheels,Intersection,Vehicle 2,0,None,"On February 9, 2022 at 5:46 PM PST a Waymo Autonomous Vehicle ~~Waymo AV"") operating in San Francisco, CA was in a collision involving bicyclist on Parker Avenue at McAllister Street_ The Waymo AV was in autonomous mode and traveling southbound on Parker Avenue when it came to a stop at McAllister Street: the Waymo AV proceeded, bicyclist traveling northbound on Parker Avenue proceeded through the stop sign without stopping in order to make a left turn onto westbound McAllister Street  The Waymo AV began to brake and the test driver (in the driver's seating position), disengaged the AV system and continued braking; As the bicyclist attempted to complete their left turn, the bicyclist made contact with the driver side rear corner of the Waymo AV. At the time of the impact, the Waymo AV's Level 4 ADS was not engaged and a test driver was operating the Waymo AV in manual mode. The Waymo sustained damage. As",6,37.775749,-122.452964,015701,2003,2,,,,,,,0,
B,2/9/22,3:05 PM,2021,Jaguar,I-Pace,Coral Road at Wisconsin Street,San Francisco,San Francisco,94107,Stopped in Traffic,Moving,2,Minor,Autonomous,Clear,Daylight,Dry,Reduced Roadway Width,Stopped,Proceeding Straight,Side Swipe,Truck/Bus,Street,Vehicle 2,0,None,"On February 9,2022 at 3.05 PM PST a Waymo Autonomous Vehicle (""Waymo AV"") operating in San Francisco, California was in a collision involving a pick-up truck on Coral Road at Wisconsin Street The Waymo AV was traveling westbound on Coral Road in autonomous mode and came to stop while yielding to an oncoming pick-up truck in a narrow roadway_ The oncoming truck continued proceeding straight and made contact with the rear left sensor of the Waymo AV_ At the time of the impact, the Waymo AV s Level 4 ADS was engaged in autonomous mode, and a test driver was present (in the driver'$ seating position) Both vehicles sustained minor damage.",6,37.753822,-122.398606,061401,1001,1,,,,,,,0,
B,2/10/22,8:00 PM,2021,Jaguar,I-Pace,Broadway at Montgomery Street,San Francisco,San Francisco,94133,Moving,None,1,Minor,Conventional,Clear,Dark - Street Lights,Dry,No Unusual Conditions,Backing,Unknown,Hit Object,None,Parking,Vehicle 1,0,None,"On February 10, 2022 at &.00 PM PST a Waymo Autonomous Vehicle ""~Waymo AV"") operating in San Francisco, California was in a collision involving a in parking structure on Broadway at Montgomery Street: While reversing out of a parked position in manual mode, the test driver of the Waymo AV struck a At the time of the impact, the Waymo AV's Level 4 ADS was not engaged and a test driver was operating the Waymo AV in manual mode_ The Waymo AV sustained minor damage to the rear bumper: pole pole.",7,37.797925,-122.407329,010701,2000,2,62,1978,24,0,1936,18,0,21003
B,2/11/22,2:07 AM,2021,Jaguar,I-Pace,Mission Street and Silver Avenue,San Francisco,San Francisco,94112,Stopped in Traffic,Moving,2,Major,Conventional,Clear,Dark - Street Lights,Dry,No Unusual Conditions,Stopped,Other Unsafe Turning,Broadside,Mid-Sized Car,Intersection,Vehicle 2,1,Driver of the other vehicle was transported from the scene by first responders with injuries,"On February 11,2022 at 2:07 AM PST a Waymo Autonomous Vehicle (""Waymo AV') operating in San Francisco was in a collision involving passenger vehicle on Silver Avenue at Mission Street_ After making a right turn onto southbound Silver Avenue from Mission Street in manual mode, the test driver of the Waymo AV pulled over to the right shoulder of Silver Avenue while waiting for emergency vehicles to pass. A moment later, a passenger vehicle turned right onto Silver Avenue Mission Street into the oncoming traffic lane and swerved into the driver door of the Waymo AV. At the time of the impact; the Waymo AV's Level 4 ADS was not engaged and a test driver was operating the Waymo AV in manual mode. Both vehicles sustained major damage. The driver of the other vehicle was transported from the scene by first responders with injuries. from","2, 3, 4",37.72873,-122.431294,025502,1011,1,,,,,,,0,
B,2/11/22,5:36 PM,2021,Jaguar,I-Pace,Market Street and Valencia Street,San Francisco,San Francisco,94103,Moving,Moving,2,Minor,Autonomous,Cloudy,Daylight,Dry,No Unusual Conditions,Stopped,Proceeding Straight,Rear End,Compact Car,Street,Vehicle 2,0,None,"On February 11, 2022 at 5.36 PM PST a Waymo Autonomous Vehicle ""~Waymo AV"") operating in San Francisco, California was in a collision involving a passenger vehicle on Market Street and Valencia Street The Waymo AV was approaching stopped traffic in the left turn lane on Market Street at Valencia Street when passenger vehicle approached from behind and made contact with the rear bumper of the Waymo AV. The other vehicle left the scene without exchanging information At the time of the impact, the Waymo AV's Level 4 ADS was engaged in autonomous mode, and a test driver was present (in the driver seating position) The Waymo AV sustained minor damage.",8,37.771937,-122.42325,020202,1001,1,,,,,,,0,
C,2/11/22,12:42 AM,2020,Cruise,AV,1002 Masonic Ave,San Francisco,San Francisco,94117,Moving,Moving,2,Minor,Autonomous,Clear,Dark - Street Lights,Dry,Unknown,Proceeding Straight,Making Left Turn,Side Swipe,Mid-Sized Car,Intersection,Vehicle 2,0,None,"A Cruise autonomous vehicle (""Cruise AV""), operating in driverless autonomous mode, was at a complete stop in response to a red light o southbound Masonic Avenue at the intersection with Oak Street_ At the intersection, an Acura Sedan was stopped in front of the Cruise AV in the left southbound lane_ To the right of the Cruise AV was BMW Sedan in the right southbound lane_ In response to the green light; the Acura Sedan made a signaled left turn onto Oak Street as the BMW Sedan stayed parallel to the Cruise AV. As the Cruise AV entered the intersection, the BMW Sedan made a prohibited left turn from the right southbound lane on Masonic Avenue with no turn signal. The Cruise AV braked and, shortly thereafter, the BMW Sedan made contact with the Cruise AV, damaging the front right bumper of the Cruise AV. The driver of the BMW Sedan left the scene without exchanging information  There were no injuries and Cruise filed a report on February 12,2022. police","14, 15, 16",37.771985,-122.445384,016601,1002,1,35.2,1831,1507,38,128,97,61,177230
B,2/14/22,3:02 PM,2021,Jaguar,I-Pace,Kansas Street at ]6th Street,San Francisco,San Francisco,94103,Stopped in Traffic,Moving,2,Minor,Autonomous,Clear,Daylight,Dry,No Unusual Conditions,Stopped,Proceeding Straight,Rear End,Mid-Sized Car,Intersection,Vehicle 2,0,None,"On February 14,2022 at 3.02 PM PST a Waymo Autonomous Vehicle (""Waymo AV"") operating in San Francisco, California was in a collision involving a passenger vehicle on Kansas Street at I6th Street: The Waymo AV was stopped at a red light facing north on Kansas Street at the I6th Street intersection in autonomous mode. While the traffic light was still red, the vehicle immediately behind the Waymo AV began to accelerate and made contact with the rear bumper of the Waymo AV. At the time of the impact, the Waymo AV's Level 4 ADS was engaged in autonomous mode, and a test driver was present (in the driver seating position) The Waymo AV sustained minor damage.",9,37.775678,-122.412131,017803,1000,1,,,,,,,0,
Apple,2/17/22,8:25 AM,2017,Lexus,RX 45h,300 Charles Street,Sunnyvale,Santa Clara,94086,Moving,None,1,Minor,Conventional,Clear,Daylight,Dry,Reduced Roadway Width,Proceeding Straight,Unknown,Hit Object,Truck/Bus,Street,Vehicle 1,0,None,"On February 17th, a test vehicle operating in manual mode was traveling North-bound on Charles Road in Sunnyvale when the test vehicle's passenger-side mirror clipped the driver-side mirTor of a parked Ford F-150, causing cosmetic damage to both mirror housings   No injuries were reported and law enforcement was not called to the scene",14,37.375439,-122.036,508601,1001,1,38.5,925,245,0,586,57,37,250001
B,2/19/22,7:45 PM,2021,Jaguar,I-Pace,100 Block of Bayshore Avenue,San Francisco,San Francisco,94124,Stopped in Traffic,Moving,2,Minor,Autonomous,Clear,Dark - Street Lights,Dry,No Unusual Conditions,Stopped,Proceeding Straight,Rear End,Mid-Sized Car,Street,Vehicle 2,0,None,"On February 19,2022 at 7:45 PM PST a Waymo Autonomous Vehicle Waymo AV"" operating in San Francisco, California was in a collision involving a passenger vehicle at the northbound merge lane on the 100 block of Bayshore Boulevard While attempting a merge onto northbound Bayshore Boulevard from southbound Bayshore Boulevard, the Waymo AV came to a stop to for approaching traffic on the right  While stopped, a vehicle approached from behind and made contact with the rear bumper of the Waymo V. The other vehicle left the scene without exchanging information. At the time of the impact, the Waymo AV's Level 4 ADS was engaged in autonomous mode, and a test driver was present (in the driver' $ seating position) The Waymo AV sustained minor damage. yield",9,37.73123,-122.382857,023102,2004,2,,,,,,,0,
C,2/19/22,8:36 AM,2020,Cruise,AV,890 Geary Blvd,San Francisco,San Francisco,94109,Stopped in Traffic,Moving,2,Minor,Conventional,Clear,Daylight,Dry,No Unusual Conditions,Making Right Turn,Making Right Turn,Side Swipe,Mid-Sized Car,Intersection,Vehicle 2,0,None,"A Cruise autonomous vehicle (""Cruise AV""), operating in manual mode, was at a complete stop in response to a red light on Geary Boulevard at the intersection with Larkin Street_ The Cruise AV began to make a right turn onto Larkin Street on a green light and was yielding to pedestrian in the crosswalk. Shortly thereafter; a Toyota Camry traveling in a non-turn lane of Geary Boulevard made a right turn in of the Cruise AV, making contact with the Cruise AV's front left bumper. There were no injuries and police were not called. front","1, 2",37.78633,-122.417931,012203,2000,2,36.9,567,351,0,103,33,80,59779
Apple,2/22/22,1:32 PM,2016,Lexus,RX 45h,EB E Evelyn Ave btw Mondrian and Bernardo,Mountain View,Santa Clara,94041,Moving,None,1,Minor,Conventional,Cloudy,Daylight,Dry,Construction - Repair Zone,Proceeding Straight,Unknown,Hit Object,None,Street,Vehicle 1,0,None,"On February 22nd, a test vehicle operating in manual mode was traveling East-bound on Evelyn Avenue in Mountain View and ran over road debris that was projected upward, scratching the test-vehicle '$ driver-side door: injuries were reported and law enforcement was not called to the scene_ No",3,37.388528,-122.075734,509700,1003,1,,,,,,,0,
B,2/28/22,12:49 AM,2021,Jaguar,I-Pace,Cesar Chavez and Mission Street,San Francisco,San Francisco,94110,Stopped in Traffic,Moving,2,Minor,Autonomous,Clear,Dark - Street Lights,Dry,No Unusual Conditions,Stopped,Passing Other Vehicle,Rear End,Mid-Sized Car,Intersection,Vehicle 2,0,None,"On February 28,2022 at 12.49 AM PST a Waymo Autonomous Vehicle (""Waymo AV"") operating in San Francisco, California was in a collision involving a passenger vehicle on Cesar Chavez at Mission Street_ The Waymo AV was stopped at a red light facing west o Cesar Chavez at the Mission Street intersection in the left turn lane in autonomous mode. While the traffic light was still red, the vehicle immediately behind the Waymo AV began to accelerate toward the right side of the Waymo AV and made contact with the right rear bumper of the Waymo AV. The other vehicle left the scene without exchanging information. At the time of the impact, the Waymo AV's Level 4 ADS was engaged in autonomous mode, and a test driver was present (in the driver's seating position). The Waymo AV sustained minor damage:",9,37.748166,-122.418221,025300,4000,4,,,,,,,0,
B,2/28/22,1:00 PM,2021,Jaguar,I-Pace,Polk Street and Jackson Street,San Francisco,San Francisco,94109,Moving,Moving,2,Minor,Conventional,Clear,Daylight,Dry,No Unusual Conditions,Slowing/Stopping,Proceeding Straight,Rear End,Compact Car,Intersection,Vehicle 2,0,None,"On February 28,2022 at 1:00 PM PST a Waymo Autonomous Vehicle (""Waymo AV"") operating in San Francisco, California was in a collision involving a passenger vehicle on Polk Street at Jackson Street While traveling southbound on Polk Street at Jackson Street in autonomous mode, the Waymo AV approached green light and signaled for a right turn when pedestrian entered the adjacent crosswalk in accordance with the pedestrian ""WALK"" signal As the Waymo AV began to slow, the driver transitioned the system into manual mode. A few seconds later, a passenger vehicle approached from behind and made contact with the rear bumper of the Waymo AV. At the time of the impact, the Waymo AV's Level 4 ADS was not engaged and a test driver was operating the Waymo AV in manual mode. The Waymo AV sustained minor damage.",7,37.794143,-122.421404,011001,2001,2,,,,,,,0,
B,3/6/22,6:00 PM,2021,Jaguar,I-Pace,Oak Street at Divisadero Street,San Francisco,San Francisco,94117,Stopped in Traffic,Moving,1,Minor,Conventional,Clear,Daylight,Dry,No Unusual Conditions,Stopped,Passing Other Vehicle,Side Swipe,Two-Wheels,Street,Vehicle 2,0,None,"On March 6, 2022 at 6.00 PM PST a Waymo Autonomous Vehicle (""Waymo AV"") operating in San Francisco, California was in a collision on Oak Street at Divisadero Street. The Waymo AV was parked in manual mode 0n the right side of Oak Street just east of Divisadero Street: The Waymo AV inched forward and to the left momentarily, but stopped as two approached the rear of the vehicle. As the second of the two attempted to pass the Waymo AV made contact with the left rear view mirror. The cyclist stopped momentarily but then rode away without exchanging information. At the time of the impact, the Waymo AV's Level 4 ADS was not engaged and a test driver was operating the Waymo AV in manual mode. The Waymo AV sustained minor damage. No injuries were reported  cyclists cyclists they",2,37.773133,-122.437423,016700,4001,4,,,,,,,0,
B,3/7/22,7:35 AM,2021,Jaguar,I-Pace,Avila Street at Casaand Marina BoulevardWay,San Francisco,San Francisco,94123,Moving,Stopped in Traffic,2,Minor,Conventional,Clear,Daylight,Dry,No Unusual Conditions,Slowing/Stopping,Parked,Side Swipe,Mid-Sized Car,Street,Vehicle 2,0,None,"On March 7, 2022 at 7.35 AM PST a Waymo Autonomous Vehicle Waymo AV"") operating in San Francisco, California was in a collision involving an SUV on Avila Street at Casa and Marina Boulevard. The Waymo AV was traveling northeast o Aliva Street in manual mode in a narrow passageway. The Waymo AV approached a stop sign and the test driver steered to the right around parked vehicle with oncoming traffic approaching The right rear sensor housing of the Waymo AV made contact with a parked SUV on the right side of the road. At the time of the impact; the Waymo AV's Level 4 ADS was not engaged and a test driver was operating the Waymo AV in manual mode The Waymo AV sustained minor damage. Way",10,37.803215,-122.441028,012601,2004,2,34.9,1207,858,20,143,134,52,157794
B,3/9/22,12:22 PM,2021,Jaguar,I-Pace,Irving Street at 25th Avenue,San Francisco,San Francisco,94122,Stopped in Traffic,Moving,2,Minor,Autonomous,Clear,Daylight,Dry,No Unusual Conditions,Stopped,Backing,Side Swipe,Compact Car,Street,Vehicle 2,0,None,"On March 9,2022 at 12.22 PM PST a Waymo Autonomous Vehicle (""Waymo AV"") operating in San Francisco, California was in a collision involving a passenger vehicle on Street at 25th Avenue_ The Waymo AV was stopped in traffic, eastbound on Street in autonomous mode. A parked car to the right of the Waymo AV began reversing into the street and made contact with the rear right side of the Waymo AV. At the time of the impact, the Waymo AV's Level 4 ADS was engaged in autonomous mode, and a test driver was present (in the driver's seating position). The Waymo AV sustained minor damage. Irving Irving",10,37.763279,-122.483554,032601,2005,2,,,,,,,0,
B,3/11/22,10:15 AM,2021,Jaguar,I-Pace,123 Vicente St,San Francisco,San Francisco,94127,Moving,Stopped in Traffic,2,Minor,Conventional,Clear,Daylight,Dry,No Unusual Conditions,Parking Maneuver,Parked,Other,Truck/Bus,Parking,Vehicle 1,0,None,"On March 11,2022 at 10.15 AM PST a Waymo Autonomous Vehicle (""Waymo AV"") operating in San Francisco, California was in a collision involving a parked vehicle on Vicente Street at West Portal Avenue. While the test driver of the Waymo AV was parallel parking in manual mode o Vicente Street, the rear of the Waymo AV made contact with the front of a parked pickup truck: At the time of the impact, the Waymo AV's Level 4 ADS was not engaged and a test driver was operating the Waymo AV in manual mode. The Waymo AV sustained minor damage.",8,37.739763,-122.467748,030800,4008,4,43.1,2069,1276,35,491,202,33,132031
C,3/15/22,12:26 PM,2020,Cruise,AV,3001 I6th St,San Francisco,San Francisco,94103,Moving,Moving,2,Minor,Autonomous,Clear,Daylight,Dry,No Unusual Conditions,Changing Lanes,Changing Lanes,Side Swipe,Compact Car,Street,Vehicle 2,1,Driver of the Honda Civic later claimed injuries related to the event,"A Cruise autonomous vehicle (""Cruise AV""), operating in supervised autonomous mode, was traveling eastbound in the rightmost lane on 16th Street between Mission Street and Wiese Street_ Ahead of the Cruise AV delivery truck was double-parked in the rightmost lane of eastbound I6th Street_ The Cruise AV began to maneuver around the double-parked vehicle by changing lanes At the same time, a 2010 Honda Civic traveling behind the Cruise AV in the rightmost lane also began to maneuver and increase into the leftmost lane. Shortly thereafter, contact was made with the Cruise AV's side dOOr, damaging the front driver side door and radar assembly. There were no reported injuries at the scene by either party and police were not called  The driver of the Honda Civic later claimed injuries related to the event. speed","13, 14, 15",37.779023,-122.40655,017804,1000,1,32.5,2347,731,22,558,1017,19,135026
Apple,3/15/22,6:59 PM,2017,Lexus,RX 45h,SB Semiconductor Drive,Santa Clara,Santa Clara,95051,Moving,None,1,Minor,Conventional,Clear,Daylight,Dry,No Unusual Conditions,Proceeding Straight,Unknown,Other,Pedestrian ,Street,Vehicle 1,0,None,"On March 1Sth, a test vehicle operating in manual mode was traveling South-bound on Semiconductor Drive in Santa Clara when an individual threw an object at the test vehicle, causing cosmetic damage to the test vehicle's hood. No injuries were reported, and police were notified of the incident:",19,37.345558,-121.94646,505600,3016,3,20,2523,1380,28,533,434,126,90625
A,3/22/22,3:00 PM,2016,Toyota,Highlander,Stockton and Filbert Intersection,San Francisco,San Francisco,94133,Stopped in Traffic,Moving,2,Minor,Conventional,Clear,Daylight,Dry,No Unusual Conditions,Slowing/Stopping,Proceeding Straight,Rear End,Two-Wheels,Intersection,Vehicle 2,0,None,"A Zoox vehicle in manual mode was proceeding with the right of way through a four-way stop, when a person operating an electric scooter failed to stop at the stop sign and proceeded into the intersection from the right and made contact with the rear corner of the Zoox vehicle at low speed. Police were not called.",9,37.80137,-122.409369,010600,3002,3,,,,,,,0,
C,3/24/22,1:24 PM,2022,Cruise,AV,1090 Point Lobos Avenue,San Francisco,San Francisco,94121,Moving,Moving,1,Major,Autonomous,Cloudy,Daylight,Dry,No Unusual Conditions,Slowing/Stopping,Proceeding Straight,Rear End,Two-Wheels,Street,Vehicle 2,1,Cyclist fell to the ground and sustained injuries. Police and Emergency Medical Services (EMS) were called.,"A Cruise autonomous vehicle (""Cruise AV"") operating in supervised autonomous mode, was traveling southbound on Point Lobos Avenue between 48th Avenue and Balboa Street The Cruise AV was traveling downhill when a cyclist approached the Cruise AV from behind. The Cruise AV began to brake, and shortly thereafter; the cyclist made contact with the rear window of the Cruise AV. The cyclist fell to the ground and sustained injuries. Police and Emergency Medical Services (EMS) were called. The was transferred the scene via EMS. The impact caused damage to the rear passenger side of the bumper, rear hatch, and rear window of the Cruise AV. cyclist - from",8,37.778582,-122.513967,047904,1003,1,42.7,1970,1306,12,166,215,271,78854
C,3/26/22,2:07 AM,2020,Cruise,AV,2200 Greenwich St,San Francisco,San Francisco,94123,Stopped in Traffic,Moving,2,Minor,Autonomous,Clear,Dark - Street Lights,Dry,No Unusual Conditions,Stopped,Backing,Other,Truck/Bus,Street,Vehicle 2,0,None,"A Cruise autonomous vehicle (""Cruise operating in driverless autonomous mode, was traveling eastbound on Greenwich Street between Steiner Street and Fillmore Street The Cruise AV approached a pickup truck that was reversing 0n eastbound Greenwich Street and the Cruise AV stopped as the pickup truck continued to reverse. The pickup truck continued to reverse and made contact with the Cruise A V, damaging the front bumper of the Cruise AV. There were no injuries and the Cruise AV was towed the incident: AV""); from",17,37.798802,-122.435866,012802,1007,1,27.3,814,769,0,32,13,0,250001
B,3/26/22,1:16 AM,2021,Jaguar,I-Pace,Oakdale Avenue and Toland Street,San Francisco,San Francisco,94124,Moving,Moving,2,Moderate,Autonomous,Cloudy,Dark - No Street Lights,Dry,No Unusual Conditions,Slowing/Stopping,Proceeding Straight,Rear End,Mid-Sized Car,Street,Vehicle 2,0,None,"On March 26, 2022 at 1:16 AM PST a Waymo Autonomous Vehicle (~Waymo AV"") operating in San Francisco, California was in a collision involving a SUV on Oakdale Avenue and Toland Street: The Waymo AV was slowing for a stop sign while traveling westbound o Oakdale Avenue in autonomous mode An SUV approached from behind and made contact with the rear of the Waymo AV. The other party immediately left the scene of the event At the time of the impact, the Waymo AV's Level 4 ADS was engaged in autonomous mode, and a test driver was present (in the driver's seating position). Both vehicles sustained moderate damage.","7, 8, 9",37.740961,-122.401556,980900,1053,1,,,,,,,0,
Pony.ai,3/28/22,11:30 AM,2019,Hyundai,Kona EV,Tustin Ranch Rd traveling eastbound,Tustin,Orange County,92606,Moving,None,1,Minor,Autonomous,Raining,Daylight,Wet,Obstruction on Roadway,Proceeding Straight,Unknown,Hit Object,None,Street,Vehicle 1,0,None,"On March 28, 2022, while in supervised ("" Drivered"" autonomous mode traveling eastbound on Tustin Ranch Rd in Tustin, CA, a Pony.ai Autonomous Vehicle drove over a temporary sign that had previously fallen over and was lying flat o its side in the travel lane. The impact redirected the vehicle towards the curb. The Safety Operator took control, braked, and steered the vehicle away from the direction of the curb. The right front tire scraped the right curb. The vehicle sustained minor damage to the right front strut and control arm There were no injuries and no other vehicles involved  The Safety Operator drove the vehicle back to Pony.ai's Irvine facility.","14, 15",33.72501,-117.804399,052502,3010,3,43.6,1896,809,112,397,571,7,97537
A,3/29/22,8:20 AM,2016,Toyota,Highlander,3rd Street and Stillman Street,San Francisco,San Francisco,94107,Moving,Moving,2,Moderate,Autonomous,Clear,Daylight,Dry,No Unusual Conditions,Slowing/Stopping,Proceeding Straight,Rear End,Compact Car,Street,Vehicle 2,0,None,A Zoox vehicle in autonomous mode was stopped in traffic when passenger vehicle from behind made contact with the rear of the Zoox vehicle at low The police were not called. speed.,"7, 8, 9",37.781749,-122.39638,018000,2001,2,,,,,,,0,
C,3/29/22,9:44 AM,2020,Cruise,AV,1145 Hayes St,San Francisco,San Francisco,94117,Moving,None,2,None,Conventional,Clear,Daylight,Unknown,No Unusual Conditions,Backing,Parked,Rear End,Mid-Sized Car,Reverse,Vehicle 1,0,None,"A Cruise autonomous vehicle (""Cruise A F operating in manual mode, was reversing into a parking spot o westbound Hayes Street between Pierce Street and Scott Street: While reversing; the Cruise AV made contact with the front bumper of a Honda SUV that was parked behind the Cruise AV_ This caused damage to the front bumper of the Honda SUV. There were no injuries and police were not called: V"");",0,37.77514,-122.435237,016400,3001,3,32,1390,675,94,120,425,76,154732
B,3/31/22,11:07 AM,2021,Jaguar,I-Pace,1000 block of Potrero Avenue,San Francisco,San Francisco,94110,Moving,Moving,2,Minor,Autonomous,Clear,Daylight,Dry,No Unusual Conditions,Proceeding Straight,Proceeding Straight,Rear End,Mid-Sized Car,Street,Vehicle 2,0,None,"On March 31,2022 at 11.07 AM PST a Waymo Autonomous Vehicle (""Waymo AV"") operating in San Francisco, California was in a collision involving an SUV on the 1000 block of Potrero Avenue The Waymo AV was stopped at a red traffic light on southbound Potrero Avenue when pedestrian entered the crosswalk: When the traffic light turned green, the Waymo AV remained stopped for a crossing pedestrian who had just reached the pedestrian island in the middle of the crosswalk. After a brief pause, the ADV started to proceed, when the SUV behind the Waymo AV then made contact with the rear of thef Waymo AV. At the time of the impact; the Waymo AV's Level 4 ADS was engaged in autonomous mode, and a test driver was present (in the driver' s seating position) Both vehicles sustained minor damage.",8,37.748932,-122.416281,020900,2005,2,,,,,,,0,
B,4/1/22,2:27 AM,2021,Jaguar,I-Pace,19th Avenue and Lincoln Way,San Francisco,San Francisco,94122,Moving,Moving,2,Minor,Conventional,Clear,Dark - Street Lights,Dry,No Unusual Conditions,Slowing/Stopping,Changing Lanes,Rear End,Mid-Sized Car,Intersection,Vehicle 1,0,None,"On April 1,2022 at 2.27 AM PST a Waymo Autonomous Vehicle (""Waymo AV"") operating in San Francisco, California was in a collision involving passenger vehicle on 19th Avenue at Lincoln The Waymo AV was in autonomous mode and proceeding southbound on 19th Avenue in the rightmost lane, with a passenger vehicle traveling parallel in the left adjacent lane As the two vehicles approached Lincoln the passenger vehicle cut into the Waymo s lane and braked before turning right on Lincoln As the passenger vehicle executed the right turn, the Waymo AV test driver transitioned to manual mode, applied the brakes, but made contact with the passenger side rear corner of the passenger vehicle. At the time of the impact; the Waymo AV s Level 4 ADS was not engaged and a test driver was operating the Waymo AV in manual mode. The other party immediately left the scene of the event: The Waymo AV sustained minor damage. Way: Way, Way.",17,37.765448,-122.477308,032601,1000,1,,,,,,,0,
C,4/1/22,12:43 AM,2020,Cruise,AV,1333 Bush St,San Francisco,San Francisco,94109,Moving,Moving,2,Minor,Autonomous,Clear,Dark - Street Lights,Dry,No Unusual Conditions,Proceeding Straight,Making Left Turn,Side Swipe,Mid-Sized Car,Intersection,Vehicle 2,0,None,"A Cruise autonomous vehicle (""Cruise A V""), operating in driverless autonomous mode, was traveling eastbound on Bush Street toward the intersection with Larkin Street. The Cruise AV was traveling in the leftmost lane of three lanes of traffic. the Cruise AV approached the intersection on green light; red SUV traveling in the same direction eastbound on Bush Street remained stopped in the middle lane at the intersection with Larkin Street_ As the Cruise AV began to enter the intersection, the red SUV made a prohibited left turn onto Larkin Street from the middle lane on Bush Street, across both the left lane in which the Cruise AV was traveling and a lefthand turn lane. The Cruise AV braked to avoid the SUV turning into its lane and, shortly thereafter; the red SUV made contact with the Cruise AV, damaging the passenger side fender and front facia of the Cruise AV_ The driver of the red SUV left the scene without exchanging information. There were no injuries and Cruise filed a police report: As","14, 15, 16",37.788594,-122.419001,012001,1001,1,44.6,959,435,0,214,276,17,0
B,4/5/22,7:55 PM,2021,Jaguar,I-Pace,Quintara Street and 2Oth Avenue,San Francisco,San Francisco,94116,Stopped in Traffic,Moving,2,Minor,Autonomous,Clear,Dusk-Dawn,Dry,No Unusual Conditions,Stopped,Proceeding Straight,Rear End,Mid-Sized Car,Street,Vehicle 2,0,None,"On April 5,2022 at 7.55 PM PST a Waymo Autonomous Vehicle (""Waymo A operating in San Francisco, CA was in a collision involving passenger car on Quintara Street at 2Oth Avenue_ The Waymo AV came to a stop at a stop sign on Quintara Street at ZOth Avenue, and as it was about to proceed, a passenger vehicle behind the Waymo AV then made contact with the rear of the Waymo AV. At the time of the impact, the Waymo AV's Level 4 ADS was engaged in autonomous mode, and a test driver was present (in the driver'$ seating position). Both vehicles sustained minor damage. V )","7, 9",37.743857,-122.483232,032801,2005,2,,,,,,,0,
A,4/6/22,5:38 PM,2016,Highlander,Toyota,9th and Bryant Street,San Francisco,San Francisco,94103,Moving,Moving,2,None,Autonomous,Clear,Dusk-Dawn,Dry,No Unusual Conditions,Making Right Turn,Passing Other Vehicle,Rear End,Mid-Sized Car,Intersection,Vehicle 2,0,None,A Zoox vehicle in autonomous mode was making a right turn from Bryant Street onto 9th Street when vehicle overtaking from the rear switched lanes as it drove in front of the Zoox vehicle and made contact with the front Zoox sensors The other party left the scene_ The police were not called and there were no injuries.,16,37.771291,-122.408531,018000,4019,4,,,,,,,0,
B,4/8/22,12:31 PM,2021,Jaguar,I-Pace,Pine Street and Polk Street,San Francisco,San Francisco,94109,Moving,Moving,2,Moderate,Conventional,Clear,Daylight,Dry,No Unusual Conditions,Changing Lanes,Changing Lanes,Broadside,Mid-Sized Car,Street,Vehicle 1,0,None,"On April &,2022 at 12.31 PM PST a Waymo Autonomous Vehicle (""Waymo AV"") operating in San Francisco, California was in a collision involving SUV on Pine Street at Polk Street The Waymo AV was traveling west on Pine Street in manual mode behind stopped traffic_ While attempting a lane change from the far left lane into the center lane of Pine Street, the Waymo AV test driver partially entered the lane and made contact with a SUV entering the center lane from the far right lane. At the time of the impact, the Waymo V's Level 4 ADS was not engaged and a test driver was operating the Waymo AV in manual mode. Both vehicles sustained moderate damage.",15,37.78962,-122.420493,011102,2003,2,,,,,,,0,
C,4/9/22,1:55 AM,2020,Cruise,AV,1798 Sacramento St,San Francisco,San Francisco,94109,Moving,Moving,2,Minor,Autonomous,Clear,Dark - Street Lights,Dry,No Unusual Conditions,Slowing/Stopping,Making Right Turn,Rear End,Mid-Sized Car,Intersection,Vehicle 2,0,None,"A Cruise autonomous vehicle (""Cruise AV""), operating in driverless autonomous mode, was stopped at a red light on northbound Van Ness Avenue at the intersection with Sacramento Street_ The Cruise AV entered the intersection on a green light and continued straight through the intersection before braking and coming to complete stop near the end of the intersection. At the same time, a Toyota Sedan on westbound Sacramento Street began was making an unprotected right turn 0n red light onto northbound Van Ness Avenue behind the Cruise AV. Shortly thereafter; the Toyota Sedan rear-ended the Cruise AV and made contact with the Cruise AV's rear bumper, damaging the rear right bumper: The driver of the other vehicle left the scene without exchanging information. There were no injuries and a police report was later filed:","9, 10",37.791437,-122.422194,011101,1001,1,42.8,813,305,42,376,40,50,99519
Pony.ai,4/11/22,9:00 AM,2020,Hyundai,Kona EV,301 Ranch Dr,Milpitas,Santa Clara,95035,Stopped in Traffic,Moving,2,Minor,Autonomous,Raining,Daylight,Wet,No Unusual Conditions,Stopped,Backing,Rear End,Mid-Sized Car,Street,Vehicle 2,0,None,"On April 11,2022, while in supervised (""Drivered"" autonomous mode, a Pony.ai Autonomous Vehicle was parked in parking lot when a passenger vehicle reversed into the Pony.ai vehicle. The Pony.ai vehicle sustained minor damage to the driver'$ side rear There were no injuries Or other property damage, the were not called to the scene; and the Pony.ai vehicle was driven back to Pony.ai'$ Fremont facility. door. police","4, 5",37.430883,-121.922055,504602,1122,1,33.1,2325,378,37,293,1525,49,110536
B,4/11/22,10:36 PM,2021,Jaguar,I-Pace,Townsend St and Embarcadero,San Francisco,San Francisco,94107,Stopped in Traffic,Moving,2,Minor,Conventional,Clear,Dark - Street Lights,Dry,No Unusual Conditions,Stopped,Passing Other Vehicle,Side Swipe,Two-Wheels,Street,Vehicle 2,0,None,"On April 11,2022 at 10.36 PM PST a Waymo Autonomous Vehicle (""Waymo AV"") operating in San Francisco, California was in a collision involving a SUV on Townsend Street and Embarcadero. While traveling southwest on Townsend Street in manual mode, the Waymo AV test driver approached double-parked vehicle blocking traffic_ The Waymo AV test driver pulled behind the double-parked vehicle. At this time, a SUV following closely behind the Waymo AV passed the Waymo AV on the left side, making contact with the rear left sensor of the Waymo AV. The SUV left the scene. At the time of the impact, the Waymo AV's Level 4 ADS was not engaged and a test driver was operating the Waymo AV in manual mode. The Waymo AV sustained minor damage.",6,37.78224,-122.388379,061508,1003,1,,,,,,,0,
B,4/13/22,2:53 PM,2021,Jaguar,I-Pace,Jerrold Avenue at Bayshore Blvd,San Francisco,San Francisco,94124,Moving,Moving,2,Minor,Conventional,Clear,Daylight,Dry,No Unusual Conditions,Slowing/Stopping,Proceeding Straight,Rear End,Mid-Sized Car,Street,Vehicle 2,1,Reported minor discomfort but did not require medical attention ,"On April 13,2022 at 2.53 PM PST a Waymo Autonomous Vehicle (""Waymo AV"") operating in San Francisco, California was in a collision involving pickup truck on Bayshore Boulevard at Jerrold Avenue The Waymo AV was traveling in autonomous mode in the slip lane on northbound Jerrold Avenue at Bayshore Boulevard_ As the Waymo AV slowed to yield to pedestrian pushing a shopping cart in crosswalk; the Waymo AV test driver transitioned to manual mode and stopped the Waymo AV. The Waymo AV test driver then proceeded forward but had to yield to approaching traffic in the merge between northbound Jerrold Avenue and northbound Bayshore Boulevard. As the Waymo AV came to a stop, a pickup truck traveling behind the Waymo AV then made contact with the rear of the Waymo AV. At the time of the impact, the Waymo AV's Level 4 ADS was not engaged and a test driver was operating the Waymo AV in manual mode. Both vehicles sustained minor damage.",8,37.742504,-122.395801,980900,1033,1,32.5,296,82,16,169,10,19,137750
C,4/16/22,11:21 PM,2020,Cruise,AV,1460 Pine St,San Francisco,San Francisco,94109,Moving,Moving,2,Minor,Autonomous,Clear,Dark - Street Lights,Dry,No Unusual Conditions,Proceeding Straight,Changing Lanes,Side Swipe,Mid-Sized Car,Intersection,Vehicle 2,0,None,"A Cruise autonomous vehicle (""Cruise AV""), operating in driverless autonomous mode, was traveling in the rightmost lane o westbound Pine Street between Polk Street and Larkin Street. white Lexus traveling in the middle lane of westbound Pine Street alongside the Cruise] AV attempted to change into the rightmost lane in which the Cruise AV was traveling: Shortly thereafter, the white Lexus made contact with the left rear door of the Cruise AV, damaging the Cruise AV's left rear door: The driver of the other vehicle left the scene without exchanging information. There were no injuries and a police report was later filed.","5, 6",37.789986,-122.419877,011102,1002,1,35.4,1146,542,54,427,18,105,98984
C,4/17/22,12:13 AM,2022,Cruise,AV,3289 Mission St,San Francisco,San Francisco,94110,Moving,Moving,2,Minor,Autonomous,Clear,Dark - Street Lights,Dry,No Unusual Conditions,Slowing/Stopping,Proceeding Straight,Rear End,Two-Wheels,Intersection,Vehicle 2,0,None,"A Cruise autonomous vehicle (""Cruise operating in supervised autonomous mode, was traveling southbound on Mission street toward the intersection with 29th Street_ As it approached the intersection, the Cruise A V began to brake in response to red light when Honda Civic traveling behind the Cruise AV made contact with the rear bumper of the Cruise AV, damaging the Cruise AV'$ rear fascia and rear right sensor: The driver of the other vehicle left the scene without exchanging information: There were no injuries and police report was later filed. AV"")","7, 8",37.744182,-122.42047,025300,4003,4,34.5,1872,540,14,285,850,183,155563
B,4/18/22,8:14 AM,2021,Jaguar,I-Pace,Sth Street and Bryant Street,San Francisco,San Francisco,94107,Stopped in Traffic,Moving,2,Minor,Autonomous,Clear,Daylight,Dry,No Unusual Conditions,Stopped,Proceeding Straight,Rear End,Truck/Bus,Street,Vehicle 2,0,None,"On April 18, 2022 at 8.14 AM PST a Waymo Autonomous Vehicle (""Waymo AV"") operating in San Francisco, California was in a collision involving a passenger vehicle on Bryant Street and Sth Street_ The Waymo AV was stopped at a red light facing northeast on Bryant Street in autonomous mode: While the light was still red, a passenger vehicle that had been stopped behind the Waymo AV began to move forward and made contact with the rear of the Waymo AV. At the time of the impact, the Waymo AV's Level 4 ADS was engaged in autonomous mode, and a test driver was present (in the driver's seating position). The Waymo AV sustained minor damage.","7, 8, 9",37.76046,-122.399724,022704,3001,3,,,,,,,0,
B,4/18/22,2:31 AM,2021,Jaguar,I-Pace,200 block of Duboce Avenue,San Francisco,San Francisco,94103,Moving,None,1,Minor,Autonomous,Clear,Dark - Street Lights,Dry,No Unusual Conditions,Other,Unknown,Other,None,Parking,Vehicle 1,0,None,"On April 18, 2022 at 2.31 AM PST a Waymo Autonomous Vehicle (""Waymo AV') operating in San Francisco, CA made contact with a parking lot driveway 0n the 200 block of Duboce Avenue: The Waymo AV was traveling westbound on Duboce Avenue in autonomous mode when it approached a parking lot o the left side of the street. As the Waymo AV turned left and into the parking the Waymo AV's undercarriage made contact with the driveway pavement (the AV did not contact any vehicle Or road user). At the time of the contact, the Waymo AV's Level 4 ADS was engaged in autonomous mode, and a test driver was present (in the driver s seating position) The Waymo AV sustained minor undercarriage damage. lot;","5, 11",37.775678,-122.412131,017803,1000,1,,,,,,,0,
A,4/22/22,5:50 PM,2016,Toyota,Highlander,Mason St. and Ellis St. Intersection,San Francisco,San Francisco,94102,Moving,Moving,2,Minor,Autonomous,Clear,Daylight,Dry,No Unusual Conditions,Proceeding Straight,Changing Lanes,Rear End,Mid-Sized Car,Intersection,Vehicle 2,1,Driver of the other vehicle was transported from the scene by first responders with injuries,"Zoox vehicle in autonomous mode was proceeding straight through the intersection of Mason St and Ellis St. when it was rear-ended by passenger vehicle that was switching lanes and made contact with the Zoox vehicle's sensors  The other party left the scene. The police were not called, and there were no injuries.","7, 8, 9",37.785283,-122.409498,012301,3003,3,,,,,,,0,
B,4/24/22,4:36 PM,2021,Jaguar,I-Pace,Lincolnat 17th AvenueWay,San Francisco,San Francisco,94122,Stopped in Traffic,Moving,3,Minor,Autonomous,Clear,Daylight,Dry,No Unusual Conditions,Stopped,Slowing/Stopping,Rear End,Compact Car,Street,Vehicle 2,0,None,"On April 2022 at 4.36 PM PST a Waymo Autonomous Vehicle (""Waymo AV"") operating in San Francisco, California was in a collisionf involving an SUV on Lincoln at ] 7th Avenue_ The Waymo AV was in autonomous mode and traveling on westbound Lincoln when it slowed for the vehicle directly in front of the Waymo AV which stopped shortly after passing 17th Avenue. Shortly after the Waymo AV came to stop, the SUV behind the Waymo A was rear-ended by a pickup truck, and the SUV then made contact with the rear of the Waymo AV. At the time of the impact, the Waymo AV's Level 4 ADS was engaged in autonomous mode, and a test driver was present (in the driver s seating position). Both vehicles sustained minor damage. 24, Way Way,",9,37.761179,-122.475732,030201,3007,3,,,,,,,0,
C,4/24/22,3:35 AM,2020,Cruise,AV,1225 Steiner,San Francisco,San Francisco,94115,Moving,Moving,2,Minor,Autonomous,Clear,Dark - Street Lights,Dry,No Unusual Conditions,Slowing/Stopping,Proceeding Straight,Rear End,Mid-Sized Car,Intersection,Vehicle 2,0,None,"A Cruise autonomous vehicle (""Cruise AV'), operating in driverless autonomous mode, was traveling northbound on Steiner Street toward the intersection with Eddy Street_ The Cruise AV began to brake for the stop sign on Steiner Street at the intersection with Eddy Street when] a white BMW traveling behind the Cruise AV made contact with the rear driver side bumper of the Cruise AV, damaging the Cruise AV's rear fascia. The driver of the other vehicle left the scene without exchanging information. There were no injuries and police report was later filed.","7, 8, 9",37.780648,-122.434699,015801,3000,3,43.3,1367,483,208,474,162,40,81111
C,4/25/22,11:21 PM,2020,Cruise,AV,1798 Sacramento St,San Francisco,San Francisco,94109,Stopped in Traffic,None,2,Moderate,Autonomous,Clear,Dark - Street Lights,Dry,No Unusual Conditions,Stopped,Traveling Wrong Way,Head On,Mid-Sized Car,Intersection,Vehicle 2,0,None,"A Cruise autonomous vehicle (""Cruise AV""), operating in driverless autonomous mode, was stopped at a red light on westbound Sacramento Street at the intersection with Van Ness Avenue. The Cruise AV began to proceed straight after the light turned green. At the same time, a silver Hyundai Sedan was traveling the wrong way (eastbound) on one-way section of Sacramento Street between Franklin Street and Van Avenue. The silver Hyundai Sedan entered the intersection across the Cruise AV and the Cruise AV came to full stop. The silver Hyundai Sedan continued traveling the wrong way through the intersection with Van Ness Avenue and, shortly thereafter, made contact with the Cruise AV, damaging the front fascia assembly and various components on the front of the Cruise AV. The driver of the silver Hyundai Sedan left the scene without exchanging information: The Cruise AV was towed from the scene. There were no injuries and police report was later filed: Ness from","1, 15, 16, 17, 18, 19",37.791437,-122.422194,011101,1001,1,42.8,813,305,42,376,40,50,99519
B,4/26/22,1:19 PM,2021,Jaguar,I-Pace,Folsom Street at Mabini Street,San Francisco,San Francisco,94103,Stopped in Traffic,Moving,1,Minor,Conventional,Clear,Daylight,Dry,No Unusual Conditions,Stopped,Unknown,Other,Truck/Bus,Street,Vehicle 1,0,None,"On April 26,2022 at 1:19 PM PST a Waymo Autonomous Vehicle (""Waymo AV"") operating in San Francisco, California was in a collision involving a cyclist on Folsom Street at Mabini Street While completing a right turn Folsom Street onto Mabini Street in manual mode, the test driver slowed to yield to a cyclist approaching from the right The made contact with the right front fender of the Waymo AV after the Waymo had come to a stop. At the time of the impact, the Waymo AVs Level 4 ADS was not engaged and a test driver was operating the Waymo AV in manual mode_ The Waymo AV sustained minor damage. from cyclist",15,37.782644,-122.400374,017801,3002,3,,,,,,,0,
A,4/28/22,3:28 PM,2016,Toyota,Highlander,Colin P. Kelly St and Brannan St. Intersection,San Francisco,San Francisco,94107,Moving,None,2,None,Conventional,Clear,Daylight,Dry,No Unusual Conditions,Backing,Stopped,Rear End,Mid-Sized Car,Street,Vehicle 2,0,None,"A Zoox vehicle in autonomous mode came to a complete stop at the T-junction stop sign at Colin P. Kelly Jr: St. and Brannan St. and yielded to oncoming traffic from the left: Due to traffic the driver then disengaged autonomous mode and reversed, making contact with vehicle that had approached from the rear and was attempting to pass the Zoox vehicle to make a right turn. There were no injuries and the police were not called. flow;",0,37.783152,-122.390424,061508,1000,1,,,,,,,0,
B,4/29/22,6:37 AM,2021,Jaguar,I-Pace,Sacramento Street at Polk Street,San Francisco,San Francisco,94109,Moving,Moving,2,Minor,Conventional,Clear,Daylight,Dry,No Unusual Conditions,Proceeding Straight,Entering Traffic,Broadside,Mid-Sized Car,Intersection,Vehicle 2,0,None,"On April 29,2022 at 6.37 AM PST a Waymo Autonomous Vehicle (""Waymo AV"") operating in San Francisco, California was in a collision involving a pickup truck on Sacramento Street at Polk Street The Waymo AV was proceeding straight in manual in the left lane of Sacramento Street one-way street). After passing through the Polk Street intersection, a parked pickup truck 0 the left side of Sacramento Street pulled out of the parked position and made contact with the front left fender of the passing Waymo AV. At the time of the impact, the Waymo AV's Level 4 ADS was not engaged and a test driver was operating the Waymo AV in manual mode. Both vehicles sustained minor damage.","1, 2",37.791495,-122.420873,011101,1002,1,,,,,,,0,
B,4/30/22,8:40 PM,2021,Jaguar,I-Pace,24th Street and Guerrero Street,San Francisco,San Francisco,94110,Moving,Moving,2,Minor,Conventional,Clear,Dark - Street Lights,Dry,No Unusual Conditions,Backing,Parked,Other,None,Street,Vehicle 1,0,None,"On April 30,2022 at 8:40 PM PST a Waymo Autonomous Vehicle (""Waymo AV"") operating in San Francisco, California was in a collision involving a passenger vehicle on 24th Street just past Guerrero Street. The Waymo AV was in manual mode and parallel parked to the curb on westbound 24th Street when another passenger vehicle pulled up behind the Waymo AV. The Waymo AV test driver reversed to exit the parking location shortly after the other passenger vehicle arrived and the Waymo AV made contact with the passenger vehicle behind it. At the time of the impact, the Waymo AV's Level 4 ADS was not engaged and a test driver was operating the Waymo AV in manual mode Both vehicles sustained minor damage.","7, 8, 9",37.751971,-122.422879,021000,3003,3,,,,,,,0,
B,5/4/22,1:26 PM,2021,Jaguar,I-Pace,175 Bayshore Boulevard,San Francisco,San Francisco,94124,Stopped in Traffic,Moving,2,Minor,Autonomous,Clear,Daylight,Dry,No Unusual Conditions,Stopped,Proceeding Straight,Rear End,Mid-Sized Car,Intersection,Vehicle 2,0,None,"On 4,2022 at 1.26 PM PST a Waymo Autonomous Vehicle (""Waymo AV' operating in San Francisco, California was in a collision involving passenger vehicle at the northbound merge lane on the 100 block of Bayshore Boulevard. While attempting a merge onto northbound Bayshore Boulevard from southbound Bayshore Boulevard, the Waymo AV came to a stop to for approaching traffic on the right  While stopped, a vehicle approached from behind and made contact with the rear bumper of the Waymo V At the time of the impact, the Waymo AV's Level 4 ADS was engaged in autonomous mode, and a test driver was present (in the driver seating position) The Waymo AV sustained minor damage. May yield",9,37.745604,-122.403373,980900,1031,1,32.5,296,82,16,169,10,19,137750
B,5/11/22,9:19 AM,2021,Jaguar,I-Pace,24th Street and Capp Street,San Francisco,San Francisco,94110,Moving,Moving,2,Minor,Conventional,Clear,Daylight,Dry,No Unusual Conditions,Making Right Turn,Passing Other Vehicle,Side Swipe,Compact Car,Intersection,Vehicle 2,0,None,"On 11,2022 at 9:19 AM PST a Waymo Autonomous Vehicle (""Waymo AV') operating in San Francisco, California was in a collision  involving SUV on 24th Street and Street_ The Waymo AV was attempting to make a right turn from 24th Street onto Capp Street while yielding to pedestrian in the adjacent crosswalk in autonomous mode. A SUV approaching from behind the Waymo AV passed on the left side, making contact with the Waymo AV's rear left sensor housing: The Waymo AV operator transitioned the from autonomous to manual mode just before the moment of impact: The SUV immediately left the scene. At the time of the impact, the Waymo AV's Level 4 ADS was not engaged and a test driver was operating the Waymo AV in manual mode: The Waymo AV sustained minor damage. May Capp system",6,37.752306,-122.417358,020900,1006,1,,,,,,,0,
C,5/13/22,4:37 AM,2020,Cruise,AV,1699 Pine St,San Francisco,San Francisco,94109,Stopped in Traffic,Moving,2,Minor,Autonomous,Clear,Dark - Street Lights,Dry,No Unusual Conditions,Stopped,Proceeding Straight,Rear End,Two-Wheels,Street,Vehicle 2,0,None,"A Cruise autonomous vehicle (""Cruise A operating in supervised autonomous mode, was at a complete stop in response to a red light o  westbound Pine Street at the intersection with Franklin Street. A black BMW approaching from the rear made contact with the Cruise AV's rear bumper, damaging the Cruise AV's rear bumper. The driver of the other vehicle left the scene without exchanging information. The two Cruise AV operators in the Cruise AV later reported back injuries. Police were not called: V"");","7, 8, 9",37.789055,-122.423411,015100,2002,2,52.1,994,615,2,322,30,25,175647
D,5/17/22,4:20 PM,2020,HYUNDAI,IONIQ 5,4TH AV BIW BROOKS CT & BROADWAY ST,Venice,Los Angeles,90291,Moving,Moving,2,Minor,Conventional,Clear,Daylight,Dry,No Unusual Conditions,Slowing/Stopping,Proceeding Straight,Side Swipe,Mid-Sized Car,Street,Vehicle 2,0,None,"The Motional vehicle was traveling on 4th between Brooks Ct and Broadway St; in Venice, CA in manual mode in the sole northbound lane_ While navigating the narrow two-lane, unstriped road, the safety driver slowed the vehicle to 1.Smph to allow driver coming in the opposite direction to navigate past the Motional vehicle. The other vehicle's driver side mirror made contact with the Motional vehicle's driver side wing mirror and LIDAR casing, causing cosmetic damage. The safety driver pulled the vehicle to the side of the road and exchanged information with the driver of the other vehicle. There was one other vehicle involved, minor cosmetic damage to the Motional vehicle, minor cosmetic damage to the third-party vehicle, and no injuries occurred due to the incident. Ave; wing",2,34.015084,-118.493593,701902,2013,2,,,,,,,0,
Pony.ai,5/17/22,3:00 PM,2021,Hyundai,Kona EV,30407 Arroyo Dr,Irvine,Orange County,92617,Moving,Moving,2,None,Autonomous,Clear,Daylight,Unknown,No Unusual Conditions,Proceeding Straight,Backing,Rear End,Compact Car,Street,Vehicle 2,0,None,"On 17,2022, a passenger vehicle reversed out of a parking spot into ai autonomous testing vehicle's rear bumper: At the time of the collision, the Pony.ai vehicle was operating in autonomous mode with a safety operator in the driver' s seat and was moving at a low speed:  The Ponyai vehicle did not sustain any damage. There were no injuries O property damage, the police were not called to the scene, and a Pony.ai employee drove the ai vehicle back to Pony.ai's Irvine facility. May Pony. Pony.=",0,33.645351,-117.824651,062614,4002,4,20.6,3747,961,180,1194,1241,171,8849
B,5/17/22,1:26 PM,2021,Jaguar,I-Pace,Stanyan Street and McAllister Street,San Francisco,San Francisco,94118,Moving,Moving,2,Minor,Autonomous,Clear,Daylight,Dry,No Unusual Conditions,Slowing/Stopping,Proceeding Straight,Rear End,Truck/Bus,Parking,Vehicle 1,0,None,"On 17,2022 at 1:26 PM PST a Waymo Autonomous Vehicle (""Waymo AV"") operating in San Francisco, California was in a collision involving passenger car on Stanyan Street at McAllister Street. The Waymo AV was proceeding south on Stanyan Street in autonomous mode, and preparing to make a left turn onto McAllister Street: As the Waymo AV entered the intersection, it slowed to yield to northbound traffic o Stanyan Street: A passenger car approached from behind and made contact with the rear of the Waymo AV. At the time of the impact, the Waymo AV's Level 4 ADS was engaged in autonomous mode, and a test driver was present (in the driver s seating position). Both vehicles sustained minor damage. May",8,37.775684,-122.454847,015600,2003,2,,,,,,,0,
Mercedes,5/19/22,3:05 PM,2021,Mercedes,S CLASS,710 Sand Atlantic BlvdFwy,Commerce,Los Angeles,90040,Moving,Moving,2,Minor,Autonomous,Cloudy,Daylight,Dry,No Unusual Conditions,Proceeding Straight,Proceeding Straight,Rear End,Compact Car,Street,Vehicle 2,1,Driver of the Honda Civic later claimed injuries related to the event,"While departing from a standstill in heavy traffic with L3 ADS engaged, the subject Mercedes-Benz vehicle was struck in the rear bumper by a large semi-truck No injuries were reported  The contact from the truck resulted in two minor scratches and two indentations on the rear bumper of the subject Mercedes-Benz The driver of the truck did not over after the collision and departed the scene. After a police report was initiated, the subject Mercedes-Benz drove away the incident location. Further inspection of the vehicle revealed no additional damage beyond the cosmetic dents and surface scratches on the Mercedes-Benz. pull from","7, 9",33.990863,-118.153153,532304,2034,2,,,,,,,0,
A,5/20/22,1:30 PM,2016,Toyota,Highlander,Folsom St. near Essex St:,San Francisco,San Francisco,94105,Stopped in Traffic,Moving,2,Minor,Autonomous,Clear,Daylight,Dry,No Unusual Conditions,Stopped,Proceeding Straight,Rear End,Pedestrian ,Street,Vehicle 1,0,None,A Zoox vehicle in autonomous mode was stopped on Folsom Street facing Essex Street; when passenger vehicle from behind made contact with its rear sensors at low speed. The police were not called and there were no injuries.,8,37.787746,-122.393635,061506,3000,3,34.8,1273,589,0,621,63,0,250001
B,5/21/22,10:03 AM,2021,Jaguar,I-Pace,Coleridge Street at CosoAvenue,San Francisco,San Francisco,94110,Stopped in Traffic,Moving,2,Minor,Conventional,Clear,Daylight,Dry,No Unusual Conditions,Stopped,Making Right Turn,Side Swipe,Two-Wheels,Intersection,Vehicle 2,0,None,"On 21,2022 at 10.03 AM PST a Waymo Autonomous Vehicle (""Waymo AV"") operating in San Francisco, CA was in a collision involving an SUV on Coleridge Street at Coso Avenue. The Waymo AV was parked on the right side of the road, facing northbound Coleridge Street: An SUV passed the Waymo AV in the traffic lane to the left of the Waymo A V and began shifting to the right as it approached Coso Avenue The right side of the SUV made contact with the front left sensor of the stationary Waymo AV. At the time of the impact, the Waymo AV's Level 4 ADS was not engaged and a test driver was operating the Waymo AV in manual mode. Both vehicles sustained minor damage. May",1,37.74259,-122.420597,025300,3005,3,34.4,740,368,0,73,281,18,130375
C,5/25/22,8:42 PM,2022,Cruise,AV,135 Drumm St,San Francisco,San Francisco,94111,Stopped in Traffic,Moving,2,None,Conventional,Clear,Dark - Street Lights,Dry,No Unusual Conditions,Stopped,Proceeding Straight,Rear End,Two-Wheels,Street,Vehicle 2,1,Cyclist fell to the ground and sustained injuries. Police and Emergency Medical Services (EMS) were called.,"A Cruise autonomous vehicle (""Cruise AV""), operating in manual mode, was at a complete in response to a red light on southbound Drumm Street between Clay Street and Sacramento Street: A Ford Mustang approaching the rear made contact with the Cruise AV's rear bumper_ The Cruise AV operator reported injuries There were no damages reported and the police were not called stop from",0,37.794968,-122.396501,010500,2002,2,37.6,1055,661,18,253,35,88,209871
B,5/27/22,1:16 AM,2021,Jaguar,I-Pace,Bush Street at Stockton Street,San Francisco,San Francisco,94108,Stopped in Traffic,Moving,2,Minor,Autonomous,Clear,Dark - Street Lights,Dry,No Unusual Conditions,Stopped,Slowing/Stopping,Rear End,Truck/Bus,Street,Vehicle 2,0,None,"On 27th, 2022 at 1:l6AM PST a Waymo Autonomous Vehicle (~Waymo AV"") operating in San Francisco, California was in a collision involving a motorcycle on Bush Street at Stockton Street: While the Waymo AV was stopped at a red light on eastbound Bush in the rightmost lane, a motorcycle approached the Waymo AV behind and the front of the motorcycle made contact with the rear of the Waymo AV. At the time of the impact, the Waymo AV's Level 4 ADS was engaged in autonomous mode, and a test driver was present (in the driver's seating position). Both vehicles sustained minor damage. May from",7,37.790366,-122.407149,011700,3000,3,,,,,,,0,
A,5/31/22,12:50 PM,2016,Toyota,Highlander,1Oth Street and Folsom Street Intersection,San Francisco,San Francisco,94103,Stopped in Traffic,None,2,Minor,Conventional,Clear,Daylight,Dry,No Unusual Conditions,Proceeding Straight,Proceeding Straight,Rear End,Mid-Sized Car,Street,Vehicle 2,0,None,"A Zoox vehicle in manual mode was stopped at a red traffic light on Folsom Street facing 1Oth Street_ When the light turned green, the Zoox vehicle proceeded forward, and the passenger vehicle behind the Zoox vehicle made contact with the Zoox vehicle's tailgate and rear sensors. There were no injuries, and the police were not called.",8,37.787298,-122.394481,061506,1003,1,,,,,,,0,
A,6/1/22,1:02 PM,2016,Toyota,Highlander,Hlth Street and Harrison Street Intersection,San Francisco,San Francisco,94133,Stopped in Traffic,Moving,2,Minor,Autonomous,Clear,Daylight,Unknown,No Unusual Conditions,Stopped,Proceeding Straight,Rear End,None,Street,Vehicle 1,0,None,A Zoox vehicle in autonomous mode was stopped at a red traffic signal at the intersection of Harrison and Hth Streets in San Francisco with its left turn signal engaged. A the traffic signal changed to green and while waiting for an opening to turn left onto Harrison Street; the Zoox vehicle was struck by a passenger vehicle from behind. The driver of that passenger vehicle stated that he was using his phone and not paying attention: No police O emergency services were called to the scene_ The Zoox driver; passenger; and rear passenger reported minor injuries for which later sought medical attention. The Zoox vehicle incurred minor damage to its rear sensors_ fter front they,8,37.721381,-122.450304,031202,2001,2,38.4,1826,52,46,1427,240,61,143698
B,6/1/22,7:26 AM,2021,Jaguar,I-Pace,McAllister Street and Franklin Street,San Francisco,San Francisco,94102,Stopped in Traffic,Moving,2,Minor,Autonomous,Clear,Daylight,Dry,No Unusual Conditions,Stopped,Proceeding Straight,Rear End,Compact Car,Street,Vehicle 2,0,None,"On June 1,2022 at 7.26 AM PST a Waymo Autonomous Vehicle (""Waymo AV"") operating in San Francisco, California was in a collision involving an SUV on McAllister Street at Franklin Street_ While the Waymo AV was stopped at a red light on eastbound McAllister Street, an SUV that had previously been stopped behind the Waymo AV rolled forward and made contact with the rear of the Waymo AV. At the time of the impact, the Waymo AV's Level 4 ADS was engaged in autonomous mode, and a test driver was present (in the driver'$ seating position). The Waymo AV sustained minor damage",8,37.77989,-122.421892,016200,2007,2,,,,,,,0,
A,6/1/22,1:15 PM,2016,Toyota,Highlander,"Pacific Ave , Kearny St , Columbus Ave. Intersectio",San Francisco,San Francisco,94133,Moving,Moving,2,Minor,Conventional,Clear,Daylight,Dry,No Unusual Conditions,Proceeding Straight,Proceeding Straight,Broadside,Mid-Sized Car,Reverse,Vehicle 1,0,None,"A Zoox vehicle in autonomous mode was proceeding westbound with the right of way on a green traffic light at the six way intersection of Pacific Keary St , and Columbus Ave-, when person operating an electric scooter ran red light and proceeded northbound into the intersection  The scooter made contact with the left rear quarter panel of the Zoox vehicle, at which time the Zoox vehicle had disengaged autonomous mode. The Zoox vehicle pulled over, and police and emergency services arrived at the scene_ Ave: from",5,37.796535,-122.408534,011300,1000,1,44.5,1691,150,52,1382,74,33,53594
C,6/2/22,1:54 AM,2020,Cruise,AV,1534 Hayes St,San Francisco,San Francisco,94117,Moving,None,1,Minor,Conventional,Clear,Dark - Street Lights,Dry,No Unusual Conditions,Proceeding Straight,Unknown,Head On,Mid-Sized Car,Street,Vehicle 2,0,None,"A Cruise autonomous vehicle (""Cruise AV"") operating in supervised autonomous mode was driving Westbound on Hayes Street between Lyon Street and Baker Street when pedestrian ran in front of the AV. The Cruise AV stopped for the pedestrian and, moments later, the pedestrian began yelling and approaching the Cruise AV_ The Cruise AV operator disengaged the Cruise AV from autonomous mode to leave the scene The Cruise AV operator drove the vehicle forward and maneuvered away from the pedestrian; but the pedestrian continued to approach the Cruise AV and jumped onto the hood of the Cruise AV. The pedestrian fell in front of the Cruise AV and remained there until later fleeing the scene. The injury status of the pedestrian is unknown and a police report was filed:","16, 17, 18",37.77476,-122.441894,016500,1003,1,32.5,1537,919,130,166,212,34,143974
C,6/3/22,11:00 PM,2022,Cruise,AV,698 Spruce Street,San Francisco,San Francisco,94118,Stopped in Traffic,Moving,2,Major,Autonomous,Clear,Dark - Street Lights,Dry,No Unusual Conditions,Stopped,Proceeding Straight,Broadside,Mid-Sized Car,Intersection,Vehicle 1,0,None,"A Cruise autonomous vehicle (""Cruise AV"") operating in driverless autonomous mode, was traveling eastbound on Geary Boulevard toward the intersection with Spruce Street_ As it approached the intersection, the Cruise AV entered the left hand turn lane, turned the left turn signal on, and initiated a left turn 0n a green light onto Spruce Street At the same time, Toyota Prius traveling westbound in the rightmost bus and turn lane of Boulevard approached the intersection in the right turn lane. The Toyota Prius was traveling approximately 40 mph in a 25 mph speed zone_ The Cruise AV came to stop before fully completing its turn onto Spruce Street due to the oncoming Toyota Prius, and the Toyota Prius entered the intersection traveling straight from the turn lane instead of turning: Shortly thereafter, the Toyota Prius made contact with the rear passenger side of the Cruise AV. The impact caused damage to the right rear door; panel, and wheel of the Cruise AV. Police and Emergency Medical Services were called to the scene, and a police report was filed The Cruise AV was towed from the scene. Occupants of both vehicles received medical treatment for allegedly minor injuries. Geary","7, 8, 9",37.781741,-122.453123,015701,1013,1,34.8,2050,1304,6,669,14,57,156250
B,6/5/22,10:07 AM,2021,Jaguar,I-Pace,Bush Street and Gough Street,San Francisco,San Francisco,94109,Stopped in Traffic,Moving,2,Minor,Autonomous,Raining,Daylight,Wet,No Unusual Conditions,Stopped,Backing,Head On,Mid-Sized Car,Intersection,Vehicle 2,0,None,"On June 5, 2022 at 10.07 AM PST a Waymo Autonomous Vehicle (""Waymo AV') operating in San Francisco, California was in a collision involving passenger vehicle on Bush Street and Gough Street: The Waymo AV was stopped in autonomous mode behind stopped traffic facing east on Bush Street: The passenger vehicle ahead of the Waymo transitioned into reverse and began to accelerate, making contact with the front sensor of the Waymo AV At the time of the impact, the Waymo AV's Level 4 ADS was engaged in autonomous mode, and a test driver was present (in the driver's seating position). Both vehicles sustained minor damage. AV",17,37.78807,-122.425237,015201,1005,1,,,,,,,0,
A,6/11/22,10:45 AM,2016,Toyota,Highlander,Halsey Ave.,San Mateo,San Mateo,94403,Moving,Moving,2,Minor,Conventional,Clear,Daylight,Dry,No Unusual Conditions,Parking Maneuver,Passing Other Vehicle,Side Swipe,Mid-Sized Car,Intersection,Vehicle 2,0,None,"A Zoox vehicle was in autonomy exiting parking space on Halsey Ave: between S. Norfolk St. and Eisenhower St in San Mateo, CA, with a second vehicle stopped in the lane with its right turn indicator 0n, when a third vehicle overtook the second vehicle and cut in abruptly from the left, making contact with the front left side and sensors of the Zoox vehicle as it was exiting the space. The Zoox operator disengaged to manual mode just before the contact.",1,37.560471,-122.298827,607800,2005,2,48.5,1561,487,17,538,345,139,148906
Apple,6/14/22,3:15 PM,2016,Lexus,RX 45h,Moorparkand E Evelyn AveWay,Mountain View,Santa Clara,94041,Stopped in Traffic,Moving,2,Moderate,Conventional,Clear,Daylight,Dry,No Unusual Conditions,Making Right Turn,Making Right Turn,Rear End,Mid-Sized Car,Street,Vehicle 1,0,None,"On June 14th, a test vehicle was operating in autonomous mode when the safety driver took manual control immediately before a white Mazda3 made contact with the rear of the test vehicle and caused damage to a sensor. This occurred as the test vehicle was making a right turn from Moorpark to East Evelyn Avenue in Mountain View. The test vehicle operators believed had run over road debris and did not discover the crash or damage after returning to base, so the two vehicles did not exchange information: No injuries were reported, and law enforcement was not called to the scene. Way they until",8,37.388528,-122.075734,509700,1003,1,,,,,,,0,
C,6/17/22,7:53 PM,2023,Cruise,AV,2502 Leavenworth Street,San Francisco,San Francisco,94133,Moving,Moving,2,Moderate,Conventional,Clear,Daylight,Dry,No Unusual Conditions,Parked,Proceeding Straight,Rear End,Mid-Sized Car,Intersection,Vehicle 2,0,None,"A Cruise autonomous vehicle (""Cruise AV') operating in manual mode, was stopped in legal curbside parking spot on northbound Leavenworth Street between Francisco Street and Street_ A Mazda CX-9 approaching from the rear and traveling northbound on Leavenworth Street made contact with the Cruise AV'$ rear driver side, damaging the left rear quarter panel of the Cruise AV resulting in the Cruise AV towed the incident: There is also damage to the Mazda CX-9 s right quarter There were no injuries reported and the police were not called. Bay being from front panel.","5, 6, 7, 8",37.804335,-122.418101,010300,1001,1,50.7,1077,702,0,277,91,7,0
B,6/21/22,12:21 PM,2021,Jaguar,I-Pace,Parking Entrance near Brannan Street and 9th Street,San Francisco,San Francisco,94103,Moving,None,1,Minor,Autonomous,Clear,Daylight,Dry,No Unusual Conditions,Making Left Turn,Unknown,Other,Compact Car,Street,Vehicle 2,1,Injured passenger,"On June 21,2022 at 12.21 PM PST a Waymo Autonomous Vehicle (""Waymo AV"") operating in San Francisco, CA made contact with a parking lot driveway 0n the 900 block of Brannan Street: The Waymo AV approached a parking lot: As the Waymo AV turned left and into the parking lot, the Waymo A undercarriage made contact with the driveway pavement (the AV did not contact any vehicle Or road user) At the time of the contact; the Waymo AV's Level 4 ADS was engaged in autonomous mode, and a test driver was present (in the driver's seating position). The Waymo AV sustained minor undercarriage damage. V's",7,37.775678,-122.412131,017803,1000,1,,,,,,,0,
A,6/28/22,2:36 PM,2016,Toyota,Highlander,Kearny Street approaching Post Street,San Francisco,San Francisco,94108,Moving,Stopped in Traffic,2,Minor,Conventional,Clear,Daylight,Dry,No Unusual Conditions,Proceeding Straight,Parked,Other,Mid-Sized Car,Street,Vehicle 2,0,None,"A Zoox vehicle in manual mode was proceeding straight in its lane on Kearny St: in San Francisco, when an occupant of a parallel parked car abruptly opened a rear door into the side of the Zoox vehicle, causing minor damage to both vehicles The Zoox vehicle had disengaged for unrelated traffic within 30 seconds of the contact. There were no injuries and the police were not called:",4,37.792141,-122.404446,011700,1000,1,39.7,571,206,7,240,9,109,0
C,6/29/22,10:49 AM,2020,Cruise,AV,835 Clement Street,San Francisco,San Francisco,94118,Moving,None,1,None,Conventional,Clear,Daylight,Dry,No Unusual Conditions,Proceeding Straight,Proceeding Straight,Rear End,Mid-Sized Car,Street,Vehicle 1,0,None,"A Cruise autonomous vehicle (""Cruise AV"") , operating in supervised autonomous mode, was traveling eastbound on Clement Street between 1Oth Avenue and 9th Avenue. Following the intersection of 1Oth Avenue mid-block, while engaged in autonomous mode, a vehicle in an angled parking space on the right backed out into the same lane as the oncoming Cruise AV. The AV operator disengaged from autonomous into manual mode, and pulled to the left to avoid the vehicle backing up_ At this time, contact by a was made at the rear driver side bumper of the Cruise AV. There were no reported injuries or damages at the scene by either party and police were not called  The following on June 30, 2022, the cyclist claimed damages and injuries related to the event cyclist- day",0,37.782558,-122.468268,040200,2001,2,39,1069,358,14,616,36,45,0
B,7/1/22,10:08 AM,2021,Jaguar,I-Pace,355 Bayshore Blvd,San Francisco,San Francisco,94124,Stopped in Traffic,Moving,2,Minor,Autonomous,Clear,Daylight,Dry,No Unusual Conditions,Stopped,Making Left Turn,Side Swipe,Mid-Sized Car,Street,Vehicle 1,0,None,"On July 1,2022 at 10.08 AM PST a Waymo Autonomous Vehicle (""Waymo AV"") operating in San Francisco, California was in a collision involving a van in parking lot near Bayshore Boulevard at Flower Street_ The Waymo AV came to a stop while yielding for an oncoming van in a narrow passageway in a parking lot. While attempting to pass the Waymo AV, the van made contact with the sensor housing on the left rear of the Waymo AV_ At the time of the impact, the Waymo AV'$ Level 4 ADS was stationary and engaged in autonomous mode, and a test driver was present (in the driver' $ seating position). Both vehicles sustained minor damage.",6,37.741718,-122.405418,980900,1037,1,32.5,296,82,16,169,10,19,137750
B,7/2/22,6:54 AM,2021,Jaguar,I-Pace,Embarcadero at Broadway,San Francisco,San Francisco,94111,Stopped in Traffic,Moving,2,Minor,Autonomous,Clear,Daylight,Dry,No Unusual Conditions,Stopped,Proceeding Straight,Rear End,Mid-Sized Car,Street,Vehicle 2,0,None,"On July 2, 2022 at 6.54 AM PST a Waymo Autonomous Vehicle (""Waymo AV"") operating in San Francisco, California was in a collision involving passenger car on the Embarcadero at Broadway_ The Waymo AV was stopped in the dedicated left turn lane facing north o the Embarcadero, awaiting a green signal for a protected left turn onto Broadway The signal for traffic proceeding north on the Embarcadero turned green, and traffic in adjacent lanes began moving The left turn arrow signal for the dedicated turn lane occupied by the Waymo AV remained red. The passenger car that had been stopped directly behind the Waymo AV began moving forward. The front of the passenger car made contact with the rear of the Waymo AV_ immediately after which the passenger car left the scene. At the time of the impact, the Waymo AV's Level 4 ADS was engaged in autonomous mode, and a test driver was present (in the driver $ seating position): The Waymo AV sustained minor damage and the Waymo AV test driver reported lower back pain.",18,37.79754,-122.395673,010500,2001,2,37.6,1055,661,18,253,35,88,209871
B,7/2/22,11:23 PM,2021,Jaguar,I-Pace,Bayshore Boulevard at Jerrold Avenue,San Francisco,San Francisco,94124,Moving,Moving,2,Minor,Conventional,Clear,Dark - Street Lights,Dry,No Unusual Conditions,Proceeding Straight,Other Unsafe Turning,Side Swipe,Truck/Bus,Intersection,Vehicle 2,0,None,"On July 2,2022 at 11.23 PM PST a Waymo Autonomous Vehicle (""Waymo AV"") operating in San Francisco, California was in collision involving passenger car on Bayshore Boulevard at Jerrold Avenue: The Waymo AV was traveling north on Bayshore Boulevard in the rightmost lane when a passenger car approached the Waymo AV behind on the left: Just after passing the Waymo AV the passenger car veered across the of the Waymo AV into the entrance of a gas station on the right hand side of the roadway. The right rear corner of the passenger vehicle made contact with the front left corner of the Waymo AV, immediately after which the passenger car left the scene_ At the time of the impact, the Waymo AV's Level 4 ADS was not engaged and a test driver was operating the Waymo AV in manual mode_ The Waymo AV sustained minor damage. from path","8, 9",37.726178,-122.401537,023300,2003,2,47.8,2491,216,335,1597,291,52,72958
B,7/3/22,2:50 AM,2021,Jaguar,I-Pace,19th Street at Valencia Street,San Francisco,San Francisco,94110,Moving,Moving,2,Minor,Conventional,Clear,Dark - Street Lights,Dry,No Unusual Conditions,Making Left Turn,Traveling Wrong Way,Side Swipe,Mid-Sized Car,Parking,Vehicle 1,0,None,"On July 3,2022 at 2:18 AM PST a Waymo Autonomous Vehicle (Waymo AV"") operating in San Francisco, California was in a collision involving passenger car on 19th Street at Valencia Street_ The Waymo AV was traveling west on I9th Street and preparing to make a left turn onto Valencia street to travel south: A passenger car passed the Waymo AV and the vehicle directly behind the Waymo AV by crossing into and driving in the opposing lane of traffic: As the passenger vehicle passed the Waymo on the left, the right side of the passenger vehicle made contact with the front left corner of the Waymo AV, immediately after which the passenger car left the scene At the time of impact, the Waymo AV's Level 4 ADS was not engaged and a test driver was operating the Waymo AV in manual mode. The Waymo AV sustained minor damage.",1,37.760101,-122.421425,020701,2004,2,,,,,,,0,
B,7/5/22,3:26 PM,2021,Jaguar,I-Pace,17th Street at Wisconsin Street,San Francisco,San Francisco,94107,Moving,Moving,2,Moderate,Autonomous,Clear,Daylight,Dry,No Unusual Conditions,Slowing/Stopping,Proceeding Straight,Rear End,Mid-Sized Car,Intersection,Vehicle 1,0,None,"On July 5,2022 at 3.26 PM PST a Waymo Autonomous Vehicle (""Waymo AV"") operating in San Francisco, CA was in a collision involving passenger vehicle on 17th Street at Wisconsin Street_ The Waymo AV was traveling westbound o 1Zth Street when it detected a siren from nearby emergency vehicle. As the Waymo AV slowed, passenger vehicle made contact with the rear of the Waymo AV_ At the time of the impact, the Waymo AV's Level 4 ADS was engaged in autonomous mode, and a test driver was present (in the driver's seating position). Both vehicles sustained damage.","8, 9",37.764956,-122.399662,060702,1032,1,,,,,,,0,
A,7/8/22,10:47 PM,2016,Toyota,Highlander,Folsom Street and 9th Street,San Francisco,San Francisco,94103,Moving,Moving,2,Minor,Conventional,Clear,Dark - Street Lights,Dry,No Unusual Conditions,Proceeding Straight,Making Left Turn,Side Swipe,Mid-Sized Car,Intersection,Vehicle 2,1,Later reported neck pain,A Zoox vehicle in manual mode was proceeding straight on a one-way street when passenger vehicle in the right adjacent lane abruptly cut in front of the Zoox vehicle to make a left turn_ The passenger vehicle impacted the front right sensors on the Zoox vehicle and proceeded left through the intersection: The passenger vehicle drove away without exchanging information: There were no injuries and the police were not called.,16,37.773769,-122.41161,017803,2000,2,,,,,,,0,
C,7/14/22,2:57 AM,2022,Cruise,AV,3597 Mission St,San Francisco,San Francisco,94110,Stopped in Traffic,Moving,2,Moderate,Autonomous,Clear,Dark - Street Lights,Dry,No Unusual Conditions,Stopped,Backing,Side Swipe,Mid-Sized Car,Street,Vehicle 2,0,None,"A Cruise autonomous vehicle (""Cruise AV""), operating in driverless autonomous mode, was traveling southbound in the right lane of traffic on Mission Street between Randall Street and Appleton Avenue. The Cruise AV stopped behind and to the left ofa Hyundai Elantra that was stopped beside the right curb of Mission Street The driver was standing beside the Hyundai Elantra with the driver door open into the lane of traffic. The Hyundai Elantra then rolled backwards at an angle and, shortly thereafter, made contact with the Cruise AV_ damaging the front passenger dOOr; rear passenger quarter panel, rear passenger bumper, and rear passenger wheel of the Cruise AV. The driver of the Hyundai Elantra left the scene without exchanging information. There were no injuries and police report was later filed:","9, 10, 11, 13",37.738989,-122.423722,025401,1003,1,36.9,968,653,0,103,171,41,164167
C,7/16/22,10:46 PM,2020,Cruise,AV,700 Parnassus Ave,San Francisco,San Francisco,94122,Moving,Moving,2,Minor,Autonomous,Clear,Dark - Street Lights,Dry,No Unusual Conditions,Proceeding Straight,Proceeding Straight,Broadside,Mid-Sized Car,Intersection,Vehicle 2,0,None,"A Cruise autonomous vehicle (""Cruise AV""), operating in driverless autonomous mode, was at a complete stop in response to a stop sign on westbound Parnassus Avenue at the intersection with 4th Avenue. After the Cruise AV began to proceed straight through the intersection, a Toyota FJ Cruiser traveling southbound on 4th Avenue approached a stop sign in its direction of travel at the intersection with Parnassus Avenue. The Toyota FJ Cruiser did not stop for its stop sign and, shortly thereafter, the Toyota FJ Cruiser entered the intersection and made contact with the Cruise AV as the Cruise AV was passing through the intersection, damaging the rear passenger quarter panel of the Cruise AV_ The driver of the Toyota FJ Cruiser left the scene without exchanging information. There were no injuries and police report was later filed.","9, 10, 11",37.762797,-122.461126,030101,4000,4,32.5,1012,408,0,518,43,43,155469
C,7/18/22,1:39 AM,2020,Cruise,AV,1561 I6th Ave,San Francisco,San Francisco,94122,Moving,Moving,2,Moderate,Autonomous,Clear,Dark - Street Lights,Dry,No Unusual Conditions,Proceeding Straight,Passing Other Vehicle,Side Swipe,Mid-Sized Car,Intersection,Vehicle 2,0,None,"A Cruise autonomous vehicle (""Cruise A V""), operating in driverless autonomous mode, was traveling southbound o I6th Avenue between Lomita Avenue and Lawton Street At the same time, red Honda Sedan traveling behind the Cruise AV maneuvered into the oncoming lane and increased speed as it attempted to pass the Cruise AV to the left. Shortly thereafter, contact was made with the Cruise AV's front driver side mirror, damaging the front driver side mirror of the Cruise AV. The driver of the red Honda Sedan left the scene without exchanging information There were no injuries and a police report was later filed.",0,37.760005,-122.462968,030101,4004,4,32.5,1012,408,0,518,43,43,155469
A,7/22/22,2:30 PM,2016,Toyota,Highlander,14th St: & Harrison St. Intersection,San Francisco,San Francisco,94103,Moving,Moving,2,Minor,Autonomous,Clear,Daylight,Dry,No Unusual Conditions,Proceeding Straight,Making Left Turn,Rear End,Mid-Sized Car,Street,Vehicle 2,0,None,"A Zoox vehicle in autonomy was proceeding straight on Harrison St in San Francisco, when passenger vehicle turning left from 14th St: on to Harrison St. struck the rear of the Zoox vehicle damaging the sensors. There were no injuries and the police were not called Ca,",8,37.768671,-122.413396,017700,2016,2,,,,,,,0,
B,7/24/22,11:16 AM,2021,Jaguar,I-Pace,Connecticut Street north of 25th Street,San Francisco,San Francisco,94107,Moving,Stopped in Traffic,2,Minor,Conventional,Clear,Daylight,Dry,No Unusual Conditions,Backing,Stopped,Side Swipe,Truck/Bus,Intersection,Vehicle 2,0,None,"On July 24,2022 at 1:16 AM PST a Waymo Autonomous Vehicle (""Waymo AV') operating in San Francisco, California was in a collision involving a van 0 Connecticut Street north of 2Sth Street: While proceeding northwest on Connecticut Street in autonomous mode, the Waymo AV came to stop behind a stalled bus blocking the roadway_ The driver transitioned the system to manual mode and began to reverse out of the narrow road_ While reversing; a van approached behind and the Waymo AV made contact with the front left fender of the van. At the time of the impact, the Waymo AV'$ Level 4 ADS was not engaged and a test driver was operating the Waymo AV in manual mode. The Waymo AV sustained minor damage. from",10,37.761892,-122.397296,022702,2004,2,40.7,990,707,18,106,95,64,221136
C,8/2/22,7:04 AM,2020,Cruise,AV,38 The Embarcadero S,San Francisco,San Francisco,94105,Moving,Moving,2,Minor,Autonomous,Clear,Daylight,Dry,No Unusual Conditions,Slowing/Stopping,Changing Lanes,Rear End,Mid-Sized Car,Street,Vehicle 2,0,None,"A Cruise autonomous vehicle (""Cruise AV""), operating in supervised autonomous mode, was traveling southbound on The Embarcadero Street between Don Chee and Mission Street. At the same time, a Honda Accord began to merge into the Cruise AV's lane behind the Cruise AV_ The Cruise AV braked and, shortly thereafter; the Honda Accord made contact with the Cruise AV, damaging the rear driver side bumper of the Cruise AV. The parties exchanged information and there were no reported injuries. Way",7,37.794943,-122.394471,010500,2011,2,37.6,1055,661,18,253,35,88,209871
Woven Planet,8/8/22,10:10 AM,2020,Chrysler,Pacifica,Fell Street and Divisadero Street,San Francisco,San Francisco,94117,Moving,None,2,Minor,Conventional,Clear,Daylight,Dry,Unknown,Parking Maneuver,Unknown,Unknown,Compact Car,Street,Vehicle 2,0,None,"On August 8,2022, a Woven Planet North America vehicle, which was operating in manual mode for the entire duration of the trip, contacted the curb while making a parking maneuver at Fell Street and Divisadero Street: This contact with the curb caused minor damage to the vehicle's rear wheel_",14,37.774062,-122.437611,016400,2005,2,,,,,,,0,
B,8/10/22,5:05 PM,2021,Jaguar,I-Pace,Market Street & Clayton Street,San Francisco,San Francisco,94114,Stopped in Traffic,Moving,2,Minor,Autonomous,Clear,Daylight,Dry,No Unusual Conditions,Stopped,Proceeding Straight,Rear End,Mid-Sized Car,Street,Vehicle 2,0,None,"On August 10,2022 at 5.05 PM PST a Waymo Autonomous Vehicle (~Waymo AV"") operating in San Francisco, California was in a collision involving an SUV on Clayton Street at Market Street_ While approaching a merge onto southbound Market Street southbound Clayton Street, the Waymo AV came to a stop to yield for approaching traffic on the left: While the Waymo AV was stopped, an SUV approached from behind and made contact with the rear bumper]  of the Waymo AV. At the time of the impact, the Waymo AV's Level 4 ADS was engaged. Both vehicles sustained minor damage. from","7, 8",37.758407,-122.444369,020401,1002,1,,,,,,,0,
B,8/13/22,3:09 AM,2021,Jaguar,I-Pace,106 Noe Street,San Francisco,San Francisco,94114,Moving,Moving,2,Major,Autonomous,Clear,Dark - Street Lights,Dry,No Unusual Conditions,Proceeding Straight,Proceeding Straight,Rear End,Mid-Sized Car,Intersection,Vehicle 2,0,None,"On August 13,2022 at 03.09 AM PST a Waymo Autonomous Vehicle (""Waymo AV') operating in San Francisco, CA was in a collision involving an SUV on 14th Street at Noe Street The Waymo AV was traveling eastbound o l4th Street in autonomous mode when it slowed for a stop sign on Noe Street: As the Waymo AV slowed to almost a complete stop, an SUV made contact with the rear of the Waymo AV. Both vehicles sustained damage. At the time of the impact, the Waymo AV's Level 4 ADS was engaged in autonomous mode, and a test driver was present (in the driver'$ seating position)","7, 8, 9",37.767254,-122.433653,016900,1001,1,40.1,1375,1062,9,157,66,72,206210
B,8/14/22,6:08 PM,2021,Jaguar,I-Pace,14th Street at Market Street,San Francisco,San Francisco,94114,Stopped in Traffic,Moving,2,Minor,Autonomous,Clear,Daylight,Dry,No Unusual Conditions,Stopped,Proceeding Straight,Rear End,Compact Car,Intersection,Vehicle 2,0,None,"On August I4th, 2022 at 6.08 PM PST a Waymo Autonomous Vehicle (""Waymo AV"") operating in San Francisco, California was in a collision involving a passenger car 0 [4th Street at Market Street_ The Waymo AV was stopped in traffic in the left-hand lane of 14th Street, facing East: The passenger car that had been stopped behind the Waymo AV began moving forward. The front of the passenger car made contact with the rear of the Waymo AV. When the light turned green and traffic began moving, the passenger car left the scene. The Waymo AV sustained minor damage. At the time of the impact, the Waymo AV's Level 4 ADS was engaged in autonomous mode, and a test driver was present (in the driver $ seating position)","8, 9",37.767728,-122.428969,016900,2003,2,,,,,,,0,
B,8/16/22,3:52 AM,2021,Jaguar,I-Pace,Martin Luther King Jr. Drive at 2Sth Avenue,San Francisco,San Francisco,94122,Moving,Moving,2,Minor,Autonomous,Clear,Dark - Street Lights,Dry,No Unusual Conditions,Proceeding Straight,Xing Into Opposing Lane,Side Swipe,Mid-Sized Car,Intersection,Vehicle 2,0,None,"On August I6th, 2022 at 3.52 AM PST a Waymo Autonomous Vehicle ~~Waymo AV"") operating in San Francisco, California was in a collision involving a SUV on Martin Luther King Jr: Drive at 2Sth Avenue_ The Waymo AV was traveling West on Martin Luther Jr. Drive and stopped at the stop sign at the intersection with 2Sth Avenue. As the Waymo AV slowed to a stop, a SUV traveling in the opposite lane, East on Martin Luther King Jr. Drive, crossed the intersection with 25th Avenue and came to stop in the opposite lane, next to the Waymo AV. A stopping, the SUV began moving and the front left corner of the SUV made contact with the left side of the Waymo AV The SUV then left the scene. The Waymo AV sustained minor damage. At the time of the impact, the Waymo AV's Level 4 ADS was engaged in autonomous mode, and a test driver was present (in the driver $ seating position). King fter again","4, 5",37.766256,-122.458947,030101,2001,2,,,,,,,0,
B,8/16/22,9:12 AM,2021,Jaguar,I-Pace,Broadway at Sansome Street,San Francisco,San Francisco,94133,Stopped in Traffic,Moving,2,Minor,Autonomous,Clear,Daylight,Dry,No Unusual Conditions,Stopped,Proceeding Straight,Rear End,Mid-Sized Car,Intersection,Vehicle 2,0,None,"On August I6th, 2022 at 9:12 AM PST a Waymo Autonomous Vehicle ~~Waymo AV"") operating in San Francisco, California was in a collision involving a passenger vehicle on Broadway at Sansome Street. The Waymo AV was stopped behind a bus in the right lane, facing East on Broadway The passenger car that had been stopped behind the Waymo AV began moving forward. The front of the passenger car made contact with the rear of the Waymo AV. The Waymo AV sustained minor damage. At the time of the impact, the Waymo AV's Level 4 ADS was not engaged and a test driver was operating the Waymo AV in manual mode_","7, 8",37.797925,-122.407329,010701,2000,2,62,1978,24,0,1936,18,0,21003
C,8/16/22,3:53 AM,2020,Cruise,AV,Martin Luther King Jr. Drive and Crossover Drive,San Francisco,San Francisco,94122,Stopped in Traffic,Moving,2,Minor,Autonomous,Clear,Dark - Street Lights,Dry,No Unusual Conditions,Stopped,Changing Lanes,Rear End,Two-Wheels,Intersection,Vehicle 2,0,None,"A Cruise autonomous vehicle (""Cruise operating in supervised autonomous mode, was at a complete stop in response to a red light onf eastbound Martin Luther King Jr. Drive at the intersection with Crossover Drive. A white Honda SUV approaching from the rear in the lane to the left of the Cruise AV changed into the Cruise AV's lane, came to a complete stop behind the Cruise AV, and then proceeded forward to make contact with the rear driver side bumper of the Cruise AV. The white Honda SUV reversed backwards several feet; proceeded forward came to complete stop, and then proceeded forward to make contact with the Cruise AV This caused damage to the Cruise AV's rear driver side fascia. The driver of the other vehicle left the scene without exchanging information. Both Cruise AV operators reported injuries. AV""); again:","7, 8, 9",37.764648,-122.508996,980300,1019,1,34.7,25,14,0,5,6,0,149688
A,8/23/22,5:21 PM,2019,Toyota,Highlander,Santa Cruz Ave,Menlo Park,San Mateo,94025,Moving,Moving,2,Minor,Autonomous,Clear,Daylight,Dry,No Unusual Conditions,Making Left Turn,Proceeding Straight,Rear End,Mid-Sized Car,Intersection,Vehicle 2,0,None,"Zoox vehicle in autonomy had made a right turn from Oakdell Rd. onto Santa Cruz Ave. in Menlo Park; CA and was preparing to make an immediate, unprotected left turn onto Sharon Road: The Zoox vehicle was slowing and moving at approximately 2 mph with its brake lamps and left turn indicator illuminated, yielding to an oncoming vehicle with the right of way. A following vehicle traveling at approximately 24 mph then struck the Zoox vehicle's right rear bumper, and that vehicle's driver airbag appeared to have deployed on impact  The Zoox operator disengaged autonomy, proceeded with the left turn, and pulled over: The following vehicle continued its of travel, veered out of the lane, and collided with a tree on the left side of the road: The Menlo Park Police Department was called to the scene. Two Zoox operators sustained minor injuries and it is unknown if the driver of the other vehicle sustained injuries path","8, 9",37.443035,-122.191459,612700,2010,2,51.3,1065,841,0,130,16,63,239417
B,8/25/22,6:05 PM,2021,Jaguar,I-Pace,1Sth Street at Albion Street,San Francisco,San Francisco,94103,Stopped in Traffic,Moving,2,Moderate,Autonomous,Clear,Daylight,Dry,No Unusual Conditions,Stopped,Proceeding Straight,Rear End,Mid-Sized Car,Intersection,Vehicle 2,0,None,"On August 25,2022 at 6.05 PM PST a Waymo Autonomous Vehicle (~Waymo AV"") operating in San Francisco, California was in a collision involving a van 0 ISth Street at Albion Street: The Waymo AV was traveling west on ISth street and came to stop behind a double-parked vehicle in the right lane. Shortly after coming to stop; a van approached from behind and made contact with the rear of the Waymo AV_ The van then changed lanes and left the scene. At the time of the impact, the Waymo AV's Level 4 ADS was engaged in autonomous mode, and a test driver was present (in the driver $ seating position): The Waymo AV sustained moderate damage.",8,37.788001,-122.395607,061503,1001,1,31.7,1739,661,72,906,34,66,250001
A,8/30/22,9:01 PM,2016,Toyota,Highlander,On Kearny St. towards Bush St:,San Francisco,San Francisco,94108,Stopped in Traffic,Moving,2,Minor,Autonomous,Clear,Dark - Street Lights,Dry,No Unusual Conditions,Stopped,Changing Lanes,Rear End,Compact Car,Street,Vehicle 2,0,None,"A Zoox vehicle in autonomy was proceeding straight o Kearney Street in San Francisco, CA, in stop-and-go traffic. The Zoox vehicle came to & stop for a vehicle ahead when Vehicle Two made light contact with the Zoox vehicle's rear bumper behind. There were no injuries and the police were not called. from",8,37.791028,-122.408782,011902,3001,3,,,,,,,0,
A,9/1/22,11:30 AM,2016,Toyota,Highlander,Treat Ave. & Alameda St.,San Francisco,San Francisco,94103,Moving,Moving,2,Minor,Autonomous,Clear,Daylight,Dry,No Unusual Conditions,Making Right Turn,Proceeding Straight,Rear End,Two-Wheels,Intersection,Vehicle 2,1,Cyclist 3 reported minor injuries ,"A Zoox vehicle in autonomy was slowing for a right turn from Treat Ave: to Alameda St: in San Francisco, CA with its turn indicator and brake lights illuminated, when following bicyclist struck the rear right corner of the Zoox vehicle. The Zoox vehicle camera bracket was damaged. Police were not called and no injuries were reported.",10,37.775678,-122.412131,017803,1000,1,,,,,,,0,
C,9/1/22,6:46 PM,2022,Cruise,AV,766 Pine St,San Francisco,San Francisco,94108,Moving,Moving,2,Minor,Autonomous,Clear,Daylight,Dry,No Unusual Conditions,Proceeding Straight,Changing Lanes,Rear End,Mid-Sized Car,Street,Vehicle 2,0,None,"A Cruise autonomous vehicle (""Cruise AV""), operating in supervised autonomous mode, was traveling westbound on Pine Street between Powell Street and Stockton Street: At the same time, a motorcyclist approaching from the rear began to merge into the Cruise AV's lane behind the Cruise AV and subsequently made contact with the Cruise AV's rear passenger side bumper, damaging the motorcycle's front fender: The driver of the motorcycle reported minor injuries and police were not called.",9,37.791373,-122.408511,011902,1001,1,57.3,772,273,10,421,0,68,105402
C,9/4/22,5:37 AM,2020,Cruise,AV,1597 Howard St,San Francisco,San Francisco,94103,Stopped in Traffic,Moving,2,Minor,Conventional,Clear,Dark - Street Lights,Dry,No Unusual Conditions,Stopped,Traveling Wrong Way,Head On,Mid-Sized Car,Parking,Vehicle 2,0,None,"A Cruise autonomous vehicle (""Cruise AV""), operating in manual mode, was traveling eastbound on 12th Street between Kissling Street and Howard Street: Following the intersection of Howard Street; the Cruise AV came to stop as a Lexus CT2OO was stopped in the wrong direction of traffic on 12th Street: The driver of the Lexus CT2OO appeared to be asleep. The Cruise AV operator made attempts to wake up the driver by flashing the Cruise AV headlights and honking the horn: A nearby cyclist also made attempts to wake up the driver. Shortly thereafter, the driver of the Lexus CT2OO woke Up, accelerated forward and made contact with the Cruise A V, damaging the front passenger fender and wheel well of the Cruise AV There were no reported injuries.","14, 15, 16",37.771759,-122.41655,017700,2006,2,35.7,1617,538,20,305,688,66,129844
C,9/5/22,5:14 AM,2022,Cruise,AV,1727 Sacramento Street,San Francisco,San Francisco,94109,Moving,Moving,2,Minor,Autonomous,Clear,Dark - Street Lights,Dry,No Unusual Conditions,Slowing/Stopping,Proceeding Straight,Rear End,Mid-Sized Car,Intersection,Vehicle 1,0,None,"A Cruise autonomous vehicle (""Cruise A V""), operating in driverless autonomous mode, Was traveling eastbound on Sacramento Street between Ness Avenue and Polk Street: The Cruise AV approached a semi-trailer truck that was stopped in the left lane f traffic The Cruise AV stopped before maneuvering into the bus and taxi lane to pass the semi-trailer truck As the Cruise AV was slowly maneuvering around the semi-trailer truck and merging back into the left lane of traffic, a Honda Accord traveling behind the Cruise AV attempted to pass the Cruise AV and made contact with the Cruise AV, damaging the rear passenger side bumper of the Cruise AV. The driver of the Honda Accord left the scene without exchanging information. There were no reported injuries. Van",9,37.791133,-122.421624,011101,1002,1,42.8,813,305,42,376,40,50,99519
B,9/10/22,12:57 PM,2021,Jaguar,I-Pace,2121 Evans Avenue,San Francisco,San Francisco,94124,Stopped in Traffic,Moving,2,Minor,Autonomous,Clear,Daylight,Dry,No Unusual Conditions,Stopped,Making Left Turn,Side Swipe,Mid-Sized Car,Parking,Vehicle 2,0,None,"On September 1Oth, 2022 at 12.57 PM PST a Waymo Autonomous Vehicle (~Waymo AV"") operating in San Francisco, CA was in a collision involving a pickup truck in a parking lot at 2121 Evans Avenue_ The Waymo AV came to a stop in the parking lot while yielding to both pedestrians and an oncoming pickup truck: While the Waymo AV was stopped, the oncoming pickup truck passed the Waymo AV on the left hand side, making contact with the rear left sensor of the Waymo AV. The pickup truck then left the scene. At the time of the impact, the Waymo AV's Level 4 ADS was stationary and engaged in autonomous mode, and a test driver was present (in the driver'$ seating position) The Waymo AV sustained damage.",6,37.74871,-122.397429,980900,1021,1,32.5,296,82,16,169,10,19,137750
A,9/14/22,7:49 PM,2016,Toyota,Highlander,W. Grant Line Rd and 580 W on-ramp,Altamont,Alameda,94551,Moving,Moving,2,Moderate,Conventional,Clear,Dusk-Dawn,Dry,No Unusual Conditions,Slowing/Stopping,Ran Off Road,Side Swipe,Mid-Sized Car,Intersection,Vehicle 2,0,None,"A Zoox vehicle in manual mode was slowing with the right of way to begin its turn to enter the 580 West Freeway on-ramp from West Grant Line Road in Altamont, CA. Vehicle 2 exiting the 580 West Freeway off-ramp jumped the median and made contact with the front end of the Zoox vehicle, continuing off an embankment and ending in a rollover The other driver refused to provide any information and was observed treated by first responders. The California Highway Patrol provided an NCI number (9390) at the scene. Autonomy was not engaged at any the drive proceeding the event: being point during ~ cycle","1, 4, 15, 16, 17, 18, 19",37.818165,-122.23927,426200,2033,2,49.1,1845,1384,0,329,67,65,226705
B,9/15/22,9:42 AM,2021,Jaguar,I-Pace,California Street at 19th Avenue,San Francisco,San Francisco,94121,Stopped in Traffic,Moving,2,Minor,Autonomous,Clear,Daylight,Dry,No Unusual Conditions,Stopped,Slowing/Stopping,Rear End,Mid-Sized Car,Parking,Vehicle 2,0,None,"On September 15,2022 at 9:42 AM PST a Waymo Autonomous Vehicle (""Waymo AV"") operating in San Francisco, California was in a collision involving a passenger car 0 California Street at 19th Avenue_ The Waymo AV stopped at a stop sign facing east on California Street at 19th Avenue: A passenger car approaching from behind made contact with the rear of the Waymo AV. At the time of the impact, the Waymo AV's Level 4 ADS was engaged in autonomous mode, and a test driver was present (in the driver's seating position). The Waymo AV sustained damage.",8,37.784174,-122.478579,042602,2006,2,,,,,,,0,
B,9/17/22,6:38 AM,2021,Jaguar,I-Pace,Potrero Avenue and 24th Street,San Francisco,San Francisco,94110,Stopped in Traffic,Moving,2,None,Autonomous,Clear,Daylight,Dry,No Unusual Conditions,Stopped,Slowing/Stopping,Side Swipe,Mid-Sized Car,Street,Vehicle 2,0,None,"On September 17,2022 at 6.38 AM PST a Waymo Autonomous Vehicle (""Waymo AV"") operating in San Francisco, California was in a collision involving an SUV on Potrero Avenue and 24th Street: While traveling northbound on Potrero Avenue, the Waymo AV changed lanes the center lane to the right lane before slowing to a stop at a red light at 24th Street: While the Waymo AV was making the lane change, the vehicle immediately behind the Waymo AV in the right lane moved to the center lane and made contact with the right rear sensor of the Waymo AV_ At the time of the impact, the Waymo AV's Level 4 ADS was engaged in autonomous mode, and a test driver was present (in the driver seating position). The SUV sustained damage. from",0,37.753004,-122.406336,022903,2003,2,,,,,,,0,
AIArgo,9/22/22,5:24 PM,2020,Ford,Escape,SE Park Avenue,Palo Alto,Santa Clara,94306,Moving,None,2,Minor,Autonomous,Clear,Daylight,Dry,No Unusual Conditions,Proceeding Straight,Unknown,Side Swipe,Two-Wheels,Intersection,Vehicle 2,0,None,"An AI Autonomous Vehicle AV"") was impacted by a cyclist while traveling east o Park Ave and approaching Cambridge The AV was traveling in its lane adjacent to a cyclist who was traveling in a marked bike lane As the Argo AV was passing the cyclist (while maintaining more than 2 meters of lateral margin), the cyclist veered left into the AV's lane. In response, the Argo AV steered away from the cyclist; but the cyclist continued into the lane and the bicycle's left handlebar made contact with the Argo AV's passenger side door handle. The Test Specialist brought the AV to a stop. The cyclist maintained balance, continued to cross the lanes behind the stopped AV, and left the scene after a brief conversation with the left seat Test Specialist; during which the cyclist indicated that he was fine and apologized. The AV sustained minor damage to its passenger side door handle. Argo Argo Ave. Argo Argo Argo Argo",13,37.430298,-122.150256,511501,1018,1,39.7,1141,632,0,254,186,69,250001
A,10/3/22,2:02 PM,2016,Toyota,Highlander,Pine St. near Powell St:,San Francisco,San Francisco,94108,Stopped in Traffic,Moving,2,Minor,Autonomous,Clear,Daylight,Dry,No Unusual Conditions,Stopped,Other,Head On,Mid-Sized Car,Parking,Vehicle 2,0,None,"A Zoox vehicle was in autonomy proceeding straight on Pine Street in San Francisco, CA when it encountered a double parked United States Postal Service van in lane (vehicle 2: model, year; VIN and insurance are unknown). The Zoox vehicle came to a complete stop while] waiting for an opportunity to merge around vehicle 2. Vehicle 2 then rolled backwards into the Zoox vehicle, causing minor damage to front] sensors and Vehicle 2 rear bumper. There were no injuries and first responders were not notified. Post incident review did not observe any brake lights Or reverse lights on vehicle 2 while it was rolling backwards","16, 17, 18",37.791345,-122.408126,011902,1000,1,57.3,772,273,10,421,0,55,105402
Ghost Autonomy,10/7/22,11:45 AM,2017,Toyota,Camry,Main Street (East of NavyWay),Alameda,Alameda,94501,Moving,Moving,2,Minor,Conventional,Clear,Daylight,Dry,No Unusual Conditions,Proceeding Straight,Entering Traffic,Side Swipe,Mid-Sized Car,Parking,Vehicle 1,0,None,"A Ghost vehicle in conventional mode was traveling east on Main Street in Alameda, CA. Vehicle 2 was parked on Main Street facing east. Vehicle 2 abruptly exited the parking space and pulled into the lane in front of the Ghost vehicle: The Ghost driver engaged the brakes and moved towards the adjacent lane, preventing a front to rear collision Vehicle 2 continued into the lane and made contact with the right side of the Ghost vehicle. The other driver stated that he was distracted by a conversation with his passenger while exiting the parking space and did not notice close oncoming traffic before pulling into the lane. First responders were not called to the scene. The California Highway Patrol did not report to the scene Autonomy was not engaged at any point during the drive preceding the event_ cycle","10, 11, 12, 13, 14",37.779021,-122.291191,427600,3001,3,52.4,697,132,181,264,116,4,0
Apple,10/10/22,9:56 AM,2016,Lexus,RX 45h,Lawrence Expy and Sandia Ave,Sunnyvale,Santa Clara,94089,Stopped in Traffic,Moving,2,Minor,Conventional,Cloudy,Daylight,Dry,No Unusual Conditions,Stopped,Proceeding Straight,Rear End,Mid-Sized Car,Intersection,Vehicle 2,0,None,"On October 1Oth, a test vehicle operating in manual driving mode was stopped at a red light while southbound on Lawrence Expressway at Sandia Avenue in Sunnyvale when a Toyota Camry made light contact from the rear: No injuries were reported and law enforcement was not called to the scene. Test vehicle sensors were damaged. ",8,37.39607,-121.99561,504802,2000,2,,,,,,,0,
A,10/14/22,2:52 PM,2016,Toyota,Highlander,Broadway St & Sansome St Intersection,San Francisco,San Francisco,94133,Moving,Moving,2,Minor,Autonomous,Clear,Daylight,Dry,No Unusual Conditions,Proceeding Straight,Other Unsafe Turning,Broadside,Mid-Sized Car,Street,Vehicle 1,0,None,A Zoox vehicle was proceeding straight in autonomy through an intersection with a green light and right of way when vehicle 2 attempted an illegal left turn across lanes of traffic into Zoox's right of way: The safety driver disengaged and applied max braking effort which allowed Zoox to mitigate but not completely prevent the unavoidable collision: The Zoox vehicle struck the right front corner of vehicle 2_ No injuries were reported and the police were not called to the scene_,"16, 17, 18",37.798501,-122.401671,010500,1018,1,,,,,,,0,
Apple,10/20/22,11:19 AM,2017,Lexus,RX 45h,US-101S RampLawrence Expressway,Sunnyvale,Santa Clara,94085,Stopped in Traffic,Moving,2,Moderate,Conventional,Clear,Daylight,Dry,No Unusual Conditions,Slowing/Stopping,Making Right Turn,Rear End,Mid-Sized Car,Intersection,Vehicle 2,0,None,"On October 2Oth, a test vehicle operating in manual driving mode was stopped at a red light after exiting Highway 101 to turn right onto Lawrence Expressway in Sunnyvale when Ford pickup made contact from the rear: No injuries were reported and law enforcement was not called to the scene. Both vehicles sustained moderate damage.","7, 8, 9",37.387481,-121.983442,505202,2009,2,32.4,1781,360,0,510,776,135,108177
B,10/21/22,1:55 PM,2021,Jaguar,I-Pace,Larkin Street and O'Farrell Street,San Francisco,San Francisco,94109,Moving,,2,Minor,Conventional,Cloudy,Daylight,Wet,No Unusual Conditions,Slowing/Stopping,Parking Maneuver,Side Swipe,Mid-Sized Car,Intersection,Vehicle 2,0,None,"On October 2021 at 1.55 PM PST a Waymo Autonomous Vehicle (""Waymo AV') operating in San Francisco was in a collision involving passenger vehicle at Larkin Street and O Farrell Street_ While in manual mode, the Waymo AV was slowly approaching stopped traffic ahead when a vehicle in the right adjacent lane started reversing into parallel parking space. In the process, the front left bumper of the passenger vehicle scraped the right side panels and bumper of the Waymo AV. At the time of the impact, the Waymo AV's Level 4 ADS was not engaged and a test driver was operating the Waymo AV in manual mode. Both vehicles sustained minor damage. 21,",0,37.785167,-122.417901,012203,2006,2,,,,,,,0,
B,10/21/22,8:27 AM,2021,Jaguar,I-Pace,Filbert Street at Kearny Street,San Francisco,San Francisco,94133,Moving,None,2,Minor,Autonomous,Clear,Daylight,Dry,No Unusual Conditions,Making Right Turn,Unknown,Other,Mid-Sized Car,Street,Vehicle 2,0,None,"On October 21,2022 at &.27 AM PST a Waymo Autonomous Vehicle (""Waymo AV' operating in San Francisco, California made contact with the pavement on steep hill on Filbert Street at Kearny Street The Waymo AV was on steep hill, turning from Filbert Street onto Kearny Street; when the Waymo AV's undercarriage made contact with the pavement (the A V did not contact any vehicle O road user). At the time of the impact, the Waymo AV's Level 4 ADS was engaged in autonomous mode, and a test driver was present (in the driver'$ seating position). The Waymo AV sustained damage.","4, 12",37.801735,-122.406527,010402,1000,1,,,,,,,0,
B,11/3/22,4:30 PM,2021,Jaguar,I-Pace,101 Villa Terrace,San Francisco,San Francisco,94114,Moving,None,2,Minor,Conventional,Cloudy,Daylight,Dry,No Unusual Conditions,Backing,Parked,Other,Mid-Sized Car,Intersection,Vehicle 2,0,None,"On November 3, 2022 at 4.30 PM PST a Waymo Autonomous Vehicle (""Waymo AV"") operating in San Francisco, California was in a collision involving a parked SUV near 101 Villa Terrace. While reversing in manual on a narrow road, the front right radar of the Waymo AV made contact with the taillight of a parked SUV. At the time of the impact, the Waymo AV'$ Level 4 ADS was not engaged and a test driver was operating the Waymo A V in manual mode. Both vehicles sustained damage.",15,37.758477,-122.44661,020401,2002,2,45.9,783,480,6,160,11,126,160250
A,11/4/22,1:40 PM,2016,Toyota,Highlander,Vallejo Street and Sansome Street,San Francisco,San Francisco,94111,Stopped in Traffic,Moving,2,Minor,Conventional,Clear,Daylight,Dry,No Unusual Conditions,Stopped,Proceeding Straight,Rear End,Mid-Sized Car,Street,Vehicle 2,0,None,A Zoox vehicle in manual mode was stopped at the intersection of Vallejo Street and Sansome Street when following vehicle made contact with the rear sensor array resulting in minor damage to the sensor bracket: No injuries were reported and the police were not called to the scene_,8,37.799382,-122.402421,010402,1014,1,,,,,,,0,
B,11/8/22,9:34 AM,2021,Jaguar,I-Pace,2nd Street at Minna Street,San Francisco,San Francisco,94105,Stopped in Traffic,Moving,2,Minor,Autonomous,Raining,Daylight,Wet,No Unusual Conditions,Stopped,Xing Into Opposing Lane,Rear End,Mid-Sized Car,Street,Vehicle 2,0,None,"On November &, 2022 at 9.34 AM PST a Waymo Autonomous Vehicle (""Waymo AV') operating in San Francisco, California was in a collision involving a passenger car o Znd Street at Minna Street: The Waymo AV was stopped in traffic on northbound 2nd Street in autonomous mode. A passenger car that had been stopped behind the Waymo AV passed on the left side, crossing the double yellow line and making contact with the Waymo AV'$ rear left sensor housing: The passenger car immediately left the scene. At the time of the impact, the Waymo AV's Level 4 ADS was engaged in autonomous mode, and a test driver was present (in the driver $ seating position) The Waymo AV sustained damage.",7,37.787579,-122.399255,061501,2001,2,,,,,,,0,
A,11/14/22,8:22 PM,2016,Toyota,Highlander,Folsom Street and &th Street,San Francisco,San Francisco,94103,Moving,Moving,2,Minor,Autonomous,Clear,Dark - Street Lights,Dry,No Unusual Conditions,Slowing/Stopping,Proceeding Straight,Rear End,Mid-Sized Car,Street,Vehicle 2,1,Injured passenger,"A Zoox vehicle in autonomy was proceeding straight on Folsom Street when leading vehicle in the lane to slow down prompting the Zoox vehicle to slow correspondingly. The Zoox vehicle, with brake lights illuminated, had slowed to 5 when it was struck from the rear by vehicle number 2_ Zoox vehicle camera footage shows the driver of vehicle 2 holding their cellphone raised in their right hand. There were no injuries and police were not called. began mph",8,37.774487,-122.41078,017803,1002,1,42.2,929,403,29,241,186,70,0
C,11/16/22,2:59 PM,2023,Cruise,AV,850 Van Ness Avenue,San Francisco,San Francisco,94109,Moving,Moving,2,Minor,Conventional,Clear,Daylight,Dry,No Unusual Conditions,Merging ,Merging,Side Swipe,Mid-Sized Car,Street,Vehicle 1,0,None,"A Cruise autonomous vehicle (""Cruise AV""), operating in manual mode, was traveling northbound in the rightmost lane on Van Ness Avenue between Eddy Street and Ellis Street_ The Cruise test driver began to maneuver around a double-parked vehicle by merging left into the center lane. Shortly thereafter; 2013 Nissan Juke made contact with the Cruise AV's driver side rear passenger door and front driver side fender; damaging the driver side rear passenger door; front driver side fender, front driver side radar equipment and front driver side bumper_ There were no reported injuries at the scene by either party.","1, 2, 3, 4",37.783673,-122.420498,012406,2000,2,60.5,814,281,58,378,73,24,24909
Mercedes,11/17/22,5:20 PM,2021,Mercedes,S Class,Highway 280Bird Avenue,San Jose,Santa Clara,95126,Moving,Stopped in Traffic,2,Minor,Conventional,Clear,Dark - Street Lights,Dry,No Unusual Conditions,Changing Lanes,Slowing/Stopping,Rear End,Mid-Sized Car,Intersection,Vehicle 2,0,None,"The Mercedes-Benz vehicle was traveling NB on Highway 280, near Bird Avenue, in lane one. Traffic ahead began slowing, and the operator attempted a right lane change into lane two. The Mercedes-Benz vehicle operator was unable to complete the lane change and instead the brakes_ The Mercedes-Benz operator was unable to avoid contact with the Ford vehicle that was in front of it; and the Mercedes-Benz front bumper contacted the rear bumper of the Ford vehicle. applied","16, 17, 18",37.326803,-121.916765,500500,2003,2,,,,,,,0,
Mercedes,11/19/22,10:45 AM,2021,Mercedes,S Class,2895 Codensa Street,Santa Clara,Santa Clara,95051,Moving,Moving,2,Minor,Conventional,Clear,Daylight,Dry,No Unusual Conditions,Entering Traffic,Proceeding Straight,Side Swipe,Mid-Sized Car,Intersection,Vehicle 2,0,None,The operator of the Mercedes-Benz vehicle made a left turn from driveway onto Condensa Street when the vehicle made contact with the on-coming Tesla vehicle. No injuries were reported:,"15, 16",37.345558,-121.94646,505600,3016,3,20,2523,1380,28,533,434,126,90625
A,11/20/22,1:24 PM,2016,Toyota,Highlander,The Embarcadero and Washington Street,San Francisco,San Francisco,94111,Stopped in Traffic,Moving,2,Minor,Autonomous,Clear,Daylight,Dry,No Unusual Conditions,Stopped,Backing,Rear End,Compact Car,Intersection,Vehicle 2,0,None,"A Zoox vehicle in autonomy was stopped at a red light- waiting for traffic ahead on Embarcadero with brake lights illuminated. When the traffic light changed to green, surrounding traffic began to move_ The Zoox vehicle appropriately continued to wait for a stopped lead vehicle immediately ahead when vehicle 2 struck the Zoox vehicle from the rear: Zoox vehicle camera footage shows the driver of vehicle 2 holding their cellphone raised in their hand at the time of contact: There were no injuries and police were not called.",8,37.798226,-122.396942,010500,2006,2,,,,,,,0,
A,11/28/22,10:18 PM,2016,Toyota,Highlander,Ilth St. and Harrison St. Intersection,San Francisco,San Francisco,94103,Stopped in Traffic,Moving,2,Minor,Autonomous,Clear,Dark - Street Lights,Dry,No Unusual Conditions,Making Left Turn,Other Unsafe Turning,Rear End,Mid-Sized Car,Intersection,Vehicle 2,4,"The driver, co-driver and rear passenger of the Google AV reported some whiplash. The driver of other vehicle reported minor neck and back pain","A Zoox vehicle in autonomy was fully stopped with brake lights illuminated in the left turn lane at a red traffic light waiting to complete a left hand turn from Harrison St: onto ]th St in San Francisco, Ca: the light turned green, the Zoox vehicle appropriately yielded to oncoming traffic when Vehicle 2 attempted to make a lane change to the right and struck the rear of the Zoox vehicle_ The Zoox vehicle incurred minor damage to the rear sensors and bumper: There were no injuries and police were not called: As","8, 9",37.775678,-122.412131,017803,1000,1,,,,,,,0,
B,12/1/22,7:57 AM,2021,Jaguar,I-Pace,Franklin Street at O'Farrell Street,San Francisco,San Francisco,94109,Moving,Moving,3,Minor,Conventional,Raining,Daylight,Wet,No Unusual Conditions,Slowing/Stopping,Changing Lanes,Side Swipe,Mid-Sized Car,Intersection,Vehicle 2,1,"The Google AV test driver reported minor back pain and was takento a local hospital by Google employees, where he was evaluated and released by medical staff","On December 1, 2022 at 7.57 AM PST a Waymo Autonomous Vehicle (""Waymo AV ) operating in San Francisco, California was in a collision involving a passenger vehicle on Franklin Street at OFarrell Street_ The Waymo AV was slowing for stopped traffic in the right lane of a three lane, one-way street in manual mode: A passenger vehicle traveling behind the Waymo AV attempted to go around the Waymo AV to merge with traffic in the center lane but collided with third passenger vehicle, after which it then also made contact with the Waymo AV At the time of the impact, the Waymo AV's Level 4 ADS was not engaged and a test driver was operating the Waymo AV. All three vehicles sustained damage.",6,37.784547,-122.422838,016000,2000,2,,,,,,,0,
B,12/12/22,4:54 PM,2021,Jaguar,I-Pace,Monterey Blvd and Acadia Street,San Francisco,San Francisco,94131,Stopped in Traffic,Moving,2,Minor,Autonomous,Clear,Dusk-Dawn,Dry,No Unusual Conditions,Stopped,Changing Lanes,Side Swipe,Compact Car,Intersection,Vehicle 2,0,None,"On December 12,2022 at 4.54 PM PST a Waymo Autonomous Vehicle (""Waymo AV"") operating in San Francisco, California was in a collision involving an SUV on Monterey Boulevard at Circular Avenue: The Waymo AV was stopped facing east on Monterey Boulevard behind stopped traffic in the left-most through lane in autonomous mode_ An SUV approached from behind and attempted to change lanes into the left turn lane, making contact with the left rear sensor of the Waymo AV_ At the time of the impact, the Waymo AV's Level 4 ADS was engaged in autonomous mode, and a test driver was present (in the driver seating position) Both vehicles sustained damage.",6,37.73159,-122.437457,031100,1009,1,,,,,,,0,
B,12/13/22,10:11 PM,2021,Jaguar,I-Pace,Broadway at Kearny Street,San Francisco,San Francisco,94133,Stopped in Traffic,Moving,2,Moderate,Conventional,Clear,Dark - Street Lights,Dry,No Unusual Conditions,Stopped,Proceeding Straight,Rear End,Compact Car,Street,Vehicle 1,0,None,"On December 13,2022 at 10:11 PM PST a Waymo Autonomous Vehicle (""Waymo AV') operating in San Francisco, California was in a collision involving a passenger vehicle on Kearny Street at Broadway_ The Waymo AV was stopped at a red light facing north on Kearny in manual mode when a passenger vehicle approached behind and made contact with the rear of the Waymo AV. At the time of the impact, the Waymo AV's Level 4 ADS was not engaged and a test driver was operating the Waymo AV in manual mode. Both vehicles sustained damage. from","7, 8",37.797925,-122.407329,010701,2000,2,62,1978,24,0,1936,18,0,21003
B,12/13/22,12:35 PM,2021,Jaguar,I-Pace,19th Avenue and Ulloa Street,San Francisco,San Francisco,94116,Stopped in Traffic,Moving,2,Minor,Autonomous,Clear,Daylight,Dry,No Unusual Conditions,Stopped,Proceeding Straight,Rear End,Truck/Bus,Intersection,Vehicle 1,0,None,"On December 13,2022 at 12.35 PM PST a Waymo Autonomous Vehicle (""Waymo AV') operating in San Francisco, California was in a collision involving a passenger vehicle on 19th Avenue at Ulloa Street: The Waymo AV was stopped facing south on 19th Avenue for a red light in the right lane of the three-lane street while in autonomous mode. passenger vehicle approached from behind and made contact with the rear of the Waymo AV. At the time of the impact, the Waymo AV's Level 4 ADS was engaged in autonomous mode, and a test driver was present (in the driver  $ seating position). The Waymo sustained damage.",8,37.741187,-122.47554,030800,5010,5,,,,,,,0,
C,12/14/22,11:51 PM,2023,Cruise,AV,1774 Sacramento St,San Francisco,San Francisco,94109,Moving,None,2,Minor,Autonomous,Clear,Dark - Street Lights,Dry,No Unusual Conditions,Proceeding Straight,Passing Other Vehicle,Side Swipe,Mid-Sized Car,Intersection,Vehicle 2,0,None,"A Cruise autonomous vehicle (""Cruise AV""), operating in driverless autonomous mode, was traveling westbound in the left lane on Sacramento Street between Polk Street and Van Ness Avenue At the same time, a Honda Accord traveling in the right lane behind the Cruise AV increased speed and maneuvered across the AV's lane into the parking lane to the left of the Cruise AV in an attempt to pass the Cruise AV. The Honda Accord then to merge back into the Cruise AV's lane The Cruise AV braked, but shortly thereafter, contact was made with the Cruise AV's front left quarter panel and front driver side mirTor; damaging the front driver side mirror of the Cruise AV. The driver of the Honda Accord left the scene without exchanging information. There were no reported injuries. began","1, 2, 3",37.791618,-122.422098,011101,1001,1,42.8,813,305,42,376,40,50,99519
B,12/17/22,1:50 PM,2021,Jaguar,I-Pace,Embarcadero at Howard Street,San Francisco,San Francisco,94105,Stopped in Traffic,Moving,2,Moderate,Autonomous,Clear,Daylight,Dry,No Unusual Conditions,Stopped,Proceeding Straight,Rear End,Mid-Sized Car,Intersection,Vehicle 2,0,None,"On December 17,2022 at 1.50 PM PST, Waymo Autonomous Vehicle (""Waymo AV') operating in San Francisco, CA was in a collision involving passenger car on Embarcadero near the intersection with Folsom Street_ The Waymo AV was traveling southbound on Embarcadero in autonomous mode when it slowed and stopped for a parallel parking vehicle ahead. A passenger car following the Waymo AV made contact with the rear of the Waymo AV. At the time of impact; the Waymo AV's Level 4 ADS was engaged in autonomous mode with a test driver present (in the driver's seating position). Both vehicles sustained damage.","7, 8, 9",37.787769,-122.388129,061506,1000,1,30.8,2251,815,0,1211,175,50,250001
C,12/18/22,11:23 PM,2023,Cruise,AV,847 Divisadero St,San Francisco,San Francisco,94117,Moving,Moving,2,Minor,Autonomous,Clear,Dark - Street Lights,Dry,No Unusual Conditions,Stopped,Proceeding Straight,Side Swipe,Mid-Sized Car,Intersection,Vehicle 1,0,None,"A Cruise autonomous vehicle (""Cruise AT operating in driverless autonomous mode, was traveling southbound in the right lane on Divisadero Street between Fulton Street and McAllister Street: The Cruise AV approached an eighteen-wheeler that was stopped in the right] lane of southbound Divisadero Street: The Cruise AV began to navigate around the eighteen-wheeler and stopped briefly as it was completing its passing maneuver: Shortly thereafter; a Dodge Charger approached the stopped Cruise AV in the left lane and attempted to pass the Cruise AV on the lefthand side. Contact was made with the Cruise AV, damaging the front left wheel, front left fender; front left bumper, and front driver side mirror of the Cruise AV. The driver of the Dodge Charger left the scene without exchanging information. There were no injuries and the Cruise AV was towed from the incident: V"");","1, 2, 3",37.77744,-122.438581,015802,2006,2,32.7,1864,1055,191,156,308,154,121543
Apple,12/20/22,12:46 PM,2016,Lexus,RX 45h,US 101N near Marine Pkwy Exit,Belmont,San Mateo,94002,Moving,None,2,Minor,Conventional,Clear,Daylight,Dry,Other,Proceeding Straight,Unknown,Hit Object,Compact Car,Street,Vehicle 1,0,None,"On December 2Oth, a test vehicle operating in manual driving mode was traveling Northbound on Highway 101 in Belmont when nearby Subaru Outback ran over road debris, which was projected onto the test vehicle. No injuries were reported and law enforcement was not called t0 the scene. The test vehicle sustained cosmetic damage to the right headlamp and hood.",16,37.516644,-122.29339,608700,5005,5,,,,,,,0,
C,12/21/22,8:50 AM,2023,Cruise,AV,410 Brannan St,San Francisco,San Francisco,94107,Moving,Moving,2,Minor,Conventional,Clear,Daylight,Dry,No Unusual Conditions,Proceeding Straight,Other,Head On,Mid-Sized Car,Intersection,Vehicle 2,0,None,"A Cruise autonomous vehicle (""Cruise AV""), operating in supervised autonomous mode, was traveling westbound on Brannan Street between Ritch Street and 3rd Street. At the same time, black BMW traveling eastbound on Brannan Street swerved into oncoming traffic and in front of the Cruise AV The AV operator disengaged from autonomous into manual mode and braked to avoid the oncoming BMW  but shortly thereafter, contact was made with the Cruise AV's front right quarter panel, damaging the front passenger side of the Cruise AV_ The BMW then struck a parked vehicle that was beside the Cruise AV_ The driver of the BMW fled the scene on foot: There were no reported injuries.","15, 16, 17, 18",37.780084,-122.394675,018000,1000,1,32.3,942,301,8,219,381,33,136719
C,12/28/22,11:59 PM,2022,Cruise,AV,1398 Folsom St,San Francisco,San Francisco,94103,Moving,Moving,2,Minor,Autonomous,Raining,Dark - Street Lights,Wet,No Unusual Conditions,Proceeding Straight,Changing Lanes,Side Swipe,Mid-Sized Car,Intersection,Vehicle 1,0,None,"A Cruise autonomous vehicle (Cruise AV""), operating in driverless autonomous mode, was traveling eastbound on Folsom Street in the leftmost lane between 9th Street and 1Oth Street_ At the same time, a Model 3 Tesla traveling in the adjacent center lane veered into the Cruise AV's lane without a turn signal. Shortly thereafter; contact was made with the Cruise AV's front passenger side quarter panel and mirror, damaging the front passenger side quarter panel, front passenger side mirror and front passenger side radar assembly. The parties exchanged information and there were no reported injuries.","13, 14, 15",37.773097,-122.412745,017803,1004,1,42.2,929,403,29,241,186,70,0
B,12/29/22,3:15 AM,2021,Jaguar,I-Pace,3rd Street at Mariposa Street,San Francisco,San Francisco,94158,Stopped in Traffic,Moving,2,Minor,Autonomous,Raining,Dark - Street Lights,Wet,No Unusual Conditions,Stopped,Proceeding Straight,Rear End,Compact Car,Street,Vehicle 1,0,None,"On December 29,2022 at 3:15 AM PST a Waymo Autonomous Vehicle (""Waymo AV"") operating in San Francisco, California was in a collision involving a passenger vehicle on 3rd Street and Mariposa Street: The Waymo AV was stopped facing north on 3rd Street for a red light in the right lane of the three-lane street while in autonomous mode: A passenger vehicle approached from behind and stopped behind the Waymo AV before eventually proceeding forward and making contact with the rear of the Waymo AV while the AV was still stopped at the red light: At the time of the impact, the Waymo AV's Level 4 ADS was engaged in autonomous mode, and a test driver was present (in the driver'$ seating position). The Waymo sustained damage.",8,37.764322,-122.388851,022600,2002,2,,,,,,,0,
A,1/1/23,6:40 PM,2016,Toyota,Highlander,Mason Street and Eddy Street,San Francisco,San Francisco,94102,Moving,Stopped in Traffic,2,Minor,Autonomous,Clear,Dark - Street Lights,Dry,No Unusual Conditions,Proceeding Straight,Parked,Side Swipe,Mid-Sized Car,Intersection,Vehicle 2,0,None,"A Zoox vehicle in autonomous mode was proceeding straight in its lane on Mason Street in San Francisco, CA when an occupant of a parallel parked car (Vehicle 2) abruptly opened its rear passenger side door into the side of the Zoox vehicle, causing minor damage to both vehicles. The Zoox operator disengaged as a result of the contact: There were no injuries and the police were not called.","1,2",37.784348,-122.409309,012503,1002,1,,,,,,,0,
B,1/22/23,5:08 PM,2021,Jaguar,I-Pace,Bayshore Boulevard at Jerrold Avenue,San Francisco,San Francisco,94124,Moving,Moving,2,Moderate,Autonomous,Clear,Daylight,Dry,No Unusual Conditions,Proceeding Straight,Proceeding Straight,Broadside,Compact Car,Street,Vehicle 1,0,None,"On January 22, 2023 at 5.08 PM PST a Waymo Autonomous Vehicle (""Waymo AV"") operating in San Francisco, California was in a collision involving a passenger vehicle on Bayshore Boulevard at Jerrold Avenue. The Waymo AV was traveling north on Bayshore Boulevard when; upon entering the intersection at Jerrold Avenue, a passenger vehicle which had previously been stopped at a red light, proceeded through the red light. The passenger vehicle approached from the left and made contact with the left rear bumper of the Waymo AV_ The other vehicle immediately left the scene of the collision. At the time of the impact, the Waymo AV's Level 4 ADS was engaged in autonomous mode, and a test driver was present (in the driver seating position) Both vehicles sustained damage.",7,37.726178,-122.401537,023300,2003,2,47.8,2491,216,335,1597,291,52,72958
C,1/25/23,6:24 PM,2022,Cruise,AV,1699 13th St,San Francisco,San Francisco,94103,Moving,Moving,2,Minor,Conventional,Clear,Dark - Street Lights,Dry,No Unusual Conditions,Proceeding Straight,Changing Lanes,Side Swipe,Truck/Bus,Street,Vehicle 2,0,None,"A Cruise autonomous vehicle (""Cruise AV'), operating in manual mode, was traveling northbound on 13th Street in the rightmost lane between Folsom Street and South Van Ness Avenue_ At the same time, a Model 3 Tesla traveling in the adjacent center lane alongside the Cruise AV attempted to change lanes in front of the Cruise AV over solid white line into the rightmost lane in which the Cruise AV was traveling: During this maneuver; the Model 3 Tesla made contact with the Cruise AV's driver side rear wheel and wheel well, and driver side rear passenger door, damaging the Tesla' s front passenger side wheel well The parties exchanged information and there were no reported injuries.","5,. 6",37.769964,-122.419644,020101,1008,1,40.5,1424,529,271,192,325,107,94209
A,1/30/23,5:57 PM,2016,Toyota,Highlander,Intersection of Folsom Street and 2nd Street,San Francisco,San Francisco,94107,Stopped in Traffic,Moving,2,Minor,Conventional,Clear,Dark - Street Lights,Dry,No Unusual Conditions,Stopped,Proceeding Straight,Rear End,Two-Wheels,Intersection,Vehicle 2,0,None,"A Zoox vehicle in manual mode was stationary at a red right turn arTOw northeast on Folsom Street with brake lights and right turn signal illuminated, waiting to make a turn onto souttheast Znd Street: Vehicle 2, behind the Zoox vehicle, proceeded and made contact with the left] rear sensor and bumper of the Zoox vehicle There were no injuries and police were not called.",8,37.76046,-122.399724,022704,3001,3,,,,,,,0,
Mercedes,2/2/23,8:25 AM,2021,Mercedes,S Class,605N HWY,SANTA FE SPRINGS,LOS ANGELES,90650,Stopped in Traffic,Moving,2,Minor,Autonomous,Clear,Daylight,Dry,No Unusual Conditions,Stopped,Proceeding Straight,Rear End,Mid-Sized Car,Street,Vehicle 2,0,None,"The subject Mercedes-Benz DRIVE PILOT test vehicle was traveling between 15 20 mph in the #2 northbound lane 0n the 605 Freeway in California in stop and go traffic with the L3 ADS activated by the driver: The vehicle' s ADS determined that a truck traveling in the adjacent lane had a trajectory towards the Drive Pilot' s lane, and so the Mercedes-Benz test vehicle autonomously the brakes to avoid a collision. A applying the brakes and bringing itself to a standstill, the Mercedes-Benz was then struck in the rear bumper by a trailing semi-truck that did not stop in time No injuries were reported, no deployed in either vehicle, and both vehicles were able to be driven the scene of the incident: The Mercedes-Benz vehicle experienced minor damage to the rear bumper, and no damage was observed on the semi-truck at the scene. The CA Traffic Collision Report for the subject incident noted violation of California Vehicle Code 22350 (unsafe for traffic conditions) by the semi-truck in the #2 lane that struck the rear bumper of the Mercedes-Benz. applied fter airbags from speed","7, 8, 9",33.906763,-118.076549,552100,2006,2,,,,,,,0,
A,2/7/23,2:28 PM,2016,Toyota,Highlander,2nd Street and Folsom Street Intersection,San Francisco,San Francisco,94107,Moving,Moving,2,Minor,Autonomous,Clear,Daylight,Unknown,No Unusual Conditions,Making Right Turn,Making Right Turn,Side Swipe,Mid-Sized Car,Intersection,Vehicle 1,0,None,A Zoox vehicle in autonomous mode was making a right turn to travel southwest onto Znd Street from Folsom Street from lane 1 when Vehicle 2 crossed from lane 3 into the Zoox vehicle's lane and made contact with the Zoox vehicle's front sensors before making the right turn_ Vehicle 2 did not stop before leaving the scene. No information was exchanged. There were no injuries and the police were not called,"1, 18, 17",37.785964,-122.397234,061503,1002,1,,,,,,,0,
A,2/8/23,1:27 PM,2016,Toyota,Highlander,Embarcadero between Howard St. and Folsom St:,San Francisco,San Francisco,94105,Stopped in Traffic,Moving,2,Minor,Autonomous,Clear,Daylight,Dry,No Unusual Conditions,Stopped,Proceeding Straight,Rear End,Truck/Bus,Intersection,Vehicle 2,0,None,A Zoox vehicle in autonomy was stopped with brake lights illuminated in traffic southbound on Embarcadero Street towards Folsom Street. When traffic ahead began to move the Zoox vehicle was appropriately following the car ahead at low when it was rear ended by Vehicle #2 at low speed. The other party did not stop to exchange information and left the scene_ There were no injuries and police were not called: speed,8,37.790827,-122.390012,061507,1002,1,,,,,,,0,
Mercedes,2/9/23,3:10 PM,2022,Mercedes,S Class,405FWY SOUTH,GARDENA,LOS ANGELES,90248,Moving,Moving,2,Minor,Conventional,Clear,Daylight,Dry,No Unusual Conditions,Proceeding Straight,Proceeding Straight,Rear End,Truck/Bus,Intersection,Vehicle 2,0,None,"The subject Mercedes-Benz vehicle was driving in stop and go traffic 0n the 405 south freeway in Gardena, California with the L3 ADS activated. The test route selected by the driver in the vehicle's navigation system indicated an upcoming exit, $o the driver began to prepare for a lane change towards the highway exit by deactivating the L3 ADS and activating the turn signal. Once the vehicle was in conventional driving mode, the driver looked for a gap in the adjacent lane to merge towards the exit lane, applied the brakes, and slowed the vehicle down: The SUV following the Mercedes-Benz vehicle did not respond in time to the vehicle's braking and contacted the rear of the Mercedes-Benz approximately 10 seconds after the L3 ADS was deactivated The Mercedes-Benz vehicle experienced minor damage to thef rear bumper_ No injuries were reported, no deployed in either vehicle, and both vehicles were driven from the scene of the incident: airbags","7, 8, 9",33.876482,-118.284077,291220,3002,3,,,,,,,0,
A,2/11/23,6:06 PM,2016,Toyota,Highlander,Sth Street and Jesse Street,San Francisco,San Francisco,94103,Stopped in Traffic,Moving,2,Minor,Autonomous,Clear,Dark - Street Lights,Dry,No Unusual Conditions,Stopped,Proceeding Straight,Rear End,Two-Wheels,Street,Vehicle 2,0,None,A Zoox vehicle in autonomous mode was slowing to a stop with brake lights illuminated behind traffic on northbound Sth Street near Jesse Street when vehicle behind made contact at approximately 1Omph: There were no injuries and police were not called:,8,37.775678,-122.412131,017803,1000,1,,,,,,,0,
B,2/15/23,5:44 AM,2021,Jaguar,I-Pace,North Point Street at Buchanan Street,San Francisco,San Francisco,94123,Moving,None,1,Minor,Autonomous,Clear,Dark - Street Lights,Dry,No Unusual Conditions,Proceeding Straight,Unknown,Hit Object,Compact Car,Intersection,Vehicle 2,0,None,"On February 15,2023 at 5.43 AM PST a Waymo Autonomous Vehicle (""Waymo AV') operating in San Francisco, California was in a collision involving road debris on North Point Street at Buchanan Street: The Waymo AV was proceeding East on North Point Street through the intersection with Buchanan Street when the front of the Waymo AV made contact with cardboard debris. At the time of the impact, the Waymo AV's Level 4 ADS was engaged in autonomous mode: The Waymo AV sustained damage.",17,37.804033,-122.433525,012602,2005,2,,,,,,,0,
Apple,2/21/23,10:15 AM,2016,Lexus,RX 45h,Homestead Rd & Kennewick Dr,Sunnyvale,Santa Clara,94087,Moving,None,1,Minor,Conventional,Clear,Daylight,Dry,No Unusual Conditions,Making U Turn,Unknown,Hit Object,Mid-Sized Car,Intersection,Vehicle 2,0,None,"On February 2lst, a test vehicle operating in manual driving mode was making a u-turn from Westbound to Eastbound Homestead Road at the intersection with Kennewick Drive in Sunnyvale when the right front tire and rim made contact with the curb. No injuries were reported and law enforcement was not called to the scene The test vehicle sustained damage to the right front rim_",14,37.337539,-122.04611,507805,4004,4,,,,,,,0,
A,2/23/23,3:36 PM,2016,Toyota,Highlander,Harrison St. and Sixth St: Intersection,San Francisco,San Francisco,94103,Moving,Moving,2,Minor,Conventional,Cloudy,Daylight,Dry,No Unusual Conditions,Making Right Turn,Making Right Turn,Side Swipe,Two-Wheels,Intersection,Vehicle 1,0,None,"A Zoox vehicle in manual mode was proceeding southbound in the turn lane 0n Sixth Street with green light, yielding to a pedestrian before completing a right turn onto eastbound Harrison Street, in San Francisco, CA turn signals illuminated. large truck in the left adjacent lane abruptly turned right and cut in front of the Zoox vehicle making contact with the left front sensor: There were no injuries, the other vehicle did not stop to exchange information, and police were not called with",1,37.7777,-122.404606,017804,3000,3,,,,,,,0,
B,2/24/23,12:15 AM,2021,Jaguar,I-Pace,Toland Street at Hudson Avenue,San Francisco,San Francisco,94124,Moving,Moving,2,Moderate,Autonomous,Raining,Dark - Street Lights,Wet,Unknown,Making Left Turn,Making Left Turn,Broadside,Mid-Sized Car,Intersection,Vehicle 2,0,None,"On February 24,2023 at 12:15 AM PST a Waymo Autonomous Vehicle (""Waymo AV"") operating in San Francisco, California was in a collision involving a passenger vehicle on Toland Street at Hudson Avenue. The Waymo AV was traveling southwest on Toland Street in autonomous mode. While the Waymo AV was making a left turn onto Hudson] Avenue, passenger vehicle proceeded into the intersection from the left and made contact with the left side of the Waymo AV. The other vehicle immediately left the scene. At the time of the impact, the Waymo AV's Level 4 ADS was engaged in autonomous mode. Both vehicles sustained damage.","1, 2, 3, 4, 5",37.744307,-122.395776,980900,1034,1,,,,,,,0,
B,2/25/23,7:23 AM,2021,Jaguar,I-Pace,Noe Street at 25th Street,San Francisco,San Francisco,94114,Stopped in Traffic,Moving,2,Minor,Autonomous,Clear,Daylight,Unknown,No Unusual Conditions,Stopped,Xing Into Opposing Lane,Side Swipe,Mid-Sized Car,Intersection,Vehicle 2,0,None,"On February 2Sth, 2023 at 7.23 AM PST a Waymo Autonomous Vehicle ~~Waymo AV"") operating in San Francisco, California was in a collision involving a heavy truck 0 2Sth Street at Noe Street The Waymo AV was proceeding East on 2Sth Street near the intersection with Noe Street when it came to a stop to yield to a heavy truck traveling West on 2Sth Street: As the heavy truck moved past the Waymo AV, the front left tire of the heavy truck made contact with the rear left sensor of the Waymo AV. The heavy truck then left the scene. At the time of the impact, the Waymo AV's Level 4 ADS was engaged in autonomous mode The Waymo AV sustained damage.",6,37.749829,-122.431716,021400,3004,3,,,,,,,0,
B,2/25/23,9:45 AM,2021,Jaguar,I-Pace,350 Pacific Ave,San Francisco,San Francisco,94111,Moving,Stopped in Traffic,2,Minor,Conventional,Clear,Daylight,Dry,No Unusual Conditions,Entering Traffic,Stopped,Side Swipe,Mid-Sized Car,Intersection,Vehicle 2,0,None,"On February 2Sth, 2023 at 9.45 AM/PM PST a Waymo Autonomous Vehicle (""Waymo AV"") operating in San Francisco, California was in collision involving a heavy truck o Pacific Avenue at Sansome Street: The Waymo AV was making a right turn to travel west on Pacific Avenue: As the Waymo AV turned, the rear right tire of the Waymo AV made contact with the lowered loading lift of a heavy truck parked partially across the parking lot entrance. At the time of the impact, the Waymo AV's Level 4 ADS was not engaged and a test driver was operating the Waymo AV in manual mode. The Waymo A V sustained damage.","10, 11",37.797818,-122.401623,010500,1018,1,51.7,1465,554,137,643,61,70,156490
B,3/1/23,8:27 PM,2021,Jaguar,I-Pace,8077 O'Farrell Street,San Francisco,San Francisco,94118,Moving,None,1,None,Autonomous,Clear,Dark - Street Lights,Dry,No Unusual Conditions,Entering Traffic,Unknown,Head On,Mid-Sized Car,Intersection,Vehicle 2,0,None,"On March 1, 2023 at 8.27 PM PST a Waymo Autonomous Vehicle (""Waymo AV') operating in San Francisco was in collision involving fixed object on 0 Farrell Street near Anzavista Avenue As the Waymo AV was leaving a parking lot to turn left onto 0 Farrell Street; the front of the Waymo AV made contact with a chain that was connected between parking lot road sign and temporary At the time of the impact, the Waymo AV's Level 4 ADS was engaged in autonomous mode. The road sign fell down due to tension on the chain. pole.",0,37.78542,-122.416932,012203,2001,2,36.9,567,351,0,103,33,80,59779
C,3/3/23,4:23 AM,2023,Cruise,AV,1201 Bryant St,San Francisco,San Francisco,94103,Stopped in Traffic,Moving,2,Moderate,Autonomous,Clear,Dark - Street Lights,Dry,No Unusual Conditions,Stopped,Making Right Turn,Side Swipe,Compact Car,Intersection,Vehicle 2,0,None,"A Cruise autonomous vehicle (""Cruise A V""), operating in driverless autonomous mode, Was traveling eastbound on Bryant Street in the rightmost lane between Ith Street and 1Oth Street As the Cruise AV proceeded straight into the intersection with 1Oth Street; semi-trailer truck traveling in the lane to the left of the Cruise AV began to make a right turn onto 1Oth Street and crossed into the Cruise A V's lane without a turn signal. The Cruise AV braked and the semi-trailer truck made contact with the left side of the Cruise AV, causing damage to the driver side front, rear, and bumper of the Cruise AV. The parties exchanged information and there were no injuries.","1, 2, 4, 5, 6, 7, 8",37.769788,-122.409848,017700,1010,1,33.9,372,165,5,86,98,18,165789
C,3/6/23,1:06 AM,2022,Cruise,AV,1199 Polk St,San Francisco,San Francisco,94109,Moving,Moving,2,Moderate,Autonomous,Clear,Dark - Street Lights,Dry,No Unusual Conditions,Making Left Turn,Other,Head On,Truck/Bus,Intersection,Vehicle 2,0,None,"A Cruise autonomous vehicle (""Cruise AV""), operating in driverless autonomous mode, was at a complete stop in response to a red light on northbound Polk Street at the intersection with Sutter Street_ The Cruise AV began to proceed as the light turned green when an Infiniti Q50 passed the Cruise AV in the oncoming traffic lane and began performing donuts in the intersection. The Cruise AV began to initiate a left turn onto Sutter Street when the Infiniti Q50 made contact with the Cruise AV's driver side bumper, causing damage to the front driver side bumper; front driver side fascia and front driver side headlight The driver of the Infiniti Q50 left the scene without exchanging information There were no reported injuries and the Cruise AV was towed the incident: front from","1, 2, 18",37.787733,-122.420244,012002,2001,2,37.6,1053,465,125,369,87,7,106047
WeRide,3/9/23,4:12 PM,2019,NISSAN,LEAF,Washington and The Embarcadero,SAN FRANCISCO,SAN FRANCISCO,94105,Stopped in Traffic,Moving,2,Minor,Conventional,Raining,Daylight,Wet,No Unusual Conditions,Stopped,Passing Other Vehicle,Rear End,Truck/Bus,Intersection,Vehicle 2,0,None,Our Autonomous vehicle (car 1) was in conventional mode stopped at the traffic light on Embarcadero and Washington. A black color Dodge Challenger (car 2) attempted to bypass Our car (car 1) from the rear and in doing so hit OUr car (car 1) right side rear bumper: At the time of collision our AV (Car 1) was stopped traveling 0 mph and the Dodge Challenger (car 2) was traveling less than 5 mph: The damage is minor and left a small scratch. After exchanging information both parties agreed to leave the scene,9,37.794374,-122.413614,010800,3006,3,36.8,2032,1289,25,538,116,64,175068
B,3/12/23,9:28 PM,2021,Jaguar,I-Pace,Cesar Chavez Street at Mission Street,San Francisco,San Francisco,94110,Stopped in Traffic,Moving,2,None,Autonomous,Raining,Dark - Street Lights,Wet,No Unusual Conditions,Stopped,Proceeding Straight,Rear End,Two-Wheels,Intersection,Vehicle 2,0,None,"On March 12,2023 at 9.28 PM PST a Waymo Autonomous Vehicle (""Waymo AV"") operating in San Francisco, California was in a collision involving a passenger car 0 Cesar Chavez Street at Mission Street. The Waymo AV was stopped in the dedicated left turn lane facing west on Cesar Chavez Street, awaiting a green signal to turn onto Mission Street: The signal for traffic proceeding west on Cesar Chavez Street turned green;, and traffic in adjacent lanes began moving The left turn arTow signal for the dedicated turn lane occupied by the Waymo AV remained red. The passenger car that had been stopped directly behind the Waymo AV began moving forward. The front of the passenger car made contact with the rear of the Waymo AV_ At the time of the impact, the Waymo AV's Level 4 ADS was engaged in autonomous mode, and a test driver was present (in the driver'$ seating position) The passenger car sustained minor damage.",0,37.748166,-122.418221,025300,4000,4,,,,,,,0,
B,3/16/23,5:10 PM,2021,Jaguar,I-Pace,367 Bayshore Boulevard,San Francisco,San Francisco,94124,Moving,Stopped in Traffic,2,Minor,Conventional,Clear,Daylight,Dry,No Unusual Conditions,Changing Lanes,Stopped,Unknown,Mid-sized Car,Intersection,Vehicle 2,0,None,"On March 16,2023 at 5:10 PM PST a Waymo Autonomous Vehicle (~Waymo AV"") operating in San Francisco, California was in a collision involving a passenger car 0n Bayshore Boulevard between Flower Street and Cortland Avenue The Waymo AV was traveling north on Bayshore Boulevard in autonomous mode, merging into the rightmost lane: As the Waymo AV merged, the test driver transitioned from autonomous mode to manual mode and began accelerating: The front of the Waymo AV made contact with the rear of a passenger car that was stopped in the rightmost lane. At the time of the impact, the Waymo A Level ADS was not engaged and a test driver was operating the Waymo AV in manual mode. Both the Waymo AV and the passenger car sustained damage. V's",17,37.741409,-122.405604,980900,1037,1,32.5,296,82,16,169,10,19,137750
A,3/16/23,10:31 AM,2019,Toyota,Highlander,Division Street approaching Bryant Street,San Francisco,San Francisco,94103,Moving,Stopped in Traffic,2,Minor,Conventional,Clear,Daylight,Dry,No Unusual Conditions,Making Right Turn,Parked,Side Swipe,Mid-Sized Car,Intersection,Vehicle 2,0,None,"A Zoox vehicle in manual mode northwest on Division St in San Francisco, CA scraped a parked car at low speed as it was pulling into driveway, making contact with its left front bumper: There were no injuries and police were not called.",10,37.769672,-122.406205,018000,3002,3,31.6,748,310,28,318,58,19,158558
B,3/16/23,2:19 AM,2021,Jaguar,I-Pace,Exit Ramp 43AInterstate 280,San Bruno,San Mateo,94066,Moving,None,2,Minor,Autonomous,Clear,Dark - Street Lights,Dry,No Unusual Conditions,Proceeding Straight,Unknown,Hit Object,Truck/Bus,Intersection,Vehicle 1,0,None,"On March 16,2023 at 2:19 AM PST a Waymo Autonomous Vehicle (""Waymo A operating in San Bruno, CA was in a collision involving road debris 0n Interstate 280 at the interchange ramp for Interstate 380 (Exit 434). The Waymo AV was traveling south on Interstate 280 in the rightmost exit lane for Exit 43A towards Interstate 380 when it made contact with road debris (tire scrap). At the time of the impact, the Waymo AV's Level 4 ADS was (engaged in autonomous mode, and a test driver was present (in the driver s seating position). The Waymo AV sustained damage. V)",11,37.623159,-122.436034,603802,1000,1,,,,,,,0,
C,3/18/23,3:26 AM,2023,Cruise,AV,499 25th Avenue,San Francisco,San Francisco,94121,Moving,Moving,2,Major,Autonomous,Clear,Dark - No Street Lights,Dry,No Unusual Conditions,Proceeding Straight,Proceeding Straight,Broadside,Mid-Sized Car,Intersection,Vehicle 2,0,None,"A Cruise autonomous vehicle (""Cruise A V""), operating in driverless autonomous mode, was traveling southbound on 2Sth Avenue between Clement Street and Boulevard. The Cruise AV entered the intersection with Boulevard on green light. the Cruise AV was passing through the intersection, a Mercedes Sedan traveling eastbound on Geary Boulevard entered the intersection on & red light and shortly thereafter made contact with the Cruise AV, damaging the front right quarter of the Cruise AV. The Mercedes Sedan then made contact with a nearby building, resulting in damage to the property: Police and Emergency Medical Services were called to the scene. The Cruise AV was towed from the scene. Occupants of the Mercedes Sedan received medical treatment at the scene and were not transported by Emergency Medical Services. Geary Geary As","14, 15, 16, 17, 19",37.780084,-122.484911,047701,1002,1,34.4,1440,657,0,501,35,205,103300
B,3/20/23,10:43 AM,2021,Jaguar,I-Pace,Venice Boulevard and La Cienega,Los Angeles,Los Angeles,90034,Stopped in Traffic,Moving,2,Minor,Autonomous,Cloudy,Daylight,Dry,No Unusual Conditions,Stopped,Proceeding Straight,Rear End,Mid-Sized Car,Intersection,Vehicle 2,0,None,"On March 20, 2023 at 10.43 AM PST a Waymo Autonomous Vehicle (""Waymo AV"") operating in Los Angeles, California was in a collision involving an SUV on Venice Boulevard at La Cienega. The Waymo AV was stopped in the center lane of a three-lane road behind a passenger vehicle for a red light facing southwest on Venice Boulevard at La Cienega in autonomous mode The light turned green while cross-traffic remained backed up in the intersection The Waymo AV nudged forward and slowed to yielding for the blocking cross traffic_ A passenger vehicle that had been stopped behind the Waymo AV proceeded forward and made contact with the rear of the Waymo AV. At the time of the impact, the Waymo AV's Level 4 ADS was engaged in autonomous mode, and a test driver was present (in the driver' s seating position). The Waymo AV sustained damage. stop,",9,34.035021,-118.377909,270200,1006,1,,,,,,,0,
B,3/20/23,8:04 PM,2021,Jaguar,I-Pace,Bayshore Boulevard near Jerrold Avenue,San Francisco,San Francisco,94124,Moving,None,1,Minor,Autonomous,Clear,Dark - Street Lights,Dry,"Holes, Deep Rut",Proceeding Straight,Unknown,Other,Mid-Sized Car,Intersection,Vehicle 2,0,None,"On March 20, 2023 at approximately 8.04 PM PST a Waymo Autonomous Vehicle (""Waymo AV ) operating in San Francisco, California was in a collision involving a pothole on Bayshore Boulevard near Jerrold Avenue_ The Waymo AV was traveling in the second lane on four-lane section of northbound Bayshore Boulevard when the passenger side rear tire made contact with pothole. The tire began to deflate and the Waymo AV pulled over on a side street: At the time of impact, the Waymo AV's Level 4 ADS was engaged in autonomous mode",11,37.726178,-122.401537,023300,2003,2,47.8,2491,216,335,1597,291,52,72958
C,3/21/23,5:58 PM,2022,Cruise,AV,1660 Sacramento Street,San Francisco,San Francisco,94109,Moving,Stopped in Traffic,2,None,Conventional,Cloudy,Daylight,Wet,No Unusual Conditions,Parking Maneuver,Parked,Side Swipe,Compact Car,Intersection,Vehicle 2,0,None,"A Cruise autonomous vehicle (""Cruise AV""), operating in manual mode, was traveling westbound in the leftmost lane on Sacramento Street between Larkin Street and Polk Street: As the Cruise AV operator attempted to parallel park behind a Hyundai Tucson, the Cruise AV made contact with the Hyundai Tucson The parties exchanged information_ There were no damages to the Cruise AV and there were no reported injuries.",0,37.791757,-122.420416,011101,1000,1,42.8,813,305,42,376,40,50,99519
C,3/21/23,9:49 PM,2023,Cruise,AV,1401StreetClay,San Francisco,San Francisco,94109,Moving,None,1,Moderate,Autonomous,Raining,Dark - Street Lights,Wet,Obstruction on Roadway,Proceeding Straight,Unknown,Hit Object,Compact Car,Intersection,Vehicle 2,0,None,"A Cruise autonomous vehicle (""Cruise AV""), operating in driverless autonomous mode, was traveling eastbound on Street between Hyde Street and Leavenworth Street. Shortly before the intersection with Leavenworth Street, the Cruise AV made contact with a downed power cable on Street and came to stop. This caused damage to the Cruise AV's front driver side radar assembly. There were no injuries. Clay Clay",3,37.795219,-122.420782,011002,1001,1,,,,,,,0,
C,3/22/23,11:30 PM,2023,Cruise,AV,2654 Turk Boulevard,San Francisco,San Francisco,94118,Moving,Stopped in Traffic,3,None,Autonomous,Clear,Dark - Street Lights,Dry,No Unusual Conditions,Stopped,Stopped,Rear End,Mid-Sized Car,Intersection,Vehicle 2,0,None,"A Cruise autonomous vehicle (""Cruise AV""), operating in driverless autonomous mode, was traveling westbound on Turk Boulevard between Roselyn Terrace and Kittredge Terrace. The Cruise AV came to complete stop for a vehicle in the process of letting passengers out that was stopped in the Cruise AV's lane of travel. A Smart Car traveling behind the Cruise AV came to a complete stop behind the Cruise AV. A Honda Accord trailing behind the Smart Car began to decelerate but made contact with the Smart Car; pushing the Smart Car forward into the Cruise AV'$ rear bumper: The exchanged information. There were no damages to the Cruise AV and there were no reported injuries. parties",0,37.778172,-122.451739,015701,1009,1,34.8,2050,1304,6,669,14,57,156250
C,3/22/23,3:20 AM,2023,Cruise,AV,1258 Shafter Avenue,San Francisco,San Francisco,94124,Moving,None,2,Moderate,Autonomous,Raining,Dark - Street Lights,Wet,No Unusual Conditions,Proceeding Straight,Parked,Hit Object,Mid-Sized Car,Street,Vehicle 2,0,None,"A Cruise autonomous vehicle (""Cruise A V""), operating in driverless autonomous mode, was traveling southbound on Shafter Avenue between Ingalls Street and Hawes Street. Shortly after the intersection with Ingalls Street, the Cruise AV made contact with a tow dolly attached to the back of a double-parked truck, damaging the front passenger side bumper and front passenger side fender of the Cruise AV_ There were no reported injuries.","15, 16, 17",37.727628,-122.384175,023200,2010,2,49.5,1188,140,349,356,329,14,76719
C,3/22/23,4:29 AM,2022,Cruise,AV,1695 Polk Street,San Francisco,San Francisco,94109,Moving,None,2,Moderate,Autonomous,Raining,Dark - Street Lights,Wet,Obstruction on Roadway,Proceeding Straight,Unknown,Hit Object,Mid-Sized Car,Intersection,Vehicle 2,0,None,"A Cruise autonomous vehicle (""Cruise A V""), operating in driverless autonomous mode, was traveling southbound on Polk Street near the intersection with Street: Shortly after passing through the intersection with Street; the Cruise AV made contact with a downed power cable stretching across Polk Street and came to a stop. This caused damage to the Cruise AV's front fascia. There were no injuries. Cruise was informed by law enforcement to the Cruise AV stationary until the power cables were cleared. During the time that the power cable was cleared and that the Cruise AV was stopped, the Cruise AV ran low on battery power and did not have enough power to return to Cruise facilities on its own. The Cruise AV was therefore towed from the scene once the power cables were cleared. Clay Clay keep being","1, 15, 16, 17, 18",37.792215,-122.421282,011101,1001,1,42.8,813,305,42,376,40,50,99519
C,3/23/23,2:46 PM,2023,Cruise,AV,1452 Haight Street,San Francisco,San Francisco,94117,Moving,None,2,Moderate,Autonomous,Clear,Daylight,Dry,No Unusual Conditions,Proceeding Straight,Slowing/Stopping,Rear End,Mid-Sized Car,Intersection,Vehicle 2,0,None,"Cruise autonomous vehicle (""Cruise AV""), operating in driverless autonomous mode, was traveling o westbound Haight Street between Ashbury Street and Masonic Avenue. At the same time, a San Francisco Municipal Railway MUNI"" Bus stopped ahead of the Cruise AV. Shortly thereafter; the Cruise AV made contact with the rear bumper of the MUNI Bus, damaging the front fascia and front fender of the Cruise AV The parties exchanged information: There were no reported injuries and the Cruise AV was towed the scene_ from","1, 15, 16, 17, 18, 19",37.770378,-122.446275,016601,2003,2,35.3,1349,857,63,151,48,230,154028
B,4/3/23,10:56 PM,2021,Jaguar,I-Pace,Jack London Alley at Varney Place,San Francisco,San Francisco,94107,Stopped in Traffic,Moving,2,Minor,Autonomous,Clear,Dark - Street Lights,Dry,No Unusual Conditions,Stopped,Passing Other Vehicle,Side Swipe,Mid-Sized Car,Intersection,Vehicle 2,0,None,"On April 3,2023 at 10.56 PM PST a Waymo Autonomous Vehicle (""Waymo AV"") operating in San Francisco, California was in a collision involving an SUV on Jack London Alley at Varney Place While traveling northwest on Jack London the Waymo AV came to a stop to yield to an oncoming SUV in a narrow passageway. Thef SUV proceeded around the Waymo AV and made contact with the left rear sensor housing of the Waymo AV. At the time of the impact, the] Waymo A Level 4 ADS was engaged in autonomous mode, and a test driver was present (in the driver' $ seating position). The driver of the SUV stopped briefly but left before sharing their information The Waymo sustained damage. Alley; V's",6,37.781942,-122.394407,061502,2002,2,,,,,,,0,
B,4/5/23,10:46 AM,2021,Jaguar,I-Pace,Potrero Avenue at 2lst Street,San Francisco,San Francisco,94110,Stopped in Traffic,Moving,2,Minor,Conventional,Clear,Daylight,Dry,No Unusual Conditions,Stopped,Changing Lanes,Rear End,Truck/Bus,Intersection,Vehicle 2,0,None,"On April 5,2023 at 10.46 AM PST a Waymo Autonomous Vehicle (""Waymo AV"") operating in San Francisco, California was in a collision involving a passenger car 0 Potrero Avenue at 2lst Street: The Waymo AV was traveling southbound on Potrero Avenue in the leftmost lane as it was approaching the intersection with 2lst Street The signal for traffic proceeding south on Potrero Avenue was green for the Waymo AV as it approached the intersection. As the Waymo AV approached, an individual motorized scooter traveling north on Potrero Avenue proceeded to turn left onto westbound 2lst Street, across the paths of the Waymo AV and other oncoming vehicles The Waymo AV began to brake, and the Waymo AV test driver transitioned to manual mode and brought the Waymo AV to a stop. A passenger car traveling directly behind the Waymo AV then made contact with the rear of the Waymo AV. The individual riding the scooter was not contacted by the Waymo AV or any other vehicle At the time of the impact, the Waymo AV's Level 4 ADS was not engaged and a test driver was operating the Waymo AV in manual mode. Both the Waymo AV and the passenger car sustained damage, and the individual on the motorized scooter left the scene. riding",9,37.757282,-122.406959,022802,2003,2,48,1509,652,128,188,511,28,0
B,4/6/23,10:48 AM,2021,Jaguar,I-Pace,Randall Street near Harper Street,San Francisco,San Francisco,94110,Stopped in Traffic,Moving,2,Minor,Autonomous,Clear,Daylight,Dry,No Unusual Conditions,Stopped,Proceeding Straight,Side Swipe,Mid-Sized Car,Intersection,Vehicle 2,0,None,"On April 6, 2023 at 10.48 AM PST a Waymo Autonomous Vehicle (""Waymo AV"") operating in San Francisco, California was in a collision involving a heavy truck 0 Randall Street near Harper Street The Waymo AV was proceeding northwest on Randall Street near the intersection with Harper Street when it came to a stop to yield to a heavy truck traveling southeast on Randall Street: As the heavy truck drove past the Waymo AV, the driver' $ side section of the heavy truck made contact with the rear driver's side sensor of the Waymo AV. The truck then left the scene. At the time of the impact, the Waymo AV's Level 4 ADS was engaged in autonomous mode. The Waymo AV sustained damage. heavy",6,37.739613,-122.425978,021800,2002,2,37.7,971,596,8,149,149,69,250001
C,4/9/23,4:45 AM,2023,Cruise,AV,499 25th Avenue,San Francisco,San Francisco,94121,Moving,None,1,Moderate,Autonomous,Clear,Dark - Street Lights,Dry,No Unusual Conditions,Proceeding Straight,Proceeding Straight,Broadside,Mid-Sized Car,Street,Vehicle 2,0,None,"A Cruise autonomous vehicle (""Cruise AV""), operating in driverless autonomous mode, was traveling southbound on 2Sth Avenue between Clement Street and Geary Boulevard, The Cruise AV entered the intersection with Boulevard on green light. the Cruise AV was passing through the intersection, a black Volkswagen Hatchback traveling westbound on Geary Boulevard entered the intersection on red light and shortly thereafter made contact with the Cruise AV, damaging the driver side doors of the Cruise AV. The driver of the Volkswagen Hatchback left the scene without exchanging information. Police were called to the scene. There were no reported injuries and the Cruise AV was towed from the scene_ Geary As","11, 12, 13",37.780084,-122.484911,047701,1002,1,34.4,1440,657,0,501,35,247,103300
A,4/11/23,10:54 AM,2017,Toyota,Highlander,Lombard Street,San Francisco,San Francisco,94133,Moving,Moving,2,Major,Conventional,Clear,Daylight,Dry,No Unusual Conditions,Other,Unknown,Hit Object,Mid-Sized Car,Street,Vehicle 2,0,None,Zoox vehicle in manual mode was traveling eastbound on Lombard St: towards Leavenworth St: following a sharp curve in the road when] it made contact with a concrete abutment on the right: There were no injuries and police were not called. Autonomy was not engaged at any point during the drive cycle proceeding the event.,9,37.803051,-122.409962,010401,2002,2,34.3,1697,857,12,361,397,70,114938
A,4/11/23,11:19 AM,2017,Toyota,Highlander,Kearny Street and Commercial Street Intersection,San Francisco,San Francisco,94108,Stopped in Traffic,Moving,2,Minor,Autonomous,Clear,Daylight,Dry,Construction - Repair Zone,Stopped,Passing Other Vehicle,Rear End,Mid-Sized Car,Intersection,Vehicle 2,0,None,"A Zoox vehicle in autonomy was proceeding northbound on Kearny Street in stop-and-go traffic through an active construction zone  At the same time, an e-scooter traveling near the right curb was passing other slow traffic behind the Zoox vehicle. Before the e-scooter could also pass the Zoox vehicle on the right, the e-scooter weaved away from the curb, seemingly to avoid a drainage grate, and came within a close following distance behind the Zoox vehicle. As the Zoox vehicle came to stop again for traffic ahead the e-scooter rider did not stop, and the e-scooter made contact with the right rear tail light of the Zoox vehicle. The e-scooter rider remained upright, did not stop to exchange information, and immediately rode off while the Zoox vehicle was still stopped There were no injuries and police were not called. The damage to the Zoox vehicle was limited to a cracked tail light lens.",9,37.794021,-122.40471,061101,2025,2,,,,,,,0,
B,4/12/23,5:29 PM,2021,Jaguar,I-Pace,Wilshire Boulevard at 26th Street,Santa Monica,Los Angeles,90403,Stopped in Traffic,Moving,2,Minor,Autonomous,Clear,Daylight,Dry,No Unusual Conditions,Stopped,Proceeding Straight,Rear End,Mid-Sized Car,Intersection,Vehicle 2,0,None,"On April 12,2023 at 5.29 PM PST a Waymo Autonomous Vehicle (""Waymo AV') operating in Santa Monica, California was in a collision] involving an SUV on Wilshire Boulevard at 26th Street. The Waymo AV was traveling southwest o Wilshire Boulevard in the rightmost lane as it was approaching the intersection with 26th Street: The signal for traffic proceeding southwest on Wilshire Boulevard was red as the Waymo AV approached the intersection and came to a stop. The signal for traffic proceeding southwest on Wilshire Boulevard then turned green, and traffic in adjacent lanes began moving while the Waymo AV waited for traffic in its lane to begin to move The SUV that had been stopped directly behind the Waymo AV began moving forward and the front of the SUV made contact with the rear of the Waymo AV. At the time of the impact, the Waymo AV's Level 4 ADS was engaged in autonomous mode, and a test driver was present (in the driver's seating position). The Waymo sustained damage.",8,34.036339,-118.477834,701601,3011,3,,,,,,,0,
C,4/12/23,8:13 PM,2023,Cruise,AV,1198 Turk Street,San Francisco,San Francisco,94115,Stopped in Traffic,Moving,2,Minor,Autonomous,Clear,Dark - Street Lights,Dry,No Unusual Conditions,Stopped,Backing,Rear End,Mid-Sized Car,Street,Vehicle 2,0,None,"A Cruise autonomous vehicle (""Cruise AV""), operating in driverless autonomous mode, was traveling westbound on Turk Street Street between Webster Street and Laguna Street_ The Cruise AV came to complete stop for a double-parked Sedan in the leftmost lane: The Cruise AV began to maneuver around and to the right of the Sedan when the Sedan reversed into the Cruise A V, damaging the Cruise AV'$ front driver side bumper: The driver of the Sedan left the scene without exchanging information. There were no reported injuries.","1, 18",37.781072,-122.428505,016102,2001,2,44.9,2152,177,1225,341,325,84,20512
C,4/21/23,8:13 PM,2023,Cruise,AV,887 Geary St,San Francisco,San Francisco,94109,Stopped in Traffic,Moving,2,Moderate,Conventional,Clear,Dark - Street Lights,Dry,No Unusual Conditions,Stopped,Making Left Turn,Side Swipe,Mid-Sized Car,Highway/Freeway,Vehicle 1,0,None,"A Cruise autonomous vehicle (""Cruise A operating in manual mode, was at a complete in response to a red light in the rightmost lane 0n westbound Geary Boulevard at the intersection with Larkin Street  While the Cruise AV was stopped, a Mercedes SUV exited parking lot onto westbound Geary Boulevard, pulled behind and to the left of the Cruise AV_ and made contact with the left side of the Cruise AV, causing damage to the Cruise AV's rear driver side door and rear driver side wheel well. The parties exchanged information The Cruise AV operator in the Cruise AV later reported head, shoulder and back injuries. V""); stop fully","4, 5, 6",37.785971,-122.417594,012203,2001,2,36.9,567,351,0,103,33,80,59779
C,4/22/23,9:59 PM,2022,Cruise,AV,810 1Oth St,San Francisco,San Francisco,94103,Moving,Moving,2,Moderate,Autonomous,Clear,Dark - Street Lights,Dry,No Unusual Conditions,Making Right Turn,Proceeding Straight,Rear End,Mid-Sized Car,Street,Vehicle 1,0,None,"A Cruise autonomous vehicle (""Cruise AV""), operating in driverless autonomous mode, was at a complete stop in response to a red light on 1Oth Street at the intersection with Division Street: The Cruise AV began to make a right turn onto Division Street after the light turned green   before yielding to a pedestrian in the crosswalk. Shortly thereafter, a silver Infiniti Sedan traveling behind the Cruise AV made contact with the Cruise AV's rear bumper, causing damage to the Cruise AV's rear fascia. The driver of the Infiniti Sedan left the scene without exchanging information: There were no reported injuries","7, 8, 9",37.775678,-122.412131,017803,1000,1,,,,,,,0,
Mercedes,4/26/23,3:00 PM,2021,Mercedes,S Class,San Thomas ExpresswayCentral Expressway,SANTA CLARA,SANTA CLARA,95051,Stopped in Traffic,Moving,2,Minor,Conventional,Unknown,Daylight,Dry,No Unusual Conditions,Merging,Merging,Rear End,Two-wheels,Highway/Freeway,Vehicle 2,0,None,The Mercedes-Benz was leaving the off-ramp of EB Central Expressway and approached the merge at NB San Thomas Expressway. The driver yielded to cross traffic at the merge when the Porsche Cayenne vehicle rear-ended the Mercedes-Benz,"8, 9",37.345558,-121.94646,505600,3016,3,20,2523,1380,28,533,434,148,90625
B,4/28/23,5:29 PM,2021,Jaguar,I-Pace,25th St & Sanchez St,San Francisco,San Francisco,94114,Stopped in Traffic,Moving,2,Minor,Autonomous,Clear,Daylight,Dry,Unknown,Stopped,Parking Maneuver,Side Swipe,Mid-Sized Car,Street,Vehicle 2,0,None,"The Waymo AV was traveling east o 2Sth Street between Sanchez Street and Vicksburg Street when it approached an SUV that was stopped in the lane in front of the Waymo AV. The Waymo AV began passing the stopped SUV on the left when the SUV began reversing in the lane_ The Waymo AV then stopped behind and to the left of the SUV, and the SUV continued reversing and began a turning maneuver to enter a parking space. The left side of the SUV made contact with the front right corner of the Waymo AV. At the time of the impact, the Waymo AV was stopped and the AV's Level 4 ADS was engaged in autonomous mode. Both vehicles sustained damage.",15,37.749964,-122.4295,021400,3004,3,,,,,,,0,
B,4/30/23,1:53 PM,2021,Jaguar,I-Pace,Oak Street at Octavia Boulevard,San Francisco,San Francisco,94102,Stopped in Traffic,Moving,2,None,Autonomous,Clear,Daylight,Dry,No Unusual Conditions,Parked,Proceeding Straight,Side Swipe,Mid-Sized Car,Intersection,Vehicle 2,0,None,"On April 30,2023 at 1.53 PM PST a Waymo Autonomous Vehicle (""Waymo AV"") operating in San Francisco, California was in a collision involving an SUV on Oak Street at Octavia Boulevard: While the Waymo AV was parked at the right side curb of the road on Oak Street, an SUV that was passing the parked Waymo AV in the rightmost lane made contact with the rear driver side of the Waymo AV. At the time of the impact, the Waymo AV's Level 4 ADS was engaged in autonomous mode. The Waymo AV did not sustain damage, while the SUV sustained damage.",0,37.774811,-122.424246,016200,1003,1,,,,,,,0,
Weride,5/1/23,11:41 AM,2023,NISSAN,LEAF,St and Columbus AveBay,San Francisco,San Francisco,94133,Stopped in Traffic,None,1,Minor,Autonomous,Cloudy,Daylight,Dry,No Unusual Conditions,Making Right Turn,Proceeding Straight,Rear End,Mid-Sized Car,Intersection,Vehicle 2,0,None,"On Monday Ist at 11.41am Weride autonomous vehicle Vehicle 1) was in Autonomous Mode stopped at the intersection of St towards Columbus Ave appropriately yielding to illegally U turning skateboard on Bay St North to South direction in front of the AV (Vehicle 1) While yielding, a bicyclist was coming from behind our AV (Vehicle 1) head was turned left possibly looking for cross traffic_ When the cyclist turned his head forward, it was too late to react in time to our stopped vehicle( Vehicle 1) with the given distance and were traveling at in which the cyclist collided with our vehicle (Vehicle 1) Our Weride safety officer immediately disengaged and hand signaled to the bicyclist to over to the closest safe place to park as to not obstruct traffic. As our safety officer parked and got out of the car to check on the bicyclist, the bicyclist was already on in motion on his bicycle and ""fist bumped"" our safety officer while passing by him and leaving the scene without exchanging any information May Bay speed] they pull",8,37.804356,-122.416051,010102,1004,1,,,,,,,0,
C,5/1/23,2:44 AM,2022,Cruise,AV,36th Ave and Lincoln Way,San Francisco,San Francisco,94122,Moving,None,2,Minor,Conventional,Clear,Dark - Street Lights,Dry,No Unusual Conditions,Making Left Turn,Unknown,Head On,Compact Car,Intersection,Vehicle 2,0,None,"A Cruise autonomous vehicle (""Cruise AV""), operating in supervised autonomous mode, was at a complete stop in response to a red light onf 36th Avenue at the intersection with Lincoln Way. The Cruise AV began to make a left turn onto Lincoln after the light turned green. While the Cruise AV was in the intersection completing the turn, the Cruise AV operator disengaged from autonomous into manual mode_ After the disengagement, the Cruise AV operator continued straight forward, and shortly thereafter, made contact with the right curb and concrete guardrail on Lincoln This caused damage to the Cruise AV's front passenger side bumper and front passenger side fascia. The Cruise AV operator reported injuries and the Cruise AV was towed the incident. Way Way: from","15, 16",37.764638,-122.495475,032700,7002,7,,,,,,,0,
B,5/3/23,10:32 AM,2021,Jaguar,I-Pace,Pine Street near Broderick Street,San Francisco,San Francisco,94115,Moving,Moving,2,Moderate,Conventional,Cloudy,Daylight,Dry,No Unusual Conditions,Slowing/Stopping,Proceeding Straight,Rear End,Mid-Sized Car,Intersection,Vehicle 2,0,None,"On 3,2023 at 10.32 AM PST a Waymo Autonomous Vehicle (~Waymo AV') operating in San Francisco, California was in a collision] involving an SUV on Pine Street near Broderick Street  The Waymo AV was traveling in autonomous mode in the middle lane on westbound Pine Street between Divisadero Street and Broderick Street: A slower traveling van in the left adjacent lane began to initiate a right lane change in front of the Waymo AV and the Waymo AV test driver transitioned to manual mode and braked  The SUV traveling behind the Waymo AV then made contact with the rear of the Waymo AV. At the time of the impact; the Waymo AV's Level 4 ADS was not engaged and a test driver was operating the Waymo AV in manual mode_ The Waymo AV and SUV sustained damage. May","8, 9",37.787785,-122.435966,015300,1000,1,38.6,805,520,37,98,120,30,181597
C,5/3/23,4:38 AM,2022,Cruise,AV,Three Embarcadero Center,San Francisco,San Francisco,94111,Moving,None,2,Major,Conventional,Raining,Dark - Street Lights,Wet,No Unusual Conditions,Proceeding Straight,Unknown,Hit Object,Compact Car,Intersection,Vehicle 2,0,None,"A Cruise autonomous vehicle (""Cruise operating in manual mode, was departing from the Three Embarcadero Center garage facility. As the Cruise AV was leaving the garage, the garage began to lower and made contact with the Cruise AV, damaging the roof Lidar assembly. There were no reported injuries. AV""), gate",19,37.793832,-122.392358,061507,1001,1,27.5,1940,766,0,730,444,0,93466
C,5/4/23,9:32 AM,2023,Cruise,AV,1798 Franklin St,San Francisco,San Francisco,94109,Moving,Moving,2,Minor,Autonomous,Clear,Daylight,Dry,No Unusual Conditions,Slowing/Stopping,Proceeding Straight,Rear End,Mid-Sized Car,Street,Vehicle 2,1,Scooterist later reported injuries.,"A Cruise autonomous vehicle (""Cruise AV""), operating in driverless autonomous mode, was traveling northbound on Franklin Street between Clay Street and Sacramento Street. As the Cruise AV passed through the intersection with Sacramento Street, a scooterist approaching from the rear merged into the Cruise A V's lane behind the Cruise AV. The Cruise AV began to brake, and the scooterist made contact with the rear window and rear bumper of the Cruise AV. This caused damage to the rear window, rear bumper and driver side rear headlight of the Cruise AV. The parties exchanged information There were no injuries reported at the scene and police were not called The scooterist later reported injuries.","7, 8, 19",37.791105,-122.423974,013101,2000,2,35.1,756,467,42,202,0,45,191172
B,5/6/23,8:48 PM,2021,Jaguar,I-Pace,Post Street at Webster Street,San Francisco,San Francisco,94115,Moving,None,2,Minor,Autonomous,Cloudy,Dark - Street Lights,Dry,No Unusual Conditions,Unknown,Parked,Rear End,Mid-Sized Car,Intersection,Vehicle 2,0,None,"On 6,2023 at 8:48 PM PT a Waymo Autonomous Vehicle (""Waymo AV') operating in San Francisco, California was in a collision involving passenger vehicle on Post Street at Webster Street_ While traveling west o Post Street; the Waymo AV was executing a pullover maneuver in autonomous mode and made contact with the left rear bumper of a parked vehicle: At the time of the impact, the Waymo AV's Level 4 ADS was engaged in autonomous mode. Both vehicles sustained damage. May",16,37.785373,-122.431366,015500,4003,4,,,,,,,0,
C,5/7/23,5:03 PM,2022,Cruise,AV,1494 Polk St,San Francisco,San Francisco,94109,Moving,Moving,2,Moderate,Conventional,Clear,Daylight,Dry,No Unusual Conditions,Proceeding Straight,Proceeding Straight,Side Swipe,Mid-Sized Car,Intersection,Vehicle 2,0,None,"A Cruise autonomous vehicle ""Cruise A"" operating in manual mode, was traveling northbound on Polk Street between Pine Street and California Street. As the Cruise AV was passing through the intersection with California Street 0 a green light; a stand-up scooterist traveling eastbound on California Street entered the intersection on a red light and shortly thereafter made contact with the Cruise AV, damaging the Cruise AV's front and rear driver side doors, front driver side radar assembly and rear driver side door handle. The scooterist left the scene without exchanging information. There were no reported injuries. V""),","2, 3, 4, 5",37.790563,-122.420492,011102,1002,1,35.4,1146,542,54,427,18,105,98984
Apple,5/11/23,4:55 PM,2016,Lexus,RX 45h,Our Lady's Way & Great America Pkwy,Santa Clara,Santa Clara,95054,Stopped in Traffic,Moving,2,Minor,Conventional,Clear,Daylight,Dry,No Unusual Conditions,Stopped,Slowing/Stopping,Rear End,Mid-Sized Car,Intersection,Vehicle 2,0,None,On Hth a test vehicle operating in manual driving mode was traveling Eastbound on Our Lady's Way in Santa Clara and stopped in traffic behind a stop sign at the intersection with Great America Parkway. A Volkswagen Jetta failed to stop and struck the rear of the test vehicle. No injuries were reported and law enforcement was not called to the scene. Both vehicles sustained minor damage. May,"6, 7",37.39349,-121.964672,505010,2054,2,,,,,,,0,
A,5/17/23,11:40 AM,2017,Toyota,Highlander,13th Street and Harrison Street,San Francisco,San Francisco,94103,Moving,Moving,2,Minor,Autonomous,Clear,Daylight,Dry,No Unusual Conditions,Slowing/Stopping,Proceeding Straight,Rear End,Two-Wheels,Intersection,Vehicle 2,1,"Zoox operator reported a ""sore neck and back ' began","A Zoox vehicle in autonomous mode was traveling north on Harrison St: The Zoox vehicle coming to a gradual stop for traffic ahead when it was rear ended by vehicle 2 at low speed. There was minor damage and police were not called. The Zoox operator reported a ""sore neck and back ' began",7,37.769577,-122.413347,017700,1007,1,,,,,,,0,
C,5/18/23,4:00 AM,2023,Cruise,AV,450 ]Oth St,San Francisco,San Francisco,94103,Moving,None,0,Major,Conventional,Clear,Dark - Street Lights,Dry,No Unusual Conditions,Backing,Unknown,Hit Object,Mid-Sized Car,Intersection,Vehicle 2,0,None,"A Cruise autonomous vehicle (""Cruise AV""), operating in manual mode, was parked in a parking space in a Costco garage facility. As the Cruise AV operator was reversing out of the parking space, the Cruise AV made contact with a cement pillar, damaging the front driver side] radar assembly of the Cruise AV_ There were no reported injuries.",2,37.737105,-122.382662,023103,1003,1,28.4,1627,0,1163,63,125,276,27075
A,5/20/23,10:49 PM,2017,Toyota,Highlander,Broadway Street and Montgomery Street,San Francisco,San Francisco,94133,Stopped in Traffic,Moving,2,Minor,Conventional,Raining,Dark - Street Lights,Wet,No Unusual Conditions,Stopped,Making Left Turn,Head On,Truck/Bus,Street,Vehicle 2,0,None,"A Zoox vehicle in manual mode was stopped northbound at the intersection of Montgomery St and Broadway at a red traffic light when another vehicle making a left turn from westbound Broadway onto southbound Montgomery St erratically veered toward the Zoox vehicle, resulting in low speed collision with our front bumper. The driver initially stopped and partially opened the drivers door; but then drove away from the scene. Police were not called and no injuries were reported.",18,37.798223,-122.403863,010600,2001,2,,,,,,,0,
B,5/21/23,10:56 AM,2021,Jaguar,I-Pace,Toland Street at Toland Place,San Francisco,San Francisco,94124,Moving,None,0,Minor,Autonomous,Cloudy,Daylight,Dry,No Unusual Conditions,Proceeding Straight,Unknown,Hit Object,Mid-Sized Car,Street,Vehicle 2,0,None,"On 21,2023 at 10.56 AM PT a Waymo Autonomous Vehicle (""Waymo AV"") operating in San Francisco, California was in collision involving small dog on Toland Street at Toland Place. The Waymo AV was traveling southwest o Toland Street when small ran into the street in front of the Waymo AV. The Waymo AV then made contact with the which did not survive. At the time of the impact, the Waymo AVs Level 4 ADS was engaged in autonomous mode, and a test driver was present (in the driver' $ seating position). The Waymo AV sustained damage. May dog - dog;",19,37.744307,-122.398297,980900,1034,1,32.5,296,82,16,169,10,19,137750
C,5/21/23,9:24 PM,2022,Cruise,AV,1121 Folsom St,San Francisco,San Francisco,94103,Moving,Stopped in Traffic,2,Minor,Autonomous,Clear,Dark - Street Lights,Dry,"Holes, Deep Rut",Proceeding Straight,Parked,Side Swipe,Compact Car,Intersection,Vehicle 2,1,Passenger of the Cruise AV was assessed by medical personnel at the scene but was not transported by Emergency Medical Services,"A Cruise autonomous vehicle ~""Cruise AV'), operating in driverless autonomous mode, was traveling eastbound on Folsom Street between Sth Street and Langton Street: As the Cruise AV approached the intersection with Langton Street; the Cruise A V traveled over a pothole, which blew out the front driver side tire and caused the Cruise AV to veer into the adjacent parking lane. Shortly thereafter; the Cruise AV made contact with parked Subaru Impreza, causing damage to the Cruise AV's front passenger side quarter panel, front passenger side fascia, front driver side tire and rear passenger side quarter panel. Police and Emergency Medical Services were called and the Cruise AV was towed the scene. The passenger of the Cruise AV was assessed by medical personnel at the scene but was not transported by Emergency Medical Services. from","2, 10, 14, 15, 16",37.776159,-122.408329,017804,3006,3,36.2,645,90,0,499,56,0,163000
Mercedes,5/30/23,4:30 PM,2021,Mercedes,S Class,EB Condensa Street,Santa Clara,Santa Clara,95051,Stopped in Traffic,Moving,2,Minor,Conventional,Clear,Daylight,Dry,No Unusual Conditions,Stopped,Slowing/Stopping,Rear End,Mid-Sized Car,Intersection,Vehicle 2,0,None,The Mercedes-Benz was traveling eastbound on Condensa Street at the merge of the eastbound Central Expressway. The driver of the Mercedes-Benz was yielding to cross-traffic and came to a complete stop as he waited for an opening to merge. The driver of the Mazda following the Mercedes-Benz did not come to a stop and contacted the Mercedes-Benz at the rear bumper. The Mazda was travel <Smph at the time of contact with the Mercedes-Benz. No injuries were incurred and both parties were able to drive away from the incident:,"7, 8, 9",37.345558,-121.94646,505600,3016,3,20,2523,1380,28,533,434,126,90625
Mercedes,6/1/23,10:53 AM,2022,Mercedes,S CLASS,710N NEAR 91E INTERCHANGE,LONG BEACH,LOS ANGELES,90805,Moving,None,1,Moderate,Conventional,Cloudy,Daylight,Dry,No Unusual Conditions,Proceeding Straight,Unknown,Hit Object,Truck/Bus,Street,Vehicle 2,0,None,"THE DRIVER WAS OPERATING THIS VEHICLE ON US HWY 71ON IN L2 MODE APPROACHING THE INTERCHANGE WITH THE US HWY 91. AS DRIVER APPROACHED AN OVERPASS, A 4-FOOT LONG STEEL ROD FELL FROM THE BRIDGE AND BOUNCED OFF THE HIGHWAY BEFORE HITTING THE FRONT BUMPER OF THE VEHICLE. THE DRIVER TOOK MANUAL CONTROL AND BROUGHT THE VEHICLE TO A STOP ON THE SHOULDER DAMAGE WAS INCURRED TO THE FRONT BUMPER INCLUDING DESTRUCTION OF A CAMERA SENSOR, LIDAR, AND RADAR NO INJURIES WERE REPORTED BY THE DRIVER AND HE WAS ABLE TO DRIVE FROM THE SCENE OF THE INCIDENT.","7, 8, 9",33.864617,-118.180567,570503,2008,2,,,,,,,0,
B,6/5/23,12:53 PM,2021,Jaguar,I-Pace,3911 3rd Street,San Francisco,San Francisco,94124,Stopped in Traffic,Moving,2,Minor,Autonomous,Clear,Daylight,Dry,No Unusual Conditions,Stopped,Backing,Broadside,Truck/Bus,Highway/Freeway,Vehicle 1,0,None,"On June 5, 2023 at 12.53 PM PT a Waymo Autonomous Vehicle (""Waymo AV"") operating in San Francisco, California was in a collision involving a van in parking lot at 391 3rd Street_ The Waymo AV came to a stop while yielding to a pickup truck which was reversing into perpendicular parking space in front of the Waymo AV. While the Waymo AV was stopped, a van which was in a parking space immediately to the right of the Waymo AV began reversing out of the parking space. The rear of the van made contact the right side of the Waymo AV. The Waymo AV sustained damage: At the time of the impact, the Waymo AV's Level 4 ADS was engaged in autonomous mode. with",14,37.741482,-122.387988,061200,1000,1,53,1270,133,311,606,215,5,66774
Pony.ai,6/5/23,11:39 AM,2021,Hyundai,Kona EV,Warren Ave & Kato Rd,Fremont,Alameda,94538,Stopped in Traffic,Moving,2,Minor,Autonomous,Clear,Daylight,Dry,No Unusual Conditions,Stopped,Proceeding Straight,Rear End,Truck/Bus,Street,Vehicle 1,0,None,"On June 5, 2023, while in supervised (""Drivered' autonomous mode, a Pony.ai AV was rear-ended twice by a passenger vehicle at the intersection of Warren Ave and Kato Road in Fremont, CA The Pony.ai AV was stopped at a red stop light when the passenger vehicle directly behind the ai AV proceeded to rear-end the Pony.ai AV two times in quick succession The Pony.ai safety operator disengaged the Pony.ai AV from autonomous mode, and, concerned for his own safety, immediately drove the vehicle back to the Pony.ai Fremont office a distance of approximately 1 mile) The passenger vehicle which had rear-ended the Pony.ai AV followed the Pony.ai AV back to Pony.ai's Fremont office A brief interaction during which the driver of the passenger vehicle threatened ai employees, the passenger vehicle and driver drove away. The Fremont police took a report about the incident: There were no injuries reported  Pony _ fter Pony.=",8,37.483443,-121.934584,441503,1009,1,,,,,,,0,
C,6/8/23,10:37 PM,2022,Cruise,AV,2275 Revere Ave,San Francisco,San Francisco,94124,Stopped in Traffic,Moving,2,Minor,Autonomous,Clear,Dark - Street Lights,Dry,No Unusual Conditions,Stopped,Backing,Rear End,Mid-Sized Car,Highway/Freeway,Vehicle 2,0,None,"A Cruise autonomous vehicle (""Cruise AV""), operating in driverless autonomous mode, was traveling southbound on Revere Avenue between Industrial Street and Selby Street: The Cruise AV came to a stop behind a GMC Yukon that was stopped diagonally in the Cruise AV's lane of travel. After the Cruise AV came to complete stop, the GMC Yukon began reversing further into the Cruise AV's lane and made contact with the Cruise AV, damaging the front bumper fascia of the Cruise AV. The parties exchanged information and there were no reported injuries.",17,37.7386,-122.402923,023001,1003,1,44.4,1855,142,111,1082,382,138,63750
Weride,6/8/23,2:06 PM,2019,Nissan,Leaf,E Trimble Rd between Junction Ave and Zanker Rd,San Jose,Santa Clara,95134,Stopped in Traffic,Moving,2,Moderate,Autonomous,Clear,Daylight,Dry,No Unusual Conditions,Stopped,Backing,Rear End,Compact Car,Street,Vehicle 2,0,None,"At 2:06pm WeRide driverless vehicle (car 1) was stopped behind a big rig truck (vehicle 2). As our vehicle (car 1) was stopped behind the big rig truck, the big rig truck proceeded to reverse backwards and eventually collided into the WeRide vehicle (car 1) Both parties pulled over both involved vehicles and cooperated to exchange information: The damage sustained to the WeRide vehicle was moderate and the bid rig truck did not have any damage.","16, 17, 18",37.387215,-121.925361,505006,5037,5,31.3,1706,438,0,1206,35,27,170972
B,6/9/23,2:47 PM,2021,Jaguar,I-Pace,Fell Street at Laguna Street,San Francisco,San Francisco,94102,Moving,Stopped in Traffic,2,Minor,Conventional,Clear,Daylight,Dry,No Unusual Conditions,Backing,Parked,Rear End,Mid-Sized Car,Highway/Freeway,Vehicle 2,0,None,"On June 9, 2023 at 2:.47 PM PT a Waymo Autonomous Vehicle (""Waymo AV') operating in San Francisco, California was in a collision involving passenger car on Fell Street at Laguna Street. The Waymo AV was maneuvering out of a parallel parking spot at the right side curb on Fell Street: As it reversed, the rear f the Waymo AV made contact with the front of the passenger car parked directly behind it: At the time of the impact, the Waymo AV's Level 4 ADS was not engaged and a test driver was operating the Waymo AV in manual mode. Both the Waymo AV and the passenger car sustained damage.",8,37.775525,-122.42607,016300,2004,2,,,,,,,0,
C,6/9/23,10:22 PM,2022,Cruise,AV,2181 Harrison St,San Francisco,San Francisco,94110,Stopped in Traffic,Moving,2,Minor,Autonomous,Cloudy,Dark - Street Lights,Dry,No Unusual Conditions,Stopped,Proceeding Straight,Rear End,Truck/Bus,Street,Vehicle 2,0,None,"A Cruise autonomous vehicle (""Cruise AV""), operating in driverless autonomous mode, was traveling northbound on Harrison St: between 18th Street and 19th Street. As the Cruise AV was coming to stop for a stop sign at the intersection with 1Sth Street, a van approaching from the rear failed to stop behind the Cruise AV and made contact with the Cruise AV's rear bumper, damaging the rear bumper of the Cruise AV. Police and Emergency Medical Services were called and the Cruise AV was towed from the scene. The driver of the van was transported by Emergency Medical Services for further evaluation.","7, 8, 9",37.762264,-122.412708,022801,1011,1,39.3,2216,669,565,213,753,16,125956
B,6/11/23,3:44 PM,2021,Jaguar,I-Pace,Santiago Street near 42nd Avenue,San Francisco,San Francisco,94116,Stopped in Traffic,Moving,2,Minor,Autonomous,Clear,Daylight,Dry,No Unusual Conditions,Parked,Parking Maneuver,Rear End,Truck/Bus,Intersection,Vehicle 2,0,None,"On June 11, 2023 at 3:44 PM PT a Waymo Autonomous Vehicle (""Waymo AV"") operating in San Francisco, California was in a collision involving a passenger car on Santiago Street near 42nd Avenue. The Waymo AV was parallel parked along the curb on eastbound Santiago Street when a passenger car pulled up behind the Waymo AV. The front of the passenger car made contact with the rear of the Waymo AV. At the time of the impact, the Waymo AV’s Level 4 ADS was engaged in autonomous mode. The Waymo AV sus...",9,37.744478,-122.48911,032901,3003,3,49.8,1218,242,0,937,24,6,144667
C,6/15/23,9:36 AM,2022,Cruise,AV,3164 Sacramento St,San Francisco,San Francisco,94115,Moving,Stopped in Traffic,2,Major,Autonomous,Clear,Daylight,Dry,No Unusual Conditions,Proceeding Straight,Stopped,Hit Object,Truck/Bus,Street,Vehicle 1,0,None,"A Cruise autonomous vehicle (""Cruise AV""), operating in driverless autonomous mode, was traveling eastbound on Sacramento Street between Lyon Street and Baker Street. The Cruise AV approached a motorized articulating boom lift (""ABL""), which was stopped in the Cruise AV’s lane of travel. As the Cruise AV began to maneuver around and to the left of the ABL, the Cruise AV made contact with the arm of the ABL, which was elevated above the roadway. This caused damage to the Cruise AV’s roof Lida...",19,37.788701,-122.445095,013402,1008,1,41.9,2239,1827,135,86,129,62,175188
C,6/17/23,11:30 AM,2023,Cruise,AV,3376 19th St,San Francisco,San Francisco,94110,Moving,Stopped in Traffic,2,,Autonomous,Clear,Dark - Street Lights,Dry,No Unusual Conditions,Proceeding Straight,Stopped,Hit Object,Two-Wheels,Street,Vehicle 2,0,None,"A Cruise autonomous vehicle (""Cruise AV""), operating in driverless autonomous mode, was traveling westbound on 19th Street between Capp Street and Mission Street. The Cruise AV slowed to a stop due to a pedestrian on a scooter who entered the lane of traffic in front of the AV and started proceeding in circles. Shortly thereafter, the pedestrian approached the stopped Cruise AV, placed the scooter on the ground in front of the Cruise AV’s front passenger side tire, and walked away off the road...",0,37.760378,-122.418673,020802,2001,2,27.6,1387,415,0,421,461,90,107674
B,6/18/23,5:06 PM,2021,Jaguar,I-Pace,Market Street at Diamond Street,San Francisco,San Francisco,94114,Moving,Moving,2,Minor,Autonomous,Clear,Daylight,Dry,No Unusual Conditions,Making Left Turn,Proceeding Straight,Rear End,Mid-Sized Car,Intersection,Vehicle 2,0,None,"On June 18, 2023 at 5:06 PM PT a Waymo Autonomous Vehicle (""Waymo AV"") operating in San Francisco, California was in a collision involving a passenger vehicle on Market Street and Diamond Street. The Waymo AV was stopped for a red light on Market Street at Diamond Street with its turn signal activated to indicate intent to turn left onto Diamond Street. The traffic light turned green, and the Waymo AV slowly moved forward, yielding to oncoming traffic, when the vehicle that had been previously...","7, 8, 9",37.761894,-122.437299,020500,1001,1,,,,,,,0,
C,6/24/23,11:08 PM,2023,Cruise,AV,676 Tennessee St,San Francisco,San Francisco,94107,Moving,Stopped in Traffic,2,Minor,Autonomous,Clear,Dark - Street Lights,Dry,No Unusual Conditions,Proceeding Straight,Stopped,Side Swipe,Mid-Sized Car,Street,Vehicle 2,0,None,"A Cruise autonomous vehicle (""Cruise AV""), operating in driverless autonomous mode, was traveling southbound on Tennessee Street between Mariposa Street and 18th Street when it approached a Lexus Sedan that was stopped in the middle of the road between the Cruise AV’s lane of travel and opposite lane of travel. As the Cruise AV passed the stopped Lexus Sedan on the right, the passenger of the Lexus Sedan opened their front passenger side door, making contact with the Cruise AV’s lower front dr...",1,37.763267,-122.390071,022600,2007,2,33.9,1397,772,26,354,156,89,194444
C,6/29/23,1:05 PM,2020,Cruise,AV,Selby Street between Palou Avenue and Oakdale Avenue,San Francisco,San Francisco,94124,Moving,Stopped in Traffic,2,Minor,Autonomous,Clear,Daylight,Dry,No Unusual Conditions,Backing,Stopped,Side Swipe,Truck/Bus,Intersection,Vehicle 1,0,None,"A Cruise autonomous vehicle (""Cruise AV""), operating in supervised autonomous mode, was traveling southbound on Selby Street between Palou Avenue and Oakdale Avenue. The Cruise AV came to a stop behind a semi-trailer truck that was slowly reversing diagonally onto Selby Street from the intersection with Palou Avenue. As the semi-trailer truck began encroaching into the Cruise AV’s lane of travel, the Cruise AV operator disengaged from autonomous into manual mode and began reversing the Cruise ...","10, 11",37.740961,-122.401556,980900,1053,1,,,,,,,0,
B,6/29/23,7:50 AM,2021,Jaguar,I-Pace,Jersey Street at Church Street,San Francisco,San Francisco,94114,Stopped in Traffic,Moving,2,Minor,Autonomous,Cloudy,Daylight,Dry,No Unusual Conditions,Stopped,Proceeding Straight,Rear End,Truck/Bus,Intersection,Vehicle 2,0,None,"On June 29, 2023 at 7:50 AM PT a Waymo Autonomous Vehicle (""Waymo AV"") operating in San Francisco, CA was in a collision involving a pickup truck on Jersey Street at Church Street. The Waymo AV was traveling eastbound on Jersey Street and stopped at a stop sign at the intersection of Church Street. While yielding to pedestrians crossing the street, a pickup truck traveling directly behind the Waymo AV made contact with the rear of the Waymo AV. At the time of the impact, the Waymo AV’s Level 4 ADS was engaged in autonomous mode. The Waymo AV sustained damage.",8,37.750896,-122.427355,021400,1007,1,,,,,,,0,
Apollo,6/29/23,3:39 PM,2020,Chrysler,Pacifica,Moraga St near 34th Ave,San Francisco,San Francisco,94122,Moving,Moving,2,None,Autonomous,Clear,Daylight,Dry,No Unusual Conditions,Proceeding Straight,Proceeding Straight,Side Swipe,Two-Wheels,Intersection,Vehicle 2,0,None,"On June 29, 2023 at 3:39 PM PDT, an Apollo Autonomous Vehicle (“Apollo AV”) operating in San Francisco, California, was in a collision involving a scooter on Moraga Street near 34th Ave. The Apollo AV was traveling westbound on Moraga Street passing the intersection with 34th Ave. The intersection has stop signs clearly installed at all four ways, which require vehicles to make full stop before entering the intersection. The Apollo AV made a full stop, entered and passed approximately 75% of the intersection. A person on scooter coming southbound from 34th Ave.,  approached the intersection. The person on scooter entered the intersection without stopping, then made contact with the passenger rear-side of Apollo AV. Our Apollo AV operator immediately disengaged the AV, pulled over to the closest safe place to park, got out of the car to check the person on scooter, who already left the scene on his scooter without exchanging any information. The Apollo AV had small minor paint scratch, which do not need repair. The police were not called.",0,37.755557,-122.485591,032802,3005,3,43.1,1295,471,8,791,25,0,179853
C,7/2/23,12:07 AM,2023,Cruise,AV,190 Franklin St,San Francisco,San Francisco,94102,Moving,Moving,2,Minor,Autonomous,Clear,Dark - Street Lights,Dry,No Unusual Conditions,Proceeding Straight,Changing Lanes,Side Swipe,Compact Car,Street,Vehicle 2,0,None,"A Cruise autonomous vehicle (""Cruise AV""), operating in driverless autonomous mode, was traveling northbound on Franklin Street in the second rightmost lane between Hayes Street and Fell Street. At the same time, a white Kia Forte traveling in the adjacent center lane veered into the Cruise AV’s lane without a turn signal. Shortly thereafter, contact was made with the Cruise AV’s driver side front and rear passenger door, damaging the driver side front and rear passenger door of the Cruise AV.","3, 4",37.776112,-122.420968,016200,2006,2,41.5,1457,829,0,287,238,103,192574
B,7/3/23,1:13 PM,2021,Jaguar,I-Pace,Hampshire Street at 21st Street,San Francisco,San Francisco,94110,Moving,Stopped in Traffic,2,Minor,Autonomous,Cloudy,Daylight,Dry,No Unusual Conditions,Proceeding Straight,Parked,Side Swipe,Mid-Sized Car,Intersection,Vehicle 2,0,None,"On July 3, 2023 at 1:13 PM PT a Waymo Autonomous Vehicle (""Waymo AV"") operating in San Francisco, CA was in a collision involving another vehicle on Hampshire Street at 21st Street. The Waymo AV was traveling straight through the intersection when another vehicle, which was parked, made contact with the side of the Waymo AV. At the time of the impact, the Waymo AV’s Level 4 ADS was engaged in autonomous mode. The Waymo AV sustained damage.",15,37.757705,-122.407754,022802,2009,2,,,,,,,0,
B,7/8/23,3:08 PM,2021,Jaguar,I-Pace,S Alameda Street and 6th Street,Los Angeles,Los Angeles,90021,Moving,Moving,2,Minor,Autonomous,Clear,Daylight,Dry,No Unusual Conditions,Making Right Turn,Traveling Wrong Way,Side Swipe,Two-Wheels,Intersection,Vehicle 2,0,None,"On July 8, 2023 at 3:08 PM PT a Waymo Autonomous Vehicle (""Waymo AV"") operating in Los Angeles, CA was in a collision involving another vehicle on S Alameda Street and 6th Street. The Waymo AV was making a right turn when another vehicle traveling the wrong way made contact with the side of the Waymo AV. At the time of the impact, the Waymo AV’s Level 4 ADS was engaged in autonomous mode. The Waymo AV sustained damage.",10,34.029036,-118.23787,206051,1032,1,,,,,,,0,
B,7/11/23,10:13 AM,2021,Jaguar,I-Pace,Martin Ave at Mullen Ave,San Francisco,San Francisco,94110,Moving,Stopped in Traffic,2,Minor,Conventional,Clear,Daylight,Dry,No Unusual Conditions,Making Right Turn,Parked,Side Swipe,Mid-Sized Car,Intersection,Vehicle 1,0,None,"On July 11, 2023 at 10:13 AM PT a Waymo Autonomous Vehicle (""Waymo AV"") operating in San Francisco, CA was in a collision involving another vehicle on Martin Ave at Mullen Ave. The Waymo AV was making a right turn from Martin Ave onto Mullen Ave when it made contact with a parked vehicle. At the time of the impact, the Waymo AV was being operated in manual mode. Both vehicles sustained damage.","1, 18",37.748932,-122.416281,020900,2005,2,,,,,,,0,
C,7/21/23,1:56 AM,2022,Cruise,AV,425 McAllister Street,San Francisco,San Francisco,94102,Moving,Moving,3,Minor,Autonomous,Clear,Daylight,Dry,No Unusual Conditions,Proceeding Straight,Proceeding Straight,Head On,Mid-Sized Car,Intersection,Vehicle 2,0,None,"A Cruise autonomous vehicle (""Cruise AV""), operating in driverless autonomous mode, was traveling eastbound on McAllister Street between Van Ness Avenue and Polk Street. As the Cruise AV was slowing for a red light at the intersection with Polk Street, an Infiniti Q60 traveling westbound on McAllister Street failed to stop for the red light, entered the intersection, and made contact with a black sedan traveling southbound on Polk Street that entered the intersection on a green light. The Cruise AV sustained damage.","17, 18",37.78006,-122.418894,012405,3007,3,37.9,666,526,0,95,0,45,98892
B,7/21/23,9:51 AM,2021,Jaguar,I-Pace,Leavenworth Street at Golden Gate Avenue,San Francisco,San Francisco,94102,Stopped in Traffic,Moving,2,,Autonomous,Clear,Daylight,Dry,No Unusual Conditions,Stopped,Passing Other Vehicle,Rear End,Mid-Sized Car,Intersection,Vehicle 2,0,None,"On July 21, 2023 at 9:51 AM PT a Waymo Autonomous Vehicle (“Waymo AV”) operating in San Francisco, California was in a collision involving a passenger vehicle on Leavenworth Street at Golden Gate Avenue. The Waymo AV was stopped in traffic when another vehicle attempted to pass and rear-ended the Waymo AV. No damages were reported.",0,37.781863,-122.413866,012404,3000,3,,,,,,,0,
B,7/22/23,11:11 AM,2021,Jaguar,I-Pace,13th Street east of Folsom Street,San Francisco,San Francisco,94103,Moving,Stopped in Traffic,2,,Autonomous,Clear,Daylight,Dry,No Unusual Conditions,Backing,Stopped,Side Swipe,Mid-Sized Car,Intersection,Vehicle 2,0,None,"On July 22, 2023 at 11:11 AM PT a Waymo Autonomous Vehicle (“Waymo AV”) operating in San Francisco, California was in a collision involving a passenger vehicle on 13th Street east of Folsom Street. The Waymo AV was backing up when it made contact with a stopped vehicle.",0,37.770244,-122.418396,020101,1007,1,40.5,1424,529,271,192,325,107,94209
Nuro,7/24/23,4:30 PM,2022,Toyota,Prius,Montecito and Shoreline,Mountain View,Santa Clara,94043,Stopped in Traffic,Moving,2,Minor,Conventional,Clear,Daylight,Dry,No Unusual Conditions,Stopped,Proceeding Straight,Rear End,Compact Car,Intersection,Vehicle 2,0,None,"On Monday, July 24th, a Nuro Prius operating in manual mode was stopped at a red light at the intersection of Montecito and Shoreline. The light turned green and the Nuro Prius was waiting for traffic ahead to proceed, when a vehicle approaching the intersection failed to slow down and rear-ended the Nuro Prius. No injuries were reported. The drivers exchanged insurance information. The Nuro Prius had minor damage to its rear bumper and lidar.",8,37.401739,-122.07875,509201,2011,2,,,,,,,0,
B,7/25/23,3:04 PM,2021,Jaguar,I-Pace,Harrison Street at 2nd Street,San Francisco,San Francisco,94107,Moving,Moving,2,Minor,Autonomous,Clear,Daylight,Dry,No Unusual Conditions,Entering Traffic,Proceeding Straight,Side Swipe,Truck/Bus,Intersection,Vehicle 2,0,None,"On July 25, 2023 at 3:04 PM PT a Waymo Autonomous Vehicle (""Waymo AV"") operating in San Francisco, California was in a collision involving a passenger vehicle on Harrison Street at 2nd Street. The Waymo AV was entering traffic when another vehicle proceeding straight made contact with the Waymo AV.",6,37.784897,-122.395896,061503,2002,2,,,,,,,0,
C,7/28/23,11:51 PM,2022,Cruise,AV,1698 Van Ness Ave,San Francisco,San Francisco,94109,Moving,Moving,2,Moderate,Autonomous,Clear,Dark - Street Lights,Dry,No Unusual Conditions,Proceeding Straight,Proceeding Straight,Rear End,Truck/Bus,Intersection,Vehicle 2,0,None,"A Cruise autonomous vehicle (""Cruise AV""), operating in driverless autonomous mode, was traveling northbound on Van Ness Avenue between California Street and Sacramento Street. As the Cruise AV was passing through the intersection with Sacramento Street on a green light, a bag lying on the roadway blew in front of the Cruise AV. The Cruise AV braked for the object, and a white pickup truck traveling behind the Cruise AV rear-ended the Cruise AV, damaging the rear right bumper, rear right quarter panel, and rear windshield. The driver of the white pickup truck left the scene without exchanging information. There were no reported injuries and the Cruise AV was towed.","8, 9",37.791403,-122.422393,011101,1001,1,42.8,813,305,42,376,40,50,99519
B,7/29/23,2:57 PM,2021,Jaguar,I-Pace,Colorado Avenue near Ocean Avenue,Santa Monica,Los Angeles,90401,Stopped in Traffic,Moving,2,Minor,Autonomous,Clear,Daylight,Dry,No Unusual Conditions,Stopped,Proceeding Straight,Side Swipe,Two-Wheels,Intersection,Vehicle 2,0,None,"On July 29, 2023 at 2:57 PM PT a Waymo Autonomous Vehicle (“Waymo AV”) operating in Santa Monica, California was in a collision involving a cyclist on Colorado Avenue near Ocean Avenue. The Waymo AV was stopped in traffic on southwestbound Colorado Avenue when a cyclist that had been traveling behind the Waymo AV passed the Waymo AV on the right. As the cyclist passed the Waymo AV, the cyclist made contact with the front passenger side sensor of the Waymo AV. At the time of the impact, the Waymo AV’s Level 4 ADS was engaged in autonomous mode, and a test driver was present (in the driver’s seating position). The Waymo AV sustained damage and the cyclist did not stop, leaving the scene without exchanging information.",15,34.015739,-118.489356,701902,3001,3,48.7,1247,590,313,55,116,173,35824
C,7/30/23,10:41 PM,2023,Cruise,AV,3309 Mission St,San Francisco,San Francisco,94110,Moving,Stopped in Traffic,2,Minor,Autonomous,Clear,Dark - Street Lights,Dry,No Unusual Conditions,Proceeding Straight,Stopped,Rear End,Mid-sized Car,Intersection,Vehicle 2,0,None,"A Cruise autonomous vehicle (""AV""), operating in driverless autonomous mode, was traveling northbound on Mission Street between Virginia Avenue and 29th Street. As the AV was yielding to oncoming traffic in preparation to make a left turn onto westbound 29th Street on a green light, a dark-colored BMW Sedan traveling behind the AV failed to stop and rear-ended the AV, damaging the rear passenger side bumper fascia and rear passenger side wheel molding of the AV. The driver of the dark-colored BMW Sedan left the scene without exchanging information. There were no reported injuries.","9, 10",37.743916,-122.420598,025300,4003,4,34.5,1872,540,14,285,850,183,155563
B,8/2/23,10:09 PM,2021,Jaguar,I-Pace,Bush Street at Polk Street,San Francisco,San Francisco,94109,Stopped in Traffic,Moving,2,Minor,Autonomous,Clear,Dark - Street Lights,Dry,No Unusual Conditions,Stopped,Proceeding Straight,Rear End,Mid-Sized Car,Intersection,Vehicle 2,1,Passenger,"On August 2, 2023 at 10:09 PM PT a Waymo Autonomous Vehicle (“Waymo AV”) operating in San Francisco, California was in a collision involving an SUV on Bush Street at Polk Street. The Waymo AV was stopped at a red light on eastbound Bush Street at Polk Street. Shortly after the traffic light turned green and the Waymo AV began to proceed forward, the Waymo AV slowed to a stop. The SUV that was traveling closely behind the Waymo AV made contact with the rear of the Waymo AV. At the time of the impact, the Waymo AV’s Level 4 ADS was engaged in autonomous mode. Both vehicles sustained damage, and the trailing SUV left the scene without exchanging information. A passenger in the Waymo AV reported injuries.",7,37.788699,-122.420307,011102,2006,2,,,,,,,0,
C,8/8/23,10:37 AM,2023,Cruise,AV,901 Pennsylvania Ave,San Francisco,San Francisco,94107,Stopped in Traffic,Moving,2,Minor,Autonomous,Clear,Daylight,Dry,No Unusual Conditions,Stopped,Proceeding Straight,Side Swipe,Truck/Bus,Intersection,Vehicle 2,0,None,"A Cruise autonomous vehicle (“AV”), operating in driverless autonomous mode, was traveling northbound on Pennsylvania Avenue between 23rd Street and 25th Street when the AV approached a double-parked semi-trailer truck in the AV’s lane of travel. The AV began to maneuver around and to the left of the semi-trailer truck and came to a stop for a stop sign at the intersection with 23rd Street. At the same time, the semi-trailer truck proceeded forward and, shortly thereafter, made co...","15, 16",37.755246,-122.392884,061402,2000,2,34.6,914,172,123,328,281,10,187926
B,8/11/23,7:38 PM,2021,Jaguar,I-Pace,North Curson Avenue at Waring Avenue,Los Angeles,Los Angeles,90046,Moving,Stopped in Traffic,1,Minor,Conventional,Clear,Dusk-Dawn,Dry,No Unusual Conditions,Slowing/Stopping,Parking Maneuver,Hit Object,Mid-Sized Car,Intersection,Vehicle 1,0,None,"On August 11, 2023 at 7:38 PM PT a Waymo Autonomous Vehicle (“Waymo AV”) operating in Los Angeles, California was in a collision involving a stationary object on North Curson Avenue at Waring Avenue. The Waymo AV was pulling over to the right side of the road, when the test driver transitioned to manual mode and made contact with a recycling bin on the right side of the street. At the time of the impact, the Waymo AV’s Level 4 ADS was not engaged and a test driver was operating the Waymo AV in manual mode. The Waymo AV sustained damage.",16,34.08535,-118.35531,192002,2005,2,,,,,,,0,
WeRide,8/11/23,1:45 PM,2023,Nissan,Leaf,Van Ness Avenue between Eddy Street and Turk Street,San Francisco,San Francisco,94109,Stopped in Traffic,Moving,2,Minor,Autonomous,Clear,Daylight,Dry,No Unusual Conditions,Parked,Backing,Rear End,Mid-Sized Car,Intersection,Vehicle 2,0,None,"At 1:45 PM on August 11, 2023, a WeRide vehicle (Car 1) was parked at a Van Ness St. parking meter - between Eddy St. and Turk St. - when another vehicle (Car 2) began reversing in front of the vehicle in question. The reversing vehicle (Car 2) ultimately collided with the front left corner of the WeRide vehicle (Car 1), causing minor damage to the front bumper. The reversing vehicle (Car 2) did not have any damage. Both drivers were able to confer with one another seconds after",18,37.78196,-122.420638,012405,3002,3,,,,,,,0,
B,8/13/23,9:01 PM,2021,Jaguar,I-Pace,Howard Street at Fourth Street,San Francisco,San Francisco,94103,Moving,Stopped in Traffic,2,Minor,Conventional,Clear,Dark - Street Lights,Dry,No Unusual Conditions,Proceeding Straight,Making Left Turn,Side Swipe,Mid-Sized Car,Intersection,Vehicle 2,0,None,"On August 13, 2023 at 9:01 PM a Waymo Autonomous Vehicle (“Waymo AV”) operating in San Francisco, California was in a collision involving a passenger car on Howard Street at Fourth Street. The Waymo AV was traveling southwestbound on Howard Street in the second lane from the left as it was approaching Fourth Street. As the Waymo AV was proceeding straight through the intersection, the passenger car in the right adjacent lane made a left turn from a straight-only lane onto southeas...","15, 16",37.783259,-122.402708,061501,1002,1,,,,,,,0,
Ghost Autonomy,8/14/23,2:20 PM,2017,Toyota,Camry,900 Villa St.,Mountain View,Santa Clara,94041,Stopped in Traffic,Stopped in Traffic,2,Minor,Conventional,Clear,Daylight,Dry,No Unusual Conditions,Proceeding Straight,Stopped,Other,Compact Car,Intersection,Vehicle 2,0,None,"A registered Ghost AV Test vehicle was hit by crash debris while traveling on I-680 N. The Ghost vehicle neither hit nor was hit by another vehicle. The Ghost car was traveling in AV mode with a registered AV Test Driver behind the wheel and an additional Safety Co-Driver in the passenger seat. Traffic slowed quickly due to a crash ahead of the Ghost car. Consistent with their training, the Ghost driver took control by braking and disengaging the autonomous system. The Ghost car st...",8,37.394522,-122.080161,509600,2013,2,38.8,1215,286,0,180,749,0,108462
A,8/16/23,8:45 AM,2017,Toyota,Highlander,Sagamore St. and Orizaba St.,San Francisco,San Francisco,94112,Moving,Moving,2,None,Conventional,Clear,Daylight,Dry,No Unusual Conditions,Proceeding Straight,Proceeding Straight,Rear End,Compact Car,Intersection,Vehicle 2,0,None,A Zoox vehicle in manual mode was slowing (with brake lights illuminated) in bumper-to-bumper traffic on westbound Sagamore St. approaching Orizaba St. when it was struck from behind by a following vehicle (vehicle 2). There was minor damage apparent to the hood of the striking vehicle and no damage to the Zoox vehicle. There were no injuries and police were not called.,0,37.711171,-122.462546,031302,3014,3,,,,,,,0,
B,8/17/23,1:05 PM,2021,Jaguar,I-Pace,Bayshore Boulevard near Jerrold Avenue,San Francisco,San Francisco,94124,Moving,Moving,2,Minor,Autonomous,Clear,Daylight,Dry,No Unusual Conditions,Proceeding Straight,Changing Lanes,Side Swipe,Mid-Sized Car,Intersection,Vehicle 2,0,None,"On August 17, 2023 at 1:05 PM PT a Waymo Autonomous Vehicle (“Waymo AV”) operating in San Francisco, California was in a collision involving a compact car on Bayshore Boulevard near Jerrold Avenue. The Waymo AV was proceeding straight when a compact car changing lanes made contact with the Waymo AV.",6,37.726178,-122.401537,023300,2003,2,47.8,2491,216,335,1597,291,52,72958
C,8/18/23,12:19 AM,2023,Cruise,AV,3401 26th St,San Francisco,San Francisco,94110,Stopped in Traffic,Moving,2,Major,Autonomous,Clear,Dark - Street Lights,Dry,No Unusual Conditions,Stopped,Proceeding Straight,Broadside,Mid-Sized Car,Intersection,Vehicle 2,1,Passenger,"A Cruise autonomous vehicle (“AV”), operating in driverless autonomous mode, was at a complete stop in response to a red light on eastbound 26th Street at the intersection with Mission Street. As the AV was proceeding after the light turned green, a Dodge Charger traveling southbound on Mission Street failed to stop for the red light, entered the intersection, and made contact with the AV, damaging the front and rear driver side and rear bumper fascia of the AV. Police and Emergency Medical Services (EMS) were called to the scene. The AV was towed from the scene. The passenger of the Dodge Charger was assessed by medical personnel at the scene and was not transported by EMS.","3, 4, 5, 7, 8, 19",37.749191,-122.418135,020900,2003,2,34.3,1355,184,29,60,1082,0,82896
Mercedes,8/18/23,6:05 PM,2021,Mercedes,S Class,105W to 405S interchange,Los Angeles,Los Angeles,90250,Stopped in Traffic,Moving,2,Minor,Conventional,Clear,Daylight,Dry,No Unusual Conditions,Stopped,Proceeding Straight,Rear End,Mid-Sized Car,Street,Vehicle 2,0,None,The driver was manually driving the Mercedes-Benz  vehicle on the interchange from the 105W to 405S when the vehicle in front of him came to an abrupt stop due to slowed traffic on the freeway.  The driver manually brought the Mercedes-Benz vehicle to a stop in his lane.  The vehicle behind him did not come to a stop in time and rear ended the Mercedes-Benz.  There was no injury or property damage. The Mercedes-Benz was able to drive away from the accident.  Damage was sustained to the rear bumper of the Mercedes Benz and the front bumper of the following vehicle. At no point during the incident was the vehicle operating in autonomous mode.,"7, 8, 9",33.914775,-118.348083,602403,1004,1,,,,,,,0,
B,8/19/23,4:45 PM,2021,Jaguar,I-Pace,13th Street at Mission Street,San Francisco,San Francisco,94103,Stopped in Traffic,Moving,2,Minor,Autonomous,Clear,Daylight,Dry,No Unusual Conditions,Stopped,Proceeding Straight,Rear End,Mid-Sized Car,Intersection,Vehicle 2,0,None,"On August 19, 2023 at 4:45 PM PT a Waymo Autonomous Vehicle (“Waymo AV”) operating in San Francisco, California was in a collision involving a passenger car on 13th Street at Mission Street. The Waymo AV was stopped in traffic when the moving passenger car made contact with the rear of the Waymo AV.","7, 8, 9",37.770219,-122.419414,020101,1007,1,,,,,,,0,
B,8/20/23,5:48 PM,2021,Jaguar,I-Pace,Martin Luther King Jr. Drive at Crossover Drive,San Francisco,San Francisco,94122,Stopped in Traffic,Moving,2,Minor,Autonomous,Clear,Daylight,Dry,No Unusual Conditions,Stopped,Proceeding Straight,Side Swipe,Two-Wheels,Intersection,Vehicle 2,0,None,"On August 20, 2023 at 5:49 PM PT the mirror of a Waymo Autonomous Vehicle (“Waymo AV”) operating in San Francisco, CA was struck by a cyclist on Martin Luther King Jr. Drive at Crossover Drive. The Waymo AV was stopped in traffic on eastbound Martin Luther King Jr. Drive at the intersection with Crossover Drive, when a cyclist that had been traveling behind the Waymo AV passed the Waymo AV on the left. As the cyclist passed the Waymo AV, the cyclist made contact with the driver side mirror of the Waymo AV. At the time of the impact, the Waymo AV's Level 4 ADS was engaged in autonomous mode, and a test driver was present (in the driver’s seating position). The Waymo AV sustained damage and the cyclist did not stop, leaving the scene without exchanging information.",2,37.764648,-122.508996,980300,1019,1,34.7,25,14,0,5,6,0,149688
Beep,8/23/23,5:54 PM,2018,Navya,ARMA,"9th St at Seven Seas Ave, Treasure Island",San Francisco,San Francisco,94130,Moving,Moving,2,Minor,Autonomous,Clear,Daylight,Dry,No Unusual Conditions,Proceeding Straight,Making Left Turn,Broadside,Mid-Sized Car,Intersection,Vehicle 2,0,None,"At approximately 5:54 p.m. PST on Wednesday, August 23, 2023, at the intersection of Seven Seas Ave and 9th Street on Treasure Island in the city of San Francisco, a Beep-operated autonomous shuttle was proceeding in autonomous mode straight E/B after stopping at a 3-way stop intersection when a vehicle making a left turn heading N/B proceeded out of turn resulting in a collision within the intersection. There were no passengers on board and no injuries reported. Both vehicle sustained minor damage and police did not respond to the scene.  There were no other witness statements received.","16, 17",37.819763,-122.368433,017903,1014,1,,,,,,,0,
B,8/23/23,9:54 PM,2021,Jaguar,I-Pace,Mason Street at Vandewater Street,San Francisco,San Francisco,94133,Stopped in Traffic,Moving,2,Minor,Autonomous,Clear,Dark - Street Lights,Dry,No Unusual Conditions,Stopped,Backing,Side Swipe,Truck/Bus,Intersection,Vehicle 2,0,None,"On August 23, 2023 at 9:54 PM PT a Waymo Autonomous Vehicle (“Waymo AV”) operating in San Francisco, California was in a collision involving a heavy truck on Mason Street at Vandewater Street. The Waymo AV was traveling northbound on Mason Street when it approached a heavy truck and trailer that was stopped in the adjacent lane on the left side of the street. As the Waymo began to slowly pass the truck, the truck initiated a reversing turn maneuver into a loading bay on the left side of Mason Street. The Waymo AV then came to a stop, and as the Waymo AV was initiating its own reversing maneuver to clear the path for the truck, the right side of the trailer made contact with the front driver’s side corner of the Waymo AV. At the time of the impact, the Waymo AV’s Level 4 ADS was engaged in autonomous mode. The Waymo AV sustained damage.","1, 18",37.805152,-122.413516,010102,1000,1,,,,,,,0,
B,8/24/23,4:39 PM,2021,Jaguar,I-Pace,Michigan Avenue at Euclid Street,Santa Monica,Los Angeles,90404,Moving,Moving,2,Minor,Autonomous,Clear,Daylight,Dry,No Unusual Conditions,Slowing/Stopping,Other,Rear End,Mid-Sized Car,Intersection,Vehicle 2,0,None,"On August 24, 2023 at 4:39 PM PT a Waymo Autonomous Vehicle (“Waymo AV”) operating in Santa Monica, California was in a collision involving a passenger car on Michigan Avenue at Euclid Street.  The Waymo AV was traversing a roundabout at the intersection of Michigan Avenue at Euclid Street when it slowed to a stop for other vehicles approaching and in the roundabout. The front of the passenger car that was in the roundabout behind the Waymo AV made contact with the rear of the Waymo AV. Both vehicles sustained damage.",9,34.017624,-118.479997,701802,2005,2,,,,,,,0,
B,9/3/23,12:25 PM,2021,Jaguar,I-Pace,East 8th Street and South Main Street,Los Angeles,Los Angeles,90014,Stopped in Traffic,Moving,2,Minor,Conventional,Clear,Daylight,Dry,No Unusual Conditions,Stopped,Proceeding Straight,Side Swipe,Compact Car,Street,Vehicle 2,0,None,"On September 3, 2023 at 12:25 PM PT a Waymo Autonomous Vehicle (“Waymo AV”) operating in Los Angeles, California was in a collision involving a passenger car on East 8th Street and South Main Street. The Waymo AV was parked on the right side of East 8th Street when a passenger car approached from the left and made contact with the left side mirror of the Waymo AV. At the time of the impact, the Waymo AV’s Level 4 ADS was not engaged and a test driver was operating the Waymo AV in manual mode. Both vehicles sustained damage.",2,34.042733,-118.253184,207303,2003,2,,,,,,,0,
Apollo,9/6/23,12:25 PM,2017,Lincoln,MKZ,2037 Rivera Street,San Francisco,San Francisco,94116,Moving,Stopped in Traffic,2,Minor,Conventional,Clear,Daylight,Dry,No Unusual Conditions,Xing into opposing lane,Stopped,Side Swipe,Mid-Sized Car,Street,Vehicle 2,0,None,An Apollo autonomous vehicle (“AV”) was traveling westbound on Rivera Street in San Francisco in autonomous mode and stopped for a double-parked vehicle near 31st Avenue. An Apollo safety operator disengaged the AV from autonomous mode into conventional mode with use of the steering wheel. Then the AV side-swiped the double-parked vehicle while in conventional mode. There were no injuries and emergency services were not needed. Both the AV and the second vehicle sustained minor damage.,14,37.746066,-122.488425,032901,3002,3,49.8,1218,242,0,937,24,15,144667
A,9/11/23,3:20 PM,2017,Toyota,Highlander,7th Street at Folsom Street,San Francisco,San Francisco,94103,Stopped in Traffic,Moving,2,Minor,Autonomous,Clear,Daylight,Dry,No Unusual Conditions,Stopped,Proceeding Straight,Rear End,Truck/Bus,Intersection,Vehicle 2,0,None,"A Zoox vehicle in autonomy was slowing to a gradual stop on eastbound Folsom St. for a red light at 7th St. when it was rear-ended by vehicle 2 at approximately 10 mph. There was minor damage, no reported injuries, and police were not called.","6, 7",37.776745,-122.407842,017804,3005,3,,,,,,,0,
C,9/11/23,5:32 PM,2023,Cruise,AV,215 Bush St,San Francisco,San Francisco,94104,Stopped in Traffic,Moving,2,Minor,Autonomous,Clear,Daylight,Dry,No Unusual Conditions,Stopped,Proceeding Straight,Side Swipe,Truck/Bus,Intersection,Vehicle 2,0,None,"A Cruise autonomous vehicle (“Cruise AV”), operating in driverless autonomous mode, was traveling westbound on Market Street when it was rear-ended by a stopped vehicle at a traffic light at 3rd Street. The Cruise AV sustained minor damage and there were no reported injuries.","1, 2, 18",37.790998,-122.400914,011700,4001,4,41.5,752,303,49,210,102,88,113859
B,9/11/23,8:34 PM,2021,Jaguar,I-Pace,Sansome Street near Vallejo,San Francisco,San Francisco,94133,Stopped in Traffic,Moving,2,Minor,Conventional,Clear,Dark - Street Lights,Dry,No Unusual Conditions,Parked,Proceeding Straight,Side Swipe,Mid-Sized Car,Street,Vehicle 2,0,None,"On September 11, 2023 at 8:34 PM PT a Waymo Autonomous Vehicle (“Waymo AV”) operating in San Francisco, California was in a collision involving an SUV on Sansome Street near Vallejo Street. While the Waymo AV was pulled over in the right lane on northbound Sansome Street, an SUV that was passing the parked Waymo AV made contact with the rear driver’s side of the Waymo AV. At the time of the impact, the Waymo AV’s Level 4 ADS was not engaged and a test driver was operating the Waymo AV in manual mode. Both vehicles sustained damage.",7,37.796726,-122.402022,061101,2009,2,51.1,1045,46,0,931,14,54,14943
Pony.ai,9/15/23,5:02 PM,2019,Lincoln,MKZ,Interstate 880 near exit 10,Milpitas,Alameda,95035,Moving,Stopped in Traffic,2,Minor,Conventional,Clear,Daylight,Dry,Loose Material on Roadway,Proceeding Straight,Stopped,Hit Object,Mid-Sized Car,Highway/Freeway,Vehicle 1,0,None,"On September 15, 2023 a Pony.ai autonomous vehicle (AV) collided with road debris while operating in supervised autonomous (Drivered) mode northbound on the 880 freeway, preparing to enter the Dixon Landing exit. Immediately prior to the incident, the safety driver noticed a flat item was in the center part of the lane. The driver disengaged from autonomous mode and attempted to dodge the debris. However, the debris struck the rear bumper slightly damaging it. Following the collision, the safety operator promptly drove the AV to Pony.ai's Fremont office. There were no injuries reported, and the police were not called.",9,37.432575,-121.899768,504413,1019,1,44.2,2099,282,9,1549,160,82,119107
C,9/25/23,9:37 AM,2020,Cruise,AV,382 25th Ave,San Francisco,San Francisco,94121,Moving,Parked,2,Minor,Conventional,Clear,Daylight,Dry,No Unusual Conditions,Proceeding Straight,Parked,Side Swipe,Mid-Sized Car,Street,Vehicle 1,0,None,"A Cruise autonomous vehicle (AV), operating in manual mode, was traveling northbound on 25th Avenue between California Street and Clement Street. The AV operator improperly engaged from manual into autonomous mode while the AV was in motion, temporarily causing the AV to steer to the right. The AV operator then disengaged from autonomous mode into manual mode, and shortly thereafter, the AV made contact with an unoccupied and parked red Chrysler Voyager. This caused damage to the AV’s front passenger side bumper fascia. The AV operator left contact information for the other party and there were no reported injuries.","15, 16",37.782275,-122.484718,042700,1005,1,50.2,1244,524,139,367,195,19,125065
Apple,9/26/23,11:33 AM,2017,Lexus,RX 450h,I-80 Westbound,Emeryville,Alameda,94608,Stopped in Traffic,Moving,2,Major,Autonomous,Clear,Daylight,Dry,No Unusual Conditions,Stopped,Slowing/Stopping,Rear End,Truck/Bus,Highway/Freeway,Vehicle 2,0,None,A Lexus RX 450h in autonomous mode was rear-ended by a Chevrolet Silverado while stopped in traffic on I-80 Westbound.,"7, 8, 9",37.836838,-122.29637,425102,2006,2,29.7,601,114,172,241,43,26,141650
C,9/27/23,8:42 AM,2023,Cruise,AV,453 2nd St,San Francisco,San Francisco,94107,Moving,Moving,2,Minor,Autonomous,Clear,Daylight,Dry,No Unusual Conditions,Proceeding Straight,Proceeding Straight,Broadside,Mid-Sized Car,Street,Vehicle 2,0,None,"A Cruise autonomous vehicle (“AV”), operating in driverless autonomous mode, was traveling northbound on 2nd Street between Stillman Street and Bryant Street. As the AV was approaching the intersection with Stillman Street, a blue Model 3 Tesla exited out of a parking garage into the AV’s lane of travel. The AV braked and, shortly thereafter, the AV made contact with the Model 3 Tesla, damaging the AV’s front bumper fascia and front passenger side wheel opening molding. The driver of the Model 3 Tesla left the scene without exchanging information. There were no reported injuries. The driver of the Model 3 Tesla later reported damages.","15, 16",37.783671,-122.394154,061504,1001,1,27,858,257,6,437,67,91,0
WeRide,9/28/23,1:54 PM,2023,Nissan,Leaf,Embarcadero St to Howard St,San Francisco,San Francisco,94105,Stopped in Traffic,Stopped in Traffic,2,Minor,Autonomous,Clear,Daylight,Dry,No Unusual Conditions,Making Left Turn,Proceeding Straight,Rear End,Mid-Sized Car,Intersection,Vehicle 2,0,None,"At 1:54pm, a WeRide vehicle (Car 1) was stopped on Embarcadero St left turning lane to Howard St. As our vehicle (Car 1) was stopped for red traffic light, the toyota suv (Car 2) approaching from behind collided with our vehicle (Car 1). Both parties pulled over both involved vehicles and cooperated to exchange information. The damage sustained to the WeRide vehicle (Car 1) and toyota suv (Car 2) are minor.",8,37.787769,-122.388129,061506,1000,1,30.8,2251,815,0,1211,175,50,250001
Apple,9/29/23,2:58 PM,2017,Lexus,RX 450h,US 101S near Capitol Expressway,San Jose,Santa Clara,95121,Moving,Moving,1,Minor,Autonomous,Cloudy,Daylight,Dry,Other,Proceeding Straight,Proceeding Straight,Hit Object,Mid-Sized Car,Highway/Freeway,Vehicle 1,0,None,"On September 29th, a test vehicle operating with the automated driving system engaged was traveling Southbound on Highway 101 in San Jose when a nearby white Jeep Cherokee ran over a piece of lumber, which was projected onto the test vehicle. No injuries were reported and law enforcement was not called to the scene. The test vehicle sustained minor damage.",17,37.363138,-121.895996,500100,1000,1,52.2,503,48,23,101,259,66,0
B,9/30/23,9:00 PM,2021,Jaguar,I-Pace,US-101 Exit 429B at Bayshore Blvd,San Francisco,San Francisco,94124,Stopped in Traffic,Moving,2,Minor,Autonomous,Clear,Dark - Street Lights,Dry,No Unusual Conditions,Stopped,Proceeding Straight,Rear End,Mid-Sized Car,Highway/Freeway,Vehicle 2,0,None,"On September 20th, 2023 at 9:00 PM PT a Waymo Autonomous Vehicle (“Waymo AV”) operating in San Francisco, California was in a collision involving a passenger car on US-101 exit ramp 429B at the intersection with Bayshore Boulevard. The Waymo AV was proceeding south on exit ramp 429B in the leftmost lane and entered the slip lane to proceed north on Bayshore Boulevard. As the Waymo AV came to a stop for a red light at the intersection with Bayshore Boulevard, the front of the passenger car which was following behind the Waymo AV made contact with the rear of the Waymo AV. The Waymo AV sustained damage. At the time of the impact, the Waymo AV’s Level 4 ADS was engaged in autonomous mode, and a test driver was present.",8,37.73123,-122.382857,023102,2004,2,,,,,,,0,
C,10/6/23,11:37 AM,2023,Cruise,AV,308 Scott St,San Francisco,San Francisco,94117,Stopped in Traffic,Moving,2,Minor,Autonomous,Clear,Daylight,Dry,No Unusual Conditions,Stopped,Backing,Broadside,Mid-Sized Car,Street,Vehicle 2,0,None,"A Cruise autonomous vehicle (AV), operating in driverless autonomous mode, was stopped for a passenger pick-up in the AV’s lane of travel on northbound Scott Street between Oak Street and Page Street. After picking up the passenger while the AV remained stopped, a white Mercedes-Benz Metris reversed out of a driveway and made contact with the AV, damaging the AV’s front driver side door and front driver side auxiliary mirror. The parties exchanged information and there were no reported injuries.",3,37.772619,-122.435466,016700,1001,1,33.5,1977,1397,209,142,202,12,198542
A,10/12/23,8:12 PM,2017,Toyota,Highlander,Jackson St between Montgomery/Sansome Sts,San Francisco,San Francisco,94133,Moving,Stopped in Traffic,2,Minor,Conventional,Clear,Dark - Street Lights,Dry,No Unusual Conditions,Proceeding Straight,Stopped,Side Swipe,Mid-Sized Car,Street,Vehicle 1,0,None,A Zoox vehicle was being driven in manual mode eastbound on Jackson street between Montgomery and Sansome Streets when contact was made with the left side mirror of a parked car. There was minor damage to the Zoox vehicle's sensor housing and passenger side mirror. There were no injuries and police were not called.,15,37.796626,-122.401853,061101,2009,2,,,,,,,0,
Apple,10/13/23,1:52 PM,2016,Lexus,RX 450h,I-880N near Brokaw Rd Exit,San Jose,Santa Clara,95131,Moving,Moving,1,Minor,Conventional,Cloudy,Daylight,Dry,Other,Proceeding Straight,Proceeding Straight,Hit Object,Mid-Sized Car,Highway/Freeway,Vehicle 1,0,None,"On October 13th, a test vehicle operating with the automated driving system engaged was traveling Northbound on Interstate 880 in San Jose. The safety driver disengaged just prior to running over a piece of sheet metal in the road. No injuries were reported and law enforcement was not called to the scene. The vehicle sustained minor damage.","8, 16, 19",37.388389,-121.886316,504322,2012,2,,,,,,,0,
Apollo,10/16/23,12:02 PM,2016,Lincoln,MKZ,1801 46th Avenue,San Francisco,San Francisco,94116,Moving,None,1,Minor,Conventional,Clear,Daylight,Dry,No Unusual Conditions,Proceeding Straight,None,Hit Object,Mid-Sized Car,Street,Vehicle 1,0,None,"An Apollo autonomous vehicle (AV) was traveling westbound on Ortega Street in San Francisco in conventional mode with a safety operator driving. At the intersection with 46th Ave.,  the right front of the AV made contact with the curb and the AV traveled onto the curb. The safety operator was able to drive off the curb and back onto the street.  No other vehicles or property were involved. There were no injuries and the police were not called. The AV sustained minor damage to right wheel fender shield and the right lower bumper.","15, 16",37.752814,-122.505406,035201,1003,1,45.9,1076,367,10,623,0,76,118839
B,10/17/23,9:24 AM,2021,Jaguar,I-Pace,Market Street at Gough Street,San Francisco,San Francisco,94103,Moving,Moving,2,Minor,Conventional,Clear,Daylight,Dry,No Unusual Conditions,Making Right Turn,Entering Traffic,Broadside,Two-wheels,Street,Vehicle 1,0,None,"On October 17, 2023 at 9:24 AM PT a Waymo Autonomous Vehicle ('Waymo AV') operating in San Francisco, California was in a collision involving a cyclist on Market Street at Gough Street. The Waymo AV was in autonomous mode on eastbound Market Street preparing to make a right turn onto southbound Gough Street and had stopped to yield, first for pedestrians to cross Gough Street and then for a cyclist approaching from behind traveling eastbound on the sidewalk of Market Street. As the pedestrians finished crossing Gough Street but before the cyclist had reached Gough Street, the Waymo AV test driver took manual control of the Waymo AV and began to accelerate and perform the right turn onto Gough Street. After the Waymo AV entered the crosswalk, the cyclist entered the crosswalk and made contact with the passenger’s rear quarter panel of the Waymo AV. At the time of the impact, the Waymo AV's Level 4 ADS was not engaged and a test driver was operating the Waymo AV in manual mode. The Waymo AV sustained damage.",10,37.773151,-122.422229,016802,1010,1,,,,,,,0,
Apple,10/23/23,5:06 PM,2016,Lexus,RX 450h,Lawrence Expressway and Kifer Road,Santa Clara,Santa Clara,95051,Stopped in Traffic,Moving,2,Minor,Conventional,Clear,Daylight,Dry,No Unusual Conditions,Stopped,Passing Other Vehicle,Side Swipe,Mid-Sized Car,Intersection,Vehicle 2,0,None,"On October 23rd, a test vehicle operating in manual driving mode was stopped at a red light in the righthand lane of Lawrence Expressway at the intersection with Kifer Road in Santa Clara. A Lexus RX300 attempted to pass through traffic in the adjacent bike lane, and made contact with the test vehicle’s side mirror. No injuries were reported and law enforcement was not called to the scene. The test vehicle sustained minor damage.",14,37.346988,-121.995522,505401,2001,2,31.6,1365,192,29,1051,19,74,140694
B,10/26/23,7:48 AM,2021,Jaguar,I-Pace,13th Street near Bernice Street,San Francisco,San Francisco,94103,Moving,Moving,2,Minor,Conventional,Clear,Daylight,Dry,No Unusual Conditions,Proceeding Straight,Changing Lanes,Side Swipe,Mid-Sized Car,Street,Vehicle 2,0,None,"On October 26, 2023 at 7:48 AM PT a Waymo Autonomous Vehicle (“Waymo AV”) operating in San Francisco, California was in a collision involving an SUV on 13th Street near Bernice Street. The Waymo AV was traveling westbound on 13th Street in the rightmost lane. As the SUV in the left adjacent lane traveling alongside the Waymo AV initiated a right lane change, the front passenger’s side of the SUV made contact with the front driver’s side of the Waymo AV. At the time of the impact, the Waymo AV’s Level 4 ADS was not engaged as the test driver transitioned the Waymo AV to manual mode just before the contact. Both vehicles sustained damage. ",18,37.770244,-122.418396,020101,1007,1,40.5,1424,529,271,192,325,107,94209
C,10/27/23,1:29 AM,2022,Cruise,AV,1113 26th St,Santa Monica,Los Angeles,90403,Moving,Moving,2,Minor,Autonomous,Clear,Dark - Street Lights,Dry,No Unusual Conditions,Proceeding Straight,Proceeding Straight,Head On,Mid-Sized Car,Intersection,Vehicle 2,0,None,"A Cruise autonomous vehicle (“AV”), operating in supervised autonomous mode, was traveling northbound in an alleyway between 26th Street and Princeton Street. As the AV approached the intersection with another alleyway, a Mitsubishi Outlander traveling westbound on a perpendicular alleyway entered the intersection. In response, the Cruise AV operator disengaged from autonomous into manual mode and braked, but shortly thereafter, the AV made contact with the Mitsubishi Outlander, damaging the AV’s front passenger side bumper fascia. The parties exchanged information and there were no reported injuries.","15, 16, 17",34.03715,-118.478304,701601,2034,2,44,1747,1429,12,113,54,139,148125
B,11/3/23,3:44 PM,2021,Jaguar,I-Pace,3rd Street at Stevenson Street,San Francisco,San Francisco,94103,Stopped in Traffic,Moving,3,Minor,Autonomous,Clear,Daylight,Dry,No Unusual Conditions,Stopped,Proceeding Straight,Rear End,Compact Car,Intersection,Vehicle 2,0,None,"On November 3, 2023 at 3:44 PM PT a Waymo Autonomous Vehicle (Waymo AV) operating in San Francisco, California was in a collision involving a passenger car on 3rd Street at Stevenson Street. The Waymo AV was stopped in the rightmost non-HOV lane on northbound 3rd Street waiting for the intersection at Stevenson Street to clear during a green light. The passenger car behind the Waymo AV was rear-ended by a pickup truck, causing the front of the passenger car to make contact with the rear of the Waymo AV. At the time of the impact, the Waymo AV’s Level 4 ADS was engaged in autonomous mode, and a test driver was present (in the driver’s seating position). All three vehicles sustained damage.","7, 8, 9",37.787023,-122.403028,061501,2005,2,,,,,,,0,
Nuro,11/27/23,6:00 AM,2022,Toyota,Prius,1228 S Myrtle Ave,Inglewood,Los Angeles,90301,Moving,Stopped in Traffic,2,Minor,Conventional,Clear,Dusk-Dawn,Dry,No Unusual Conditions,Backing,Other,Hit Object,Mid-Sized Car,Garage,Vehicle 1,0,None,"On Monday, November 27th, a Nuro Prius operating in manual mode was exiting a garage to begin the work day. At the same time, a Nuro employee was exiting their personal vehicle in the alley behind the garage. The Nuro Prius made contact with the open door of the employee's personal vehicle. No injuries were reported. The employee's personal vehicle had minor damage to the door.",2,33.946178,-118.348917,601100,2009,2,38,2177,55,794,0,1189,139,45139
A,1/1/24,9:13 PM,2017,Toyota,Highlander ,On Capp Street at 24th Street ,San Francisco,San Francisco,94110,Stopped in Traffic,Moving ,3,Moderate,Autonomous,Clear ,Dark - Street Lights,Dry,No Unusual Conditions,Stopped,Proceeding Straight,Broadside ,Mid-sized Car,Intersection,Vehicle 2,0,None,"A Zoox vehicle (Vehicle 1) in autonomy was stopped at a red traffic light on northbound Capp St at the intersection with 24th St in San Francisco. At that time, an SUV (Vehicle 2), heading southbound on Capp St, failed to stop for the red traffic light and entered the intersection, causing a collision with a passenger car (Vehicle 3) that was traveling eastbound on 24th Street. The SUV spun after making contact with the passenger car and collided with the stopped Zoox vehicle, damaging the front bumper on the driver’s side and driver’s side fender, mirror, and sensors on the Zoox vehicle. The police and EMS personnel were called to the scene. The driver of the SUV left the scene without exchanging information. The passenger car appeared to sustain significant damage to the front end. There were no reported injuries","1, 2, 18",37.803958,-122.417967,010300,1006,1,50.7,1077,702,0,277,91,7,0
B,1/8/24,12:05 PM,2021,Jaguar,I-Pace,Manhattan Place at West Adams Boulevard ,Los Angeles,Los Angeles,90018,Stopped in Traffic,Moving,2,Minor,Autonomous,Clear ,Daylight,Dry ,No Unusual Conditions,Stopped ,Proceeding Straight,Side Swipe,Mid-sized Car,Street,Vehicle 2,0,None,"On January 8, 2023 at 12:05 PM PT a Waymo Autonomous Vehicle (“Waymo AV”) operating in Los Angeles, California was in a collision involving an SUV on Manhattan Place at West Adams Boulevard.  

The Waymo AV was traveling northbound on Manhattan Place when it came to a stop to yield to an oncoming vehicle in a narrow roadway with parked vehicles on both sides of the street. As the oncoming SUV passed the Waymo AV, the driver’s side rear of the SUV made contact with the driver’s side rear of the Waymo AV. At the time of the impact, the Waymo AV’s Level 4 ADS was engaged in autonomous mode. The Waymo AV sustained damage and the SUV left the scene.",6,34.032686,-118.310074,221401,2004,2,,,,,,,0,
Ghost Autonomy,1/11/24,4:48 PM,2017,Toyota,Camry,HWY 17 Northbound near Hamman Park,San Jose,Santa Clara,95128,Moving,Moving,2,Minor,Autonomous,Clear ,Dusk-Dawn,Dry,No Unusual Conditions,Proceeding Straight,Proceeding Straight,Rear End,Mid-sized Car,Highway/Freeway,Vehicle 2,0,None,"A Ghost ADS-equipped car was driving engaged Northbound on Highway 17. As always, there were two safety drivers in the car. Traffic was moving in all four lanes at or near the speed limit. The Ghost vehicle was in the right-middle lane. Another vehicle (the ""lead"" car) entered into the Ghost car's lane from the right. While there were numerous vehicles ahead of the Ghost car before that vehicle entered the lane, the lead vehicle blocked the view of the lane before it. Throughout the incident, traffic in the other three lanes continued at a steady pace. When the lead vehicle entered into the lane ahead of the Ghost car, the Ghost car applied the brakes to accommodate the intrusion and then continued to match the speed of the lead car. The lead car suddenly slammed the brakes. The Ghost car followed suit, reducing its speed from 19 mps (42.5 mph) to 4.7 mps (10.5 mph) within the next three seconds. The Ghost car was able to match the rapid speed reduction of the lead car and avoid contact. The driver following the Ghost car was not able to respond as quickly as the Ghost ADS. When the following driver began to apply the brakes, the car was about five meters behind and was traveling at 6.5 mps. At the point of impact, the Ghost vehicle was traveling at 4.78 mps (10.7 mph), matching the lead car. There were no injuries. The vehicles suffered only cosmetic damage, the drivers exchanged information, and the Ghost safety drivers returned to home base in conventional mode. ",8,37.315976,-121.936313,502101,1009,1,,,,,,,0,
A,1/11/24,4:56 PM,2019,Toyota,Highlander ,On Bryant St at the Intersection with 6th St,San Francisco,San Francisco,94103,Stopped in Traffic,Moving,2,Minor,Conventional,Clear ,Daylight,Dry,No Unusual Conditions,Stopped,Changing Lanes,Rear End,Mid-sized Car,Intersection,Vehicle 2,0,None,"A Zoox vehicle (Vehicle 1), operating in manual mode, was stopped for a red traffic light  on northbound Bryant St at the intersection with 6th St in San Francisco with an SUV (Vehicle 2) traveling directly behind . As the signal turned green the Zoox vehicle remained stopped to avoid blocking the intersection as traffic was still stopped ahead. The SUV proceeded to move into the adjacent left lane, when its front bumper on the passenger's side made contact with the driver's side rear bumper of the Zoox vehicle. The front bumper of the SUV appeared to have sustained minor damage. The driver of the SUV left the scene without exchanging information. There were no reported injuries and the police were not called.",7,37.775678,-122.412131,017803,1000,1,,,,,,,0,
A,1/11/24,2:30 PM,2017,Toyota,Highlander ,On Florida St near the intersection with Divison St,San Francisco,San Francisco,94103,Stopped in Traffic,Moving ,2,Minor,Conventional,Clear ,Daylight,Dry,No Unusual Conditions,Proceeding Straight,Making Left Turn,Side Swipe,Truck/Bus,Intersection,Vehicle 2,0,None,"A Zoox vehicle (Vehicle 1), operating in manual mode, was traveling southbound on Florida St near the intersection with Division St in San Francisco. The Zoox vehicle slowed to a stop to allow an oncoming box truck (Vehicle 2), attempting to turn left, to clear when the box truck made contact with the driver's side rear camera housing on the Zoox vehicle. There were no reported injuries and the police were not called.",6,37.775678,-122.412131,017803,1000,1,,,,,,,0,
Nuro,1/12/24,2:30 PM,2022,Toyota,Prius,Cross Street: Terra Bella and Shoreline,Mountain View,Santa Clara,94043,Stopped in Traffic,Moving,2,Minor,Autonomous,Clear ,Daylight,Dry,No Unusual Conditions,Stopped,Proceeding Straight,Rear End,Mid-sized Car,Intersection,Vehicle 2,0,None,"On Friday, January 12th, a Nuro Prius operating autonomously was stopped at a red light at the intersection of Shoreline and Terra Bella Ave. A Mazda approaching the intersection failed to completely stop and rear-ended the Nuro Prius. No injuries were reported. Both vehicles sustained minor damage. ",8,37.421865,-122.070895,504601,1007,1,,,,,,,0,
A,1/15/24,2:12 PM,2017,Toyota,Highlander ,On Stockton St near Union St,San Francisco,San Francisco,94133,Stopped in Traffic,Moving,2,Minor,Autonomous,Clear ,Daylight,Dry,No Unusual Conditions,Stopped,Proceeding Straight,Rear End,Mid-sized Car,Street,Vehicle 2,0,None,"A Zoox vehicle (Vehicle 1) in autonomy was traveling on southbound Stockton St near Union St in San Francisco. The Zoox vehicle slowed to a gradual stop with brake and hazard lights activated during a simulated pick up-drop off maneuver when it was rear-ended by a minivan (Vehicle 2). The rear bumper of the Zoox vehicle sustained minor damage. There were no reported injuries, and police were not called. Zoox vehicle camera footage shows that the driver of the minivan may not have been looking ahead at the roadway prior to and at the time of contact.","7, 8 ",37.801928,-122.410182,010401,2006,2,,,,,,,0,
WeRide,1/17/24,12:56 PM,2023,Nissan,Leaf,On 2nd St left turn to E San Fernando St,San Jose,Santa Clara,95134,Moving,Moving,2,Minor,Autonomous,Clear ,Daylight,Dry,No Unusual Conditions,Making Left Turn,Proceeding Straight,Rear End,Compact Car,Intersection,Vehicle 2,0,None,"At approximately 12:56pm, a WeRide vehicle (car 1) was slowing to a stop (< 3mph) on 2nd street at the intersection of East San Fernando st. to turn left in an effort to yield to crossing pedestrians. At this time a Toyota Prius (car 2) traveling (>10mph) had slammed into car 1's rear - causing damage primarily to car 1. Both parties pulled over to a safe location to exchange information but the driver of car 2 could not provide a valid insurance or registration certificate.",8,37.42765,-121.945416,504602,1018,1,,,,,,,0,
Apple,1/26/24,11:06 AM,2017,Lexus,RX 450h,I-580E and I-238 Junction ,Castro Valley,Alameda,94546,Moving ,Stopped in Traffic,1,Minor,Autonomous,Cloudy,Daylight,Dry,No Unusual Conditions,Proceeding Straight,Other,Hit Object,Truck/Bus,Highway/Freeway,Vehicle 1,0,None,"On January 26th, a test vehicle operating with the automated driving system engaged was traveling Eastbound on Interstate 580 in Castro Valley when a nearby semi-trailer truck merging from Interstate 238 generated a draft that projected road debris onto the test vehicle. No injuries were reported and law enforcement was not called to the scene. The test vehicle sustained minor damage.",18,37.576758,-121.978038,441200,1007,1,,,,,,,0,
Nuro,1/31/24,4:20 PM,2022,Toyota,Prius,Intersection of Boyce Ave and Fife Ave,Palo Alto ,Santa Clara,94301,Moving,Moving,2,Minor,Autonomous,Raining,Daylight,Wet,No Unusual Conditions,Stopped,Changing Lanes,Side Swipe,Mid-sized Car,Intersection,Vehicle 2,0,None,"On Wednesday, January 31st at approximately 4:20pm, a Nuro Prius was operating in autonomous mode driving south on Boyce Ave in Palo Alto. As the Prius proceeded straight through the intersection of Boyce Ave. and Fife Ave. a Honda CR-V ran the Fife Ave. stop sign and initiated a left turn. The Honda CR-V rear-ended the Nuro Prius, though the Nuro driver took control of the Prius and nudged right in an attempt to avoid impact. Both vehicles sustained de minimis damage. Law enforcement was not involved and there were no injuries reported or VRUs present. ",6,37.444122,-122.149915,511301,1012,1,,,,,,,0,
B,1/31/24,5:15 PM,2021,Jaguar,I-Pace,Potrero Avenue near 22nd Street ,San Francisco,San Francisco,94110,Stopped in Traffic,Moving ,2,Minor ,Autonomous,Raining,Daylight,Wet,No Unusual Conditions,Stopped ,Changing Lanes,Side Swipe,Mid-sized Car,Intersection,Vehicle 2,0,None,"On January 31, 2024 at 5:15 PM PT a Waymo Autonomous Vehicle (“Waymo AV”) operating in San Francisco, California was in a collision involving a passenger vehicle on Potrero Avenue near 22nd Street.The Waymo AV was traveling southbound on Potrero Avenue in the leftmost thru lane, adjacent to a dedicated left turn lane on its left. As the Waymo AV approached the intersection with 22nd Street, it came to a stop behind its lead vehicle. The passenger vehicle behind the Waymo AV then attempted to change lanes into the dedicated left turn lane, and made contact with the rear driver side corner of the Waymo AV. At the time of the impact, the Waymo AV’s Level 4 ADS was engaged in autonomous mode. Both vehicles sustained damage.",7,37.757282,-122.406959,022802,2003,2,48,1509,652,128,188,511,28,0
B,2/5/24,10:01 PM,2021,Jaguar,I-Pace,Watt Way and West Exposition Boulevard,Los Angeles,Los Angeles,90089,Moving ,None,1,Minor ,Autonomous,Raining ,Dark - Street Lights,Wet,No Unusual Conditions,Proceeding Straight,Other,Side Swipe,Mid-sized Car,Garage,Vehicle 1,0,None,"On February 5, 2024 at 10:01 PM PT a Waymo Autonomous Vehicle (“Waymo AV”) operating in Los Angeles, California was in a collision involving a gate at Watt Way and West Exposition Boulevard.The Waymo AV was traveling south on Watt when it approached an automatic gate as it had started to close. The right side of the Waymo AV made contact with the door of the gate. At the time of the impact, the Waymo AV’s Level 4 ADS was engaged in autonomous mode. The Waymo AV sustained damage.",13,34.018352,-118.283555,222700,1026,1,,,,,,,0,
Apple,2/15/24,12:03 PM,2016,Lexus,RX 450h,US 101N at Ellis St Exit,Sunnyvale,Santa Clara,94089,Moving,None,1,Minor ,Conventional,Cloudy,Daylight,Dry ,Other,Proceeding Straight,Other ,Hit Object,Mid-sized Car,Highway/Freeway,Vehicle 1 ,0,None,"On February 15th, a test vehicle operating with the automated driving system engaged was traveling Northbound on Highway 101 in Sunnyvale. The safety driver disengaged just prior to running over a piece of metal in the road. No injuries were reported and law enforcement was not called to the scene. The vehicle sustained minor damage.",19,37.412402,-122.015605,504602,1117,1,,,,,,,0,
B,2/18/24,1:03 AM,2021,Jaguar,I-Pace,The Embarcadero at Washingtion Street,San Francisco,San Francisco,94111,Stopped in Traffic,Moving,2,Minor,Autonomous,Cloudy,Dark - Street Lights,Wet,No Unusual Conditions,Stopped ,Proceeding Straight,Rear End,Mid-sized Car,Street,Vehicle 2,0,None,"On February 18, 2024 at 1:03 AM PT a Waymo Autonomous Vehicle (""Waymo AV"") operating in San Francisco, California was in a collision involving a passenger car on The Embarcadero at Washington Street.The Waymo AV was stopped in traffic for a red light on The Embarcadero southbound when a passenger car approached from behind and made contact with the rear of the Waymo AV. At the time of the impact, the Waymo AV's Level 4 ADS was engaged in autonomous mode, and a test driver was present (in the driver's seating position). Both vehicles sustained damage and the passenger car left the scene.",9,37.798226,-122.396942,010500,2006,2,,,,,,,0,
A,2/22/24,1:52 PM,2019,Toyota,Highlander ,Harrison and 13th Street,San Francisco,San Francisco,94103,Stopped in Traffic,Moving ,2,Moderate,Conventional,Clear ,Daylight,Dry ,No Unusual Conditions,Stopped ,Making Right Turn,Rear End,Mid-sized Car,Intersection,Vehicle 2,0,None,"A Zoox vehicle (Vehicle 1) in autonomy was traveling southwest on Harrison St and turning right onto 13th Street on a green traffic signal. While executing the turn, the Zoox vehicle braked to achieve a minimal risk condition due to an unexpected system fault, the safety operator disengaged, and then was rear ended by a passenger car (Vehicle 2) that was also turning directly behind the Zoox vehicle. The rear bumper cover and rear radar unit on the Zoox vehicle sustained damage. The hood, front grille and front bumper cover on the passenger car appeared to have sustained damage. There were no reported injuries and police were not called.","7, 8, 9",37.769577,-122.413347,017700,1007,1,,,,,,,0,
A,2/22/24,11:00 AM,2019,Toyota,Highlander ,On Mission St at 9th St,San Francisco,San Francisco,94103,Moving ,Moving,2,Moderate,Autonomous,Clear,Daylight,Dry ,No Unusual Conditions,Proceeding Straight,Other Unsafe Turning,Side Swipe,Truck/Bus,Intersection,Vehicle 2,0,None,"A Zoox vehicle (Vehicle 1) in autonomy, traveling northeast on Mission St, was stopped in lane for a red traffic light at 9th Street. A SamTrans bus (Vehicle 2), with a front-mounted triple-bike rack extending past the width of the bus on the driver's side, was traveling southeast on 9th Street and attempting a right turn onto Mission St. The protruding edge of the bike rack was encroaching into the Zoox vehicle's travel lane as the bus was executing the right hand turn. As the light turned green the Zoox vehicle inched forward and attempted to steer away from the bus. Just as the safety operator disengaged from autonomy, the protruding edge of the bike rack made contact with the driver's side fender on the Zoox vehicle. There were no reported injuries and the police were not called.","1, 2",37.775678,-122.412131,017803,1000,1,,,,,,,0,
B,3/2/24,8:15 AM,2024,Jaguar,I-Pace,Odd Fellows Way and 7th Street,San Francisco,San Francisco,94103,Moving ,None,1,Minor,Conventional,Clear ,Daylight,Wet,No Unusual Conditions,Backing,Other ,Rear End,Mid-sized Car,Intersection,Vehicle 1,0,None,"On March 2, 2024 at 8:14 AM PT a Waymo Autonomous Vehicle (""Waymo AV"") operating in San Francisco, California was in a collision involving a dumpster on Odd Fellows Way, at the rear garage exit of 1155 Market Street. The Waymo AV was making a reversing right turn out of the parking garage onto Odd Fellows Way when the rear left corner of the Waymo AV made contact with a dumpster which was next to the curb in the roadway opposite the garage exit.  At the time of the impact, the Waymo AV's Level 4 ADS was not engaged and a test driver was operating the Waymo AV in manual mode. The Waymo AV sustained damage.",7,37.775678,-122.412131,017803,1000,1,,,,,,,0,
B,3/3/24,3:12 PM,2024,Jaguar,I-Pace,2323 Cesar Chavez Street,San Francisco,San Francisco,94124,Moving ,Moving ,2,Minor ,Autonomous,Raining ,Daylight,Wet,No Unusual Conditions,Proceeding Straight,Entering Traffic,Broadside,Mid-sized Car,Street,Vehicle 2,0,None,"On March 3, 2024 at 3:12 PM PT a Waymo Autonomous Vehicle (""Waymo AV"") operating in San Francisco, California was in a collision involving a pick-up truck near the 2300 block of Cesar Chavez Street.The Waymo AV was traveling westbound on Cesar Chavez Street towards 26th Street when it approached a pick-up truck which was oriented with its rear partially in the roadway on the north side of Cesar Chavez street. The pick-up truck was stationary but its reverse lights were illuminated. The Waymo AV came to a stop momentarily to yield to the pick-up truck, then began moving again to pass the pick-up truck, which had remained stopped. After the Waymo AV started moving, the pick-up truck began reversing further out of the driveway and the rear of the pick-up truck made contact with the right side of the Waymo AV. At the time of the impact, the Waymo AV's Level 4 ADS was engaged in autonomous mode, and a test driver was present (in the driver’s seating position). Both vehicles sustained damage.","11, 12, 13",37.749359,-122.400467,980900,1021,1,32.5,296,82,16,169,10,19,137750
B,3/8/24,12:06 PM,2021,Jaguar,I-Pace,S Figueroa Street at Vince Boulevard,Los Angeles,Los Angeles,90015,Moving,Moving ,2,Minor ,Autonomous,Clear ,Daylight,Dry ,No Unusual Conditions,Stopped ,Proceeding Straight,Rear End,Mid-sized Car,Intersection,Vehicle 2,0,None,"On March 8, 2024 at 12:06 PM PT a Waymo Autonomous Vehicle (""Waymo AV"") operating in Los Angeles, California was in a collision involving a passenger car near the 1600 block of S. Figueroa Street. The Waymo AV made a left turn from W. 17th Street onto S. Figueroa Street and came to a stop in a queue of stopped traffic. A passenger car traveling straight on S. Figueroa Street behind the Waymo AV made contact with the rear of the Waymo AV.  At the time of the impact, the Waymo AV's Level 4 ADS was engaged in autonomous mode. The Waymo AV sustained damage and the passenger car left the scene.",9,34.03702,-118.270348,224010,2012,2,,,,,,,0,
Nuro,3/12/24,8:20 PM,2022,Toyota,Prius,Intersection of Thompson Ave. and Alvin Street,Mountain View,Santa Clara,94043,Moving,None,1,Minor,Conventional,Clear ,Dusk-Dawn,Dry ,No Unusual Conditions,Making Left Turn,Other ,Hit Object,Compact Car,Intersection,Vehicle 1 ,0,None,"On Tuesday, March 12th, a Nuro Prius vehicle operating in manual was turning left from Alvin Street onto Thompson Ave in Mountain View, California. The Prius vehicle bumped the medium and knocked over a white pylon. The vehicle had minor damage and no injuries were reported. No other vehicles or VRUs were involved. Law enforcement was not involved. ",1,37.421865,-122.070895,504601,1007,1,,,,,,,0,
B,3/14/24,2:42 PM,2021,Jaguar,I-Pace,S Figueroa Street at 7th Street,Los Angeles,Los Angeles,90017,Stopped in Traffic,Moving ,2,Minor ,Autonomous,Clear ,Daylight,Dry ,No Unusual Conditions,Stopped,Passing Other Vehicle,Side Swipe,Mid-sized Car,Intersection,Vehicle 2,0,None,"On March 14, 2024 at 2:42 PM PT a Waymo Autonomous Vehicle (“Waymo AV”) operating in Los Angeles, California was in a collision involving a passenger car on S Figueroa Street at 7th Street. The Waymo AV was traveling northeast on S Figueroa Street in the lane adjacent to the rightmost, bus-only lane. As the Waymo AV approached the intersection with 7th Street, it came to a stop behind another vehicle stopped in traffic. As a passenger car was passing the Waymo AV in the bus lane to the right of the Waymo AV, the passenger car made contact with the passenger side of the Waymo AV. At the time of the impact, the Waymo AV’s Level 4 ADS was engaged in autonomous mode. The Waymo AV sustained damage and the passenger car left the scene.Waymo is reporting this crash under Request No. 2 of Standing General Order 2021-01. ",11,34.049386,-118.259849,207711,1006,1,,,,,,,0,
A,3/18/24,4:46 PM,2017,Toyota,Highlander ,On 3rd Avenue at S Norfolk St,San Mateo,San Mateo,94401,Stopped in Traffic,Moving,2,None,Conventional,Clear,Daylight,Dry ,No Unusual Conditions,Stopped ,Proceeding Straight,Rear End,Mid-sized Car,Street,Vehicle 2,0,None,"A Zoox vehicle (Vehicle 1), operating in manual mode, was traveling northeast on 3rd Avenue toward Norfolk St in San Mateo. The Zoox vehicle was stopped in the right through lane behind traffic for a red traffic signal, when it was rear ended by a passenger car (Vehicle 2) that was traveling directly behind. There was no visible damage to either vehicle and the police were not called. The safety operator of the Zoox vehicle reported back pain a few days after the collision. Zoox vehicle camera footage shows that the driver of the passenger car may not have been looking ahead at the roadway prior to and at the time of contact.",0,37.573177,-122.311307,607701,2008,2,,,,,,,0,
B,3/19/24,7:18 AM,2024,Jaguar,I-Pace,Division Street at 9th Street,San Francisco,San Francisco,94103,Moving ,Moving ,2,Minor ,Autonomous,Cloudy,Daylight,Dry,No Unusual Conditions,Proceeding Straight,Proceeding Straight,Rear End,Mid-sized Car,Intersection,Vehicle 2,0,None,"On March 19, 2024 at 7:18 AM PT a Waymo Autonomous Vehicle (""Waymo AV"") operating in San Francisco, California was in a collision involving a passenger car on Division Street at 9th Street. The Waymo AV was traveling west on Division Street after having stopped at the stop sign at Vermont Street and was approaching the intersection with 9th Street when a passenger car approached from behind the Waymo AV, ran the stop sign at Vermont Street, and made contact with the rear of the Waymo AV. The front of the passenger car made continuous contact with the rear of the Waymo AV while both vehicles were still in motion for a short period of time before the passenger car slowed down and separated from the AV. The Waymo AV proceeded through the intersection with 9th Street and came to a stop on Division Street west of the intersection with 9th Street. The passenger car then accelerated and the front right corner of the passenger car made contact with the rear left corner of the stationary Waymo AV. At the time of the impact, the Waymo AV's Level 4 ADS was engaged in autonomous mode. Both vehicles sustained damage.","7, 8, 9",37.77005,-122.407001,017700,1002,1,,,,,,,0,
B,3/22/24,8:00 PM,2024,Jaguar,I-Pace,Church Street at Market Street,San Francisco,San Francisco,94114,Stopped in Traffic,Moving,2,Minor,Autonomous,Raining,Dark - Street Lights,Wet,No Unusual Conditions,Stopped ,Proceeding Straight,Rear End,Mid-sized Car,Intersection,Vehicle 2,0,None,"On March 22, 2024 at 10:00 PM PT a Waymo Autonomous Vehicle (""Waymo AV"") operating in San Francisco, California was in a collision involving a passenger car near the 200 block of Church Street before Market Street. The Waymo AV was traveling north on Church Street towards the intersection with Market Street when it came to a stop behind an SUV which was stopped in-lane to load passengers. Another SUV approached from behind the Waymo AV and came to a stop. The lead SUV finished loading passengers and proceeded forward to the stop line at Market Street, and the Waymo AV proceeded forward as well. The trailing SUV proceeded forward and the front of the SUV made contact with the rear of the Waymo AV.  At the time of the impact, the Waymo AV's Level 4 ADS was engaged in autonomous mode. The Waymo AV sustained damage and the SUV left the scene.","8, 9",37.767503,-122.428949,020300,3000,3,,,,,,,0,
B,3/28/24,7:30 AM,2021,Jaguar,I-Pace,Louisiana Avenue at Kerwood Avenue,Los Angeles,Los Angeles,90025,Moving,Stopped in Traffic,2,Minor,Autonomous,Clear ,Daylight,Dry ,No Unusual Conditions,Making Left Turn,Parked,Side Swipe,Mid-sized Car,Intersection,Vehicle 1 ,0,None,"On March 28, 2024 at 7:30 AM PT a Waymo Autonomous Vehicle (“Waymo AV”) operating in Los Angeles, California was in a collision involving a passenger car on Louisiana Avenue at Kerwood Avenue. While making a tight left turn from southbound Kerwood Avenue onto northeastbound Louisiana Avenue, the Waymo AV made contact with the driver side of a parked passenger car. At the time of the impact, the Waymo AV’s Level 4 ADS was engaged in autonomous mode, and a test driver was present (in the driver’s seating position). Both vehicles sustained damage.",15,34.052614,-118.419824,267102,1016,1,,,,,,,0,
B,3/30/24,1:33 AM,2021,Jaguar,I-Pace,Jerrold Avenue at Barneveld Avenue,San Francisco,San Francisco,94124,Stopped in Traffic,Moving,2,Minor ,Autonomous,Raining,Dark - Street Lights,Wet,No Unusual Conditions,Stopped ,Xing into Opposing Lane,Rear End,Mid-sized Car,Intersection,Vehicle 2,0,None,"On March 30, 2024 at 1:33 AM PT, a Waymo Autonomous Vehicle (""Waymo AV"") operating in San Francisco, California was in a collision involving an SUV on Jerrold Avenue at Barneveld Avenue.The Waymo AV was stopped at a stop sign on Jerrold Avenue and yielding to a pickup truck that was in the intersection making a left turnfrom Barneveld Avenue onto Jerrold Avenue when the front right corner of the SUV, which was traveling behind the Waymo AV, madecontact with the rear left corner of the Waymo AV. At the time of the impact, the Waymo AV's Level 4 ADS was engaged in autonomousmode. Both vehicles sustained damage.",7,37.746334,-122.402698,980900,1030,1,,,,,,,0,
A,4/2/24,7:25 AM,2023,Zoox,AV,3rd Avenue toward Foster City Blvd ,Foster City,San Mateo ,94404,Moving,None,1,Moderate,Autonomous,Clear ,Dusk-Dawn,Dry ,Loose Material on Roadway,Proceeding Straight,Other ,Hit Object,Mid-sized Car,Street,Vehicle 1 ,0,None,"A Zoox vehicle in autonomy, traveling westbound on 3rd Avenue toward Foster City Blvd in Foster City drove over an in-lane utility valve box with a displaced valve cover. The Zoox vehicle sustained damage to the undercarriage. There were no reported injuries and police were not called.",19,37.570736,-122.280166,608025,3001,3,36.1,2392,337,0,1588,127,340,141157
B,4/11/24,10:14 AM,2021,Jaguar,I-Pace,Vallejo Street at Stockton Street,San Francisco,San Francisco,94133,Stopped in Traffic,Moving ,2,Minor ,Conventional,Clear ,Daylight,Dry ,No Unusual Conditions,Backing,Making Left Turn,Side Swipe,Truck/Bus,Intersection,Vehicle 2,0,None,"On April 11, 2024 at 10:14 AM PT a Waymo Autonomous Vehicle (""Waymo AV"") operating in San Francisco, California was in a collision involving a heavy truck on Vallejo Street at Stockton Street. The Waymo AV was traveling westbound on Vallejo Street and stopped at a red light. A heavy truck was turning left onto Vallejo Street from Stockton Street. As the heavy truck approached, the Waymo AV started to slowly reverse to make more space. The test driver transitioned to manual, and the driver’s side of the heavy truck and the driver's side front corner of the Waymo AV made contact. The heavy truck left the scene. At the time of the impact, the Waymo AV was not engaged and a test driver was operating the Waymo AV in manual mode. The Waymo AV sustained damage.",1,37.79857,-122.408808,010701,2001,2,,,,,,,0,
B,4/13/24,3:35 PM,2021,Jaguar,I-Pace,Bayshore Boulevard at Boutwell Street,San Francisco,San Francisco,94124,Moving ,Stopped in Traffic,2,Moderate,Autonomous,Cloudy,Daylight,Dry ,No Unusual Conditions,Proceeding Straight,Stopped,Other,Truck/Bus,Street,Vehicle 2,0,None,"On April 13, 2024 at 3:35 PM PT a Waymo Autonomous Vehicle (""Waymo AV"") operating in San Francisco, California was in a collision involving a pickup truck on Bayshore Boulevard near Boutwell Street. The Waymo AV was traveling southbound on Bayshore Boulevard in the far right lane when it passed a pickup truck that was stopped in the bike lane. As the Waymo passed the pickup truck, the driver of the pickup truck opened the driver’s side door and the door made contact with the Waymo’s passenger side wing mirror and rear right sensor housing.  At the time of the impact, the Waymo AV's Level 4 ADS was engaged in autonomous mode, and a test driver was present (in the driver's seating position). The Waymo AV sustained damage.","10, 14",37.729357,-122.402751,023001,3006,3,,,,,,,0,
A,4/17/24,5:20 PM,2019,Toyota,Highlander ,On Folsom St at 21st St,San Francisco,San Francisco,94110,Moving ,None,1,Minor ,Conventional,Clear ,Daylight,Dry ,No Unusual Conditions,Making Left Turn,Other ,Hit Object,Mid-sized Car,Intersection,Vehicle 1,0,None,"A Zoox vehicle, operating in manual mode, was traveling north on Folsom Street, preparing to turn left onto 21st Street in San Francisco when the front wheel on the driver's side rode over a traffic island to the left side of the Zoox vehicle. The sidewall of the tire was damaged as a result of the interaction. There were no reported injuries and the police were not called.",2,37.803958,-122.417967,010300,1006,1,50.7,1077,702,0,277,91,7,0
Pony.ai,4/23/24,5:05 PM,2019,Lincoln,MKZ,Lakeview Blvd and Gateway Blvd,Fremont,Alameda,94538,Moving ,None,1,None,Autonomous,Clear ,Daylight,Dry ,No Unusual Conditions,Making Right Turn,Other,Other,Mid-sized Car,Intersection,Vehicle 1,0,None,"On April 23, 2024, a Pony.ai autonomous vehicle (AV) scraped a curb on Lakeview Blvd near the intersection of Lakeview Blvd & Gateway Blvd in Fremont, CA. The vehicle was operating in supervised autonomous (""Drivered"") mode. There were no other vehicles, pedestrians, or road users involved.Following the incident, the safety operator promptly drove the AV, in manual mode, to Pony.ai's Fremont office. There were no injuriesreported, and the police were not called.",0,37.477449,-121.935624,441503,2051,2,,,,,,,0,
A,4/28/24,12:51 PM,2019,Toyota,Highlander ,Intersection of 11th and Bryant St,San Francisco,San Francisco,94103,Moving ,Moving ,2,Minor ,Conventional,Clear ,Daylight,Dry ,No Unusual Conditions,Proceeding Straight,Proceeding Straight,Rear End,Two-Wheels,Intersection,Vehicle 2,0,None,"A Zoox vehicle (Vehicle 1) in autonomy was stopped at a red light in the right travel lane on southbound 11th Street at the intersection with Bryant/Division Streets in San Francisco. After the light turned green, the Zoox vehicle entered the intersection and began bearing right onto southbound Bryant Street when a lane-splitting motorcycle (Vehicle 2) operator maneuvered around other traffic and quickly came up on the rear of the Zoox vehicle, traversing laterally in lane from the left to the right side of the Zoox vehicle. The Zoox vehicle braked and then the Zoox vehicle operator disengaged. The motorcycle then struck the passenger’s side of the rear bumper and quarter panel on the Zoox vehicle and the motorcycle and its operator fell to the ground. The motorcycle operator appeared to have scraped his hands, but declined medical attention. The motorcycle sustained minor damage to the fairing, left side mirror, and front and rear left turn signal lens and the Zoox vehicle did not sustain damage. The motorcycle operator left the scene without exchanging their information. The police were not called.","9, 10",37.775678,-122.412131,017803,1000,1,,,,,,,0,
B,5/8/24,11:16 PM,2024,Jaguar,I-Pace,I-280 Junipero Serra FWY between exits 49B and 51,San Francisco,San Francisco,94112,Moving ,None,1,Minor,Conventional,Clear ,Dark - Street Lights,Dry ,No Unusual Conditions,Proceeding Straight,Other,Hit Object,Mid-sized Car,Highway/Freeway,Vehicle 1 ,0,None,"On May 8, 2024 at 11:16 PM PT a Waymo Autonomous Vehicle (“Waymo AV”) operating in San Francisco, California was in a collision involving a wild animal (raccoon) on Interstate 280 Junipero Serra Freeway between exits 49B and 51. The Waymo AV was traveling eastbound on Interstate 280 in autonomous mode when a raccoon ran into the roadway from the left side of the highway in front of the Waymo AV. The Waymo AV test driver transitioned to manual mode shortly before the front driver’s side of the Waymo AV made contact with the raccoon. At the time of the impact, the Waymo AV’s Level 4 ADS was not engaged and a test driver was operating the Waymo AV in manual mode. The Waymo AV sustained damage.","1, 18",37.805444,-122.405978,010101,2011,2,37.5,1337,429,17,714,139,38,56050
B,5/13/24,12:58 AM,2021,Jaguar,I-Pace,Interstate 10 East between Exit 2 and Exit 3A,Los Angeles,Los Angeles,90064,Moving,Moving ,2,Moderate,Autonomous,Cloudy,Dark - No Street Lights,Dry ,No Unusual Conditions,Proceeding Straight,Changing Lanes,Rear End,Mid-sized Car,Highway/Freeway,Vehicle 2,0,None,"On May 13, 2024 at 12:58 AM PT a Waymo Autonomous Vehicle (""Waymo AV"") operating in Los Angeles, CA was in a collision involving a passenger car on eastbound Interstate 10 between Exit 2 and Exit 3A. The Waymo AV was traveling with a test driver present behind a box truck in the number 3 lane of eastbound Interstate 10 near the Bundy Drive overpass when a passenger car traveling at a high rate of speed approached the Waymo AV from behind. The passenger car partially entered the number 2 lane as the front right corner of the passenger car made contact with the rear left corner of the Waymo AV. The passenger car then made contact with the center median and came to a stop. The Waymo AV was transitioned into manual mode, and the test driver stopped the Waymo AV to the right-hand shoulder. At the time of the impact, the Waymo AV's Level 4 ADS was engaged in autonomous mode, and a test driver was present (in the driver’s seating position). Both vehicles sustained damage.","7, 6",34.05158,-118.24209,207400,1031,1,31.4,2122,417,313,496,862,24,72750
Pony.ai,5/15/24,3:25 PM,2019,Lincoln,MKZ,"Auto Mall Pkwy, Auto Mall Pkwy & Grimmer Blvd",Fremont,Alameda,94538,Moving,None,2,Minor ,Autonomous,Clear ,Daylight,Dry,No Unusual Conditions,Proceeding Straight,Other,Side Swipe,Mid-sized Car,Intersection,Vehicle 1,0,None,"On May 15, 2024, the front right bumper of a Pony.ai autonomous vehicle (AV) scraped against a flexible plastic traffic pylon on Auto Mall Pkwy near the intersection of Auto Mall Pkwy & Grimmer Blvd, in Fremont, CA. The vehicle was operating in supervised autonomous (“Drivered”)  mode. There were no other vehicles, pedestrians, or road users involved.Following the incident, the safety operator pulled over in a safe location and confirmed there was only minor cosmetic damage to the front bumper of the AV. The safety operator then promptly drove the vehicle, in manual mode, to Pony.ai’s Fremont office. There were no injuries, and the police were not called.",15,37.509343,-121.962883,441503,2016,2,,,,,,,0,
B,5/17/24,11:45 PM,2024,Jaguar,I-Pace,I-280 North between Exits 54B and 55,San Francisco,San Francisco,94124,Moving,Moving,2,Minor ,Conventional,Cloudy,Daylight,Dry,No Unusual Conditions,Changing Lanes,Proceeding Straight,Side Swipe,Mid-sized Car,Highway/Freeway,Vehicle 2,0,None,"On May 17, 2024 at 11:45 AM PT a Waymo Autonomous Vehicle (""Waymo AV"") operating in San Francisco, California was in a collision involving a passenger car on Interstate 280 North between exits 54B and 55. The Waymo AV was traveling north on Interstate 280 in the rightmost lane in autonomous mode with a test driver seated in the driver's seated position when it approached a slow-moving heavy truck equipped with a truck-mounted light matrix displaying a yellow arrow indicating that traffic should merge to the left. The Waymo AV slowed down behind the heavy truck and the test driver transitioned the Waymo AV to manual mode. The test driver stopped the Waymo AV and activated the left turn signal. Several vehicles passed the Waymo AV on the left side before the test driver manually initiated a left lane change, and the front passenger side of a passenger car which was passing the Waymo AV on the left made contact with the front driver side of the Waymo AV. At the time of the impact, the Waymo AV's Level 4 ADS was not engaged and a test driver was operating the Waymo AV in manual mode.  Both vehicles sustained damage.",1,37.805565,-122.405492,010101,2011,2,37.5,1337,429,17,714,139,30,56050
B,5/20/24,3:02 AM,2021,Jaguar,I-Pace,14th Street at Folsom Street,San Francisco,San Francisco,94103,Stopped in Traffic,Moving ,2,Moderate,Autonomous,Clear ,Dark - No Street Lights,Dry ,No Unusual Conditions,Stopped ,Proceeding Straight,Broadside,Mid-sized Car,Intersection,Vehicle 2,0,None,"On May 20, 2024 at 3:02 AM PT a Waymo Autonomous Vehicle (“Waymo AV”) operating in San Francisco, California was in a collision involving a passenger car on 14th Street at Folsom Street. The Waymo AV was traveling east on 14th Street and came to a stop at a red light at the intersection with Folsom Street to prepare for a left turn. When the light turned green, the Waymo AV proceeded into the intersection. As it did so, a passenger car traveling southbound on Folsom Street at a high rate of speed entered the intersection against a red traffic light. The front of the passenger car made contact with the driver’s side of the Waymo AV. At the time of the impact, the Waymo AV’s Level 4 ADS was engaged in autonomous mode. Both vehicles sustained damage, and the passengers of the passenger car left the scene on foot. ","3, 4",37.768536,-122.415614,017700,2020,2,,,,,,,0,
Nuro,5/22/24,3:45 PM,2022,Toyota,Prius,Webster Street and Middlefield Road,Palo Alto ,Santa Clara,94303,Moving ,None,1,None,Conventional,Clear ,Daylight,Dry ,No Unusual Conditions,Backing,Other,Head On,Pedestrian ,Intersection,Vehicle 1,0,None,"On Wednesday, May 22, 2024 at approximately 3:45pm PST, a Nuro Prius operating in manual mode bumped a pedestrian at the
intersection of Webster Street and Middlefield Road in Palo Alto, California.

The Nuro Prius was in autonomous mode when it approached the intersection and came to a stop at the stop bar on Webster Street. It is
a two-way stop with the traffic on Middlefield having right of way. The Nuro Prius nudged forward due to an occlusion.The Nuro operator judged the nudging to be too far and disengaged autonomous mode to reverse in manual. When reversing, the operator bumped a pedestrian crossing the street behind the Nuro Prius. 

The pedestrian was not injured and after speaking with the operator, left the scene without providing additional information. There was no damage to the vehicle and law enforcement was not involved.",0,37.434909,-122.1317,510900,1004,1,,,,,,,0,
A,5/30/24,4:02 PM,2023,Zoox,Sedan,Chess Drive approaching Foster City Blvd,Foster City,San Mateo,94404,Moving ,Moving ,2,Moderate,Autonomous,Clear ,Daylight,Dry ,No Unusual Conditions,Proceeding Straight,Entering Traffic,Side Swipe,Mid-sized Car,Street,Vehicle 2,0,None,"A Zoox vehicle (Vehicle 1) in autonomy was traveling westbound on Chess Drive in Foster City when a parallel-parked passenger car (Vehicle 2) abruptly entered the Zoox vehicle’s travel lane from a parking space in the right parking lane without yielding or activating a turn signal. Vehicle 2 made contact with the right front side and wheel of the Zoox vehicle, and the Zoox vehicle made contact with the driver side door and left front tire/wheel well of the passenger car. Both vehicles sustained moderate damage and the Zoox vehicle was towed from the scene. There were no injuries and police were not called.","15, 16, 19",37.56531,-122.274467,608025,3008,3,36.1,2392,337,0,1588,127,274,141157
B,6/3/24,4:54 PM,2021,Jaguar,I-Pace,Admiralty Way at Bali Way,Mariana Del Rey,Los Angeles,90292,Moving ,Moving ,2,Minor ,Autonomous,Cloudy,Daylight,Dry ,No Unusual Conditions,Making Left Turn,Making Left Turn,Side Swipe,Mid-sized Car,Intersection,Vehicle 2,0,None,"On June 3, 2024 at 4:54 PM PT a Waymo Autonomous Vehicle (“Waymo AV”) operating in Marina Del Rey, California was in a collision involving a passenger car on Admiralty Way at Bali Way. The Waymo AV was making a left turn from the rightmost dedicated left turn lane on Admiralty Way into lane two of three lanes in the eastbound direction of Bali Way. A passenger car was also making a left turn from the leftmost dedicated left turn lane (leftmost lane). The passenger car had made the turn onto Bali Way and was partially in the number 1 lane (leftmost) and partially in the number 2 lane (middle) when the front passenger side of the passenger car made contact with the rear driver side of the Waymo AV, which was traveling in the number 2 lane (middle). At the time of the impact, the Waymo AV’s Level 4 ADS was engaged in autonomous mode, and a test driver was present (in the driver’s seating position). Both vehicles sustained damage.",6,33.982011,-118.441711,702900,4006,4,,,,,,,0,
B,6/4/24,6:26 PM,2021,Jaguar,I-Pace,Lombard Street at Fillmore Street,San Francisco,San Francisco,94123,Stopped in Traffic,Moving ,2,Moderate,Autonomous,Clear ,Daylight,Dry ,No Unusual Conditions,Stopped ,Proceeding Straight,Rear End,Mid-sized Car,Street,Vehicle 2,0,None,"On June 4, 2024 at 6:26 PM PT  a Waymo Autonomous Vehicle (“Waymo AV”) operating in San Francisco, California was in a collision involving an SUV on Lombard Street at Fillmore Street. The Waymo AV was stopped in traffic for a red light on eastbound Lombard Street when an SUV traveling at a high rate of speed changed lanes and approached the Waymo AV from behind. The front of the SUV made contact with the rear of the Waymo AV. At the time of the impact, the Waymo AV’s Level 4 ADS was engaged in autonomous mode. Both vehicles sustained damage.","7, 8, 9",37.799842,-122.436046,012802,1000,1,,,,,,,0,
B,6/5/24,1:12 PM,2021,Jaguar,I-Pace,29th Avenue near Lawton Street,San Francisco,San Francisco,94122,Stopped in Traffic,Moving ,2,Minor ,Autonomous,Clear ,Daylight,Dry,No Unusual Conditions,Parked,Backing,Rear End,Mid-sized Car,Street,Vehicle 2,0,None,"On June 5, 2024 at 1:12 PM PT a Waymo Autonomous Vehicle (“Waymo AV”) operating in San Francisco, California was in a collision involving a passenger car on 29th Avenue near Lawton Street.The Waymo AV was parked at the curb on the right side of 29th Avenue when a passenger car in front of the Waymo AV began to reverse to parallel park. The passenger car’s rear driver side corner made contact with the front driver side corner of the parked Waymo AV. At the time of the impact, the Waymo AV’s Level 4 ADS was engaged in autonomous mode. The Waymo AV sustained damage.",18,37.758435,-122.487378,032700,4000,4,64.4,725,320,0,391,0,14,160096
WeRide,6/10/24,10:33 AM,2023,Nissan,Leaf,E San Carlos St & S 4th St,San Jose,Santa Clara,95112,Stopped in Traffic,Moving ,2,Moderate ,Autonomous,Clear ,Daylight,Dry ,No Unusual Conditions,Stopped ,Proceeding Straight,Rear End,Mid-sized Car,Intersection,Vehicle 2,0,None,"At approximately 10:33am, a WeRide vehicle (car 1) was stopped at a red traffic light on E San Carlos st. about to turn right on S 4th St. At this time a Toyota RAV4 (car 2) approached from behind traveling at a speed of (>10mph) and slammed into car 1's rear - causing damages to car 1. Car 1 sustained damages on rear bumper and rear sensors. Both parties pulled over to a safe location to exchange information. Car 2's driver didn't have an up-to-date registration card for the vehicle.",8,37.333003,-121.883929,500902,1000,1,,,,,,,0,
B,6/11/24,12:07 AM,2024,Jaguar,I-Pace,Maple Street at 10th Street,Santa Monica,Los Angeles,90405,Moving ,Stopped in Traffic,2,Minor,Autonomous,Clear ,Dark - Street Lights,Dry ,No Unusual Conditions,Entering Traffic,Parked,Rear End,Mid-sized Car,Street,Vehicle 1,0,None,"On June 11, 2024 at 12:07 AM PT a Waymo Autonomous Vehicle (""Waymo AV"") operating in Santa Monica, California was in a collision involving an SUV on Maple Street near 10th Street. The Waymo AV was maneuvering out of a curbside parallel parking space at the curb on the south side of Maple Street when the passenger side front corner of the Waymo AV made contact with the driver side back corner of an SUV parked in front of the AV. At the time of the impact, the Waymo AV's Level 4 ADS was engaged in autonomous mode. Both vehicles sustained damage.",16,34.008263,-118.476017,702201,5010,5,,,,,,,0,
WeRide,6/21/24,3:51 PM,2019,Nissan,Leaf,2656-2600 Northwestern Pkwy,Santa Clara,Santa Clara,95051,Moving ,Moving,2,Moderate,Conventional,Clear ,Daylight,Dry ,No Unusual Conditions,Making U Turn,Proceeding Straight,Side Swipe,Mid-sized Car,Intersection,Vehicle 2,0,None,"At 3:51pm, a WeRide vehicle (Car1) was attempting to make a u-turn at 6 mph on Northwestern parkway. During the u-turn maneuver, a white chevy cruze (Car 2) traveling at 23 mph, having just made a right turn off of Walsh Ave., approached from behind on northwestern parkway. Car 2 steered left just before the impact but still clipped the front left side bumper of Car 1 with its (car2's) right side. The damage sustained to Car 1 was on the front bumper, left side, and the damage sustained to Car 2 was on the right passenger's door. Both parties pulled over to exchange information. The other party vehicle owner (of car2), Sagardeep Singh. was not driving the vehicle but was seated in the front passenger seat and Gurdeep Singh was driving the vehicle at the time of accident.
There were no injuries reported and no emergency responders were called.","1, 18",37.37115,-121.97213,505202,2096,2,32.4,1781,360,0,510,776,135,108177